Feature ID	Taxon	Confidence
45b6647181e654120901aa7ce1cdff2c	k__Bacteria; p__Firmicutes; c__Bacilli; o__Lactobacillales; f__Streptococcaceae; g__Streptococcus	0.999999963869407
4c36c8f49b98aaf4f40feb670ddf1241	k__Bacteria; p__Firmicutes; c__Bacilli; o__Lactobacillales; f__Streptococcaceae; g__Streptococcus; s__salivarius	0.9081750744659596
d1ff3b3af7c615dd2d8355ec92f3ab94	k__Bacteria; p__Proteobacteria; c__Gammaproteobacteria; o__Pasteurellales; f__Pasteurellaceae; g__Haemophilus	0.7693489826624984
92f05e2564184bed69f5ae12a89e9b79	k__Bacteria; p__Bacteroidetes; c__Bacteroidia; o__Bacteroidales; f__Prevotellaceae; g__Prevotella; s__melaninogenica	0.9959270923261064
d7ffc279960f1c0b98e8eb0cae19143e	k__Bacteria; p__Firmicutes; c__Bacilli; o__Lactobacillales; f__Streptococcaceae; g__Streptococcus	0.9999999572583624
700414b6f32ae1482dd1b75ab4789759	k__Bacteria; p__Firmicutes; c__Bacilli; o__Gemellales; f__Gemellaceae	0.8372955400840294
64709e2311a97bcacdb19c400182c519	k__Bacteria; p__Proteobacteria; c__Betaproteobacteria; o__Neisseriales; f__Neisseriaceae; g__Neisseria	0.9993449227157157
9f64b49595e080bf283ca646a18f7b4a	k__Bacteria; p__Firmicutes; c__Clostridia; o__Clostridiales; f__Veillonellaceae; g__Veillonella; s__dispar	0.7824339750928938
e8f63d2c25f9f03db40ef17d0cafa54e	k__Bacteria; p__Firmicutes; c__Bacilli; o__Lactobacillales; f__Carnobacteriaceae; g__Granulicatella	0.8502894596977455
c2d1b01fb113a31b9aedd821a48dabd1	k__Bacteria; p__Firmicutes; c__Bacilli; o__Lactobacillales; f__Streptococcaceae; g__Streptococcus	0.99999998060835
90acb141c9db37919de356dd87320402	k__Bacteria; p__Fusobacteria; c__Fusobacteriia; o__Fusobacteriales; f__Fusobacteriaceae; g__Fusobacterium	0.9999239804315677
6393caba0dde24079cca1bb2f1b0a93c	k__Bacteria; p__Actinobacteria; c__Actinobacteria; o__Actinomycetales; f__Micrococcaceae; g__Rothia; s__mucilaginosa	0.9780052210263881
4d3c3cd52a2bdf54a827e95643e2a992	k__Bacteria; p__Firmicutes; c__Negativicutes; o__Selenomonadales; f__Veillonellaceae; g__Veillonella; s__parvula	0.8454748893588272
9807faccad1e829a5d71450220b211bf	k__Bacteria; p__Actinobacteria; c__Actinobacteria; o__Actinomycetales; f__Actinomycetaceae; g__Actinomyces; s__sp._oral_taxon_180	0.9318421564289358
9101d5b2b47a1a55a147ddb369938fda	k__Bacteria; p__Actinobacteria; c__Actinobacteria; o__Actinomycetales; f__Actinomycetaceae; g__Actinomyces; s__graevenitzii	0.9999603611350599
f75286215545d03b5e849f6c8737fb37	k__Bacteria; p__Actinobacteria; c__Actinobacteria; o__Actinomycetales; f__Micrococcaceae; g__Rothia; s__mucilaginosa	0.8951310996820919
5065ee431ecd4d40b67abc23af2710b5	k__Bacteria; p__Bacteroidetes; c__Bacteroidia; o__Bacteroidales; f__Prevotellaceae; g__Prevotella	0.9999999999999925
a0e599dd22189b50ab3ba7dcb38ad388	k__Bacteria; p__Bacteroidetes; c__Bacteroidia; o__Bacteroidales; f__Prevotellaceae; g__Prevotella	0.9999999999999973
e25cf510baa6b716ced8c3949146cb27	k__Bacteria; p__Fusobacteria; c__Fusobacteriia; o__Fusobacteriales; f__Leptotrichiaceae; g__Leptotrichia; s__sp._oral_taxon_417	0.7214633735843711
13aa74c350e5530b4ef196d3128bacc4	k__Bacteria; p__Actinobacteria; c__Actinobacteria; o__Actinomycetales; f__Actinomycetaceae; g__Actinomyces; s__sp._oral_taxon_180	0.7933868954844904
3e93cbd3d9b47bf0c96c7bcbfc49b99e	k__Bacteria; p__Firmicutes; c__Bacilli; o__Lactobacillales; f__Streptococcaceae; g__Streptococcus	0.9999977101083574
c7f469b4c24690daa6b360e1297b9361	k__Bacteria; p__Bacteroidetes; c__Bacteroidia; o__Bacteroidales; f__Prevotellaceae; g__Alloprevotella; s__sp._oral_taxon_308	0.8643974610541377
08a80c2588bc9121db2f2fd96382f225	k__Bacteria; p__Bacteroidetes; c__Bacteroidia; o__Bacteroidales; f__Prevotellaceae; g__Prevotella; s__salivae	0.9999942704866103
a47e71608461c649a855b15bbd6fb0de	k__Bacteria; p__Bacteroidetes; c__Bacteroidia; o__Bacteroidales; f__Porphyromonadaceae; g__Porphyromonas; s__sp._oral_taxon_279	0.9755560494536604
669b52db3057999401c70166473910eb	k__Bacteria; p__Actinobacteria; c__Coriobacteriia; o__Coriobacteriales; f__Coriobacteriaceae; g__Atopobium; s__	0.9097887991808691
497c4ce5804e46f74e506bc48cefd6c2	k__Bacteria; p__Firmicutes; c__Negativicutes; o__Selenomonadales; f__Veillonellaceae; g__Veillonella	0.7979487641333818
5e35345dd1a79e31e4758572175cbdf5	k__Bacteria; p__Actinobacteria; c__Actinobacteria; o__Actinomycetales; f__Micrococcaceae; g__Rothia; s__mucilaginosa	0.8910944745614715
d7f5960a75348ba5ea6a864144b76624	k__Bacteria; p__Actinobacteria; c__Actinobacteria; o__Actinomycetales; f__Micrococcaceae; g__Rothia; s__dentocariosa	0.9997288591625533
2840dd2f3d87415bfc93c181f662f117	k__Bacteria; p__Bacteroidetes; c__Bacteroidia; o__Bacteroidales; f__Prevotellaceae; g__Prevotella; s__melaninogenica	0.9942280957914265
3fc86176b5b0c7e9e7fdd6afdd43bee8	k__Bacteria; p__Bacteroidetes; c__Bacteroidia; o__Bacteroidales; f__Prevotellaceae; g__Prevotella; s__nanceiensis	0.9999999780664697
4d150ef6e3c1a480133142104166bb63	k__Bacteria; p__Firmicutes; c__Negativicutes; o__Selenomonadales; f__Veillonellaceae; g__Megasphaera; s__micronuciformis	0.9562027515488021
a27d13b4fa0da6ce21dc08916e4d6e2f	k__Bacteria; p__Proteobacteria; c__Gammaproteobacteria; o__Pasteurellales; f__Pasteurellaceae; g__Aggregatibacter; s__segnis	0.8493012379216311
84e1afa220dfaed1fcd795c5a5906402	k__Bacteria; p__Bacteroidetes; c__Bacteroidia; o__Bacteroidales; f__Prevotellaceae; g__Alloprevotella; s__sp._oral_taxon_473	0.999987758083363
164682b470d1a82bc71dbafcc5e98abc	k__Bacteria; p__Bacteroidetes; c__Bacteroidia; o__Bacteroidales; f__Prevotellaceae; g__Prevotella; s__pallens	0.9999836424999317
28201b2549aa242bc47394d315903e21	k__Bacteria; p__Bacteroidetes; c__Bacteroidia; o__Bacteroidales; f__Prevotellaceae; g__Alloprevotella; s__sp._oral_taxon_914	0.8643814587480841
6595b90330a196abee043dc4bd66bb75	k__Bacteria; p__Firmicutes; c__Clostridia; o__Clostridiales; f__Peptostreptococcaceae_[XI]; g__Peptostreptococcus; s__stomatis	0.9307423602487593
f4640886b999098183feb807e5853718	k__Bacteria; p__Actinobacteria; c__Actinobacteria; o__Actinomycetales; f__Micrococcaceae; g__Rothia; s__mucilaginosa	0.989028838052802
6dafdaa45824ee20528968e24fd75c4a	k__Bacteria; p__Bacteroidetes; c__Bacteroidia; o__Bacteroidales; f__Prevotellaceae; g__Prevotella; s__melaninogenica	0.7910125218039008
a20c343808b9a59137a3ebe7b53a59a3	k__Bacteria; p__Proteobacteria; c__Betaproteobacteria; o__Neisseriales; f__Neisseriaceae; g__Neisseria	0.9992937802238062
2c84cd5dc3d2a648598b41ad332ebb0c	k__Bacteria; p__Fusobacteria; c__Fusobacteriia; o__Fusobacteriales; f__Fusobacteriaceae; g__Fusobacterium; s__nucleatum_subsp._vincentii	0.8923761053476534
1b5035fcb76ea88a13bd1f5fdf62ac0b	k__Bacteria; p__Firmicutes; c__Clostridia; o__Clostridiales; f__Lachnospiraceae_[XIV]; g__Lachnospiraceae_[G-2]; s__sp._oral_taxon_096	0.9998669831163141
4af9096c96276a92acf64e719fb066ce	k__Bacteria; p__Proteobacteria; c__Betaproteobacteria; o__Burkholderiales; f__Burkholderiaceae; g__Lautropia; s__	0.9379135303432687
57874b1673194bc615c0fb1e21f6b185	k__Bacteria; p__Firmicutes; c__Clostridia; o__Clostridiales; f__Lachnospiraceae_[XIV]; g__Stomatobaculum; s__sp._oral_taxon_097	0.9999441250471657
93ce1df4279f5632946eaa3acb062188	k__Bacteria; p__Firmicutes; c__Clostridia; o__Clostridiales	0.9999999999999487
153618ea6f130b6d5ada1c4eb51fdf56	k__Bacteria; p__Bacteroidetes; c__Bacteroidia; o__Bacteroidales; f__Porphyromonadaceae; g__Porphyromonas; s__endodontalis	0.9654059381198824
343fcdd806fecc1010a13ae5bb61f782	k__Bacteria; p__Proteobacteria; c__Gammaproteobacteria; o__Pasteurellales; f__Pasteurellaceae; g__Haemophilus	0.9938934881203535
121041944368eb7b79d9ea0e9b6d288c	k__Bacteria; p__Proteobacteria; c__Gammaproteobacteria; o__Pasteurellales; f__Pasteurellaceae; g__Aggregatibacter; s__	0.7993863690227008
ab168bfbcaa2e7561289c34174208896	k__Bacteria; p__Actinobacteria; c__Actinobacteria; o__Corynebacteriales; f__Corynebacteriaceae; g__Corynebacterium; s__matruchotii	0.9945928539681288
df971315576c3c43de3fe8fcc6e3143e	k__Bacteria; p__Bacteroidetes; c__Bacteroidia; o__Bacteroidales; f__Prevotellaceae; g__Prevotella; s__nanceiensis	0.9999997870970332
d9200f9d884faec9320e36d626d9c067	k__Bacteria; p__Actinobacteria; c__Actinobacteria; o__Actinomycetales; f__Actinomycetaceae; g__Actinomyces	0.9999999969317798
6885cbab9ea7d2c1478ab053af984914	k__Bacteria; p__Firmicutes; c__Clostridia; o__Clostridiales	0.9999999999998197
13fb2ef09d9b93e8de68ed22af864f18	k__Bacteria; p__Firmicutes; c__Clostridia; o__Clostridiales; f__Lachnospiraceae_[XIV]; g__Lachnoanaerobaculum; s__orale	0.888695854777736
be517239abfe57d3f828fc1b9846be9f	k__Bacteria; p__Firmicutes; c__Clostridia; o__Clostridiales; f__Lachnospiraceae_[XIV]; g__Lachnoanaerobaculum; s__umeaense	0.9767663601768471
6c6e6592b91fed78c0f9e53f541f5e4e	k__Bacteria; p__Bacteroidetes; c__Bacteroidia; o__Bacteroidales; f__Prevotellaceae; g__Prevotella; s__nigrescens	0.999999912989683
d2a611d8acdd9d44e180a9c408afb006	k__Bacteria; p__Bacteroidetes; c__Bacteroidia; o__Bacteroidales; f__Prevotellaceae; g__Prevotella; s__melaninogenica	0.9725815924912401
f954084122b893907636934399e518d7	k__Bacteria; p__Fusobacteria; c__Fusobacteriia; o__Fusobacteriales; f__Leptotrichiaceae; g__; s__	0.9997950252414138
a46071b81db4ced3c1ec35bf92b0c01c	k__Bacteria; p__Proteobacteria; c__Gammaproteobacteria; o__Pasteurellales; f__Pasteurellaceae	0.9999999999998397
cb64b9dec6aae12a5e94d7db191c2142	k__Bacteria; p__Fusobacteria; c__Fusobacteriia; o__Fusobacteriales; f__Leptotrichiaceae; g__Leptotrichia; s__sp._oral_taxon_221	0.999908663169486
5cb714f4957b95f9a5e219280c84028c	k__Bacteria; p__Proteobacteria; c__Epsilonproteobacteria; o__Campylobacterales; f__Campylobacteraceae; g__Campylobacter; s__concisus	0.871478603878616
a6ae5d1fb3fa27a72d6ea96dbf4373d2	k__Bacteria; p__Firmicutes	0.9999999999976124
574a81e8316fd3f7e845f85ffbe8df54	k__Bacteria; p__Bacteroidetes; c__Bacteroidia; o__Bacteroidales; f__Prevotellaceae; g__Prevotella; s__intermedia	0.9999997496455564
c157ac1156292ef9b0ea73331dc96112	k__Bacteria; p__Bacteroidetes; c__Bacteroidia; o__Bacteroidales; f__Prevotellaceae; g__Prevotella; s__pallens	0.9999735283845262
d60db5d8226f035b4d89fe8b4b49f385	k__Bacteria; p__Actinobacteria; c__Actinobacteria; o__Actinomycetales; f__Micrococcaceae; g__Rothia; s__aeria	0.9804489806948854
6f3da9a32524f8e93ab4d71f480a3e00	k__Bacteria; p__Firmicutes; c__Bacilli; o__Lactobacillales; f__Carnobacteriaceae; g__Granulicatella	0.9536314819386937
d674bd492c8ee15e6fc5ff92971db569	k__Bacteria; p__Actinobacteria; c__Actinobacteria	0.9999999999999931
34d2624becb07cbce6f1a4e6f816651e	k__Bacteria; p__Proteobacteria; c__Betaproteobacteria; o__Neisseriales; f__Neisseriaceae; g__Neisseria	0.9242865576639822
b9acce8396584e035a7b54d2e688bf0e	k__Bacteria; p__Firmicutes; c__Bacilli; o__Lactobacillales; f__Aerococcaceae; g__Abiotrophia	0.9970261101407458
13818452605b23521f6e4384a0ff6e29	k__Bacteria; p__Fusobacteria; c__Fusobacteriia; o__Fusobacteriales; f__Leptotrichiaceae; g__Leptotrichia; s__sp._oral_taxon_215	0.7997611124544679
bc61b6f00804edf5fb41b5372f34776c	k__Bacteria; p__Bacteroidetes; c__Bacteroidia; o__Bacteroidales; f__Porphyromonadaceae; g__Porphyromonas; s__gingivalis	0.9995724475500182
cb57004a30385ade6e84b9176e7973cc	k__Bacteria; p__Firmicutes; c__Clostridia; o__Clostridiales	0.9999999999992703
a61436c6f84c216f378944b309c45744	k__Bacteria; p__Bacteroidetes; c__Bacteroidia; o__Bacteroidales; f__[Paraprevotellaceae]; g__[Prevotella]; s__tannerae	0.9931353114003921
3405abb98df1d7f215329f13781c21e6	k__Bacteria; p__Firmicutes; c__Clostridia; o__Clostridiales; f__Peptostreptococcaceae_[XI]; g__Mogibacterium	0.9294204015927402
23256872916c3a83f65a085060e9eb60	k__Bacteria; p__Bacteroidetes; c__Bacteroidia; o__Bacteroidales; f__Prevotellaceae; g__Alloprevotella; s__rava	0.999628681599821
dbda07d2f4801fcd5b8f4a912a0ebbe8	k__Bacteria; p__Bacteroidetes; c__Flavobacteriia; o__Flavobacteriales; f__Flavobacteriaceae; g__Bergeyella; s__sp._oral_taxon_322	0.9714282303735827
af1a367211c27028b4d00cabc25a3df4	k__Bacteria; p__Proteobacteria; c__Betaproteobacteria; o__Neisseriales; f__Neisseriaceae	0.9999999999316634
784848faad3b491925958d2692d2d843	k__Bacteria; p__Fusobacteria; c__Fusobacteriia; o__Fusobacteriales; f__Fusobacteriaceae; g__Fusobacterium; s__sp._oral_taxon_203	0.7349029185488422
1c8175400f30ce0368598d5fefb30ff4	k__Bacteria; p__Firmicutes; c__Negativicutes; o__Selenomonadales; f__Veillonellaceae; g__Selenomonas	0.9984231269842675
b4f9fc0cfdd0b77a2ce353da5e5dd465	k__Bacteria; p__Firmicutes; c__Clostridia; o__Clostridiales; f__Veillonellaceae; g__Veillonella; s__dispar	0.8527972840409721
b4a10d5354119372e7bd81808c772053	k__Bacteria; p__Bacteroidetes; c__Bacteroidia; o__Bacteroidales; f__Prevotellaceae; g__Prevotella; s__melaninogenica	0.8711398919831074
a895080e8546e30849786faf7167afcf	k__Bacteria; p__Fusobacteria; c__Fusobacteriia; o__Fusobacteriales; f__Fusobacteriaceae; g__Fusobacterium; s__nucleatum_subsp._vincentii	0.723445948809671
2bbedc3b25db362781943fb22f014d73	k__Bacteria; p__Firmicutes; c__Clostridia; o__Clostridiales; f__Lachnospiraceae_[XIV]; g__Stomatobaculum; s__longum	0.8490310975978359
61eee29b6b3e78e72783e196d4cc2616	k__Bacteria; p__Proteobacteria; c__Gammaproteobacteria; o__Pasteurellales; f__Pasteurellaceae; g__Aggregatibacter	0.9867756800145109
5bc5bf8b81db1bb87ebfc98882464864	k__Bacteria; p__Actinobacteria; c__Actinobacteria; o__Actinomycetales; f__Actinomycetaceae; g__Actinomyces; s__lingnae_[NVP]	0.9726175672415531
c8d21934bd19fc3b59c8d55d8fb06f0c	k__Bacteria; p__SR1; c__SR1_[C-1]; o__SR1_[O-1]; f__SR1_[F-1]; g__SR1_[G-1]; s__sp._oral_taxon_875	0.9700853118870858
adc1b2577928090def878398b293382b	k__Bacteria; p__Fusobacteria; c__Fusobacteriia; o__Fusobacteriales; f__Leptotrichiaceae; g__Leptotrichia; s__sp._oral_taxon_221	0.9997992544969526
7ca76bb4a7b60b863207c8fd116f54f6	k__Bacteria; p__Firmicutes; c__Bacilli; o__Lactobacillales; f__Streptococcaceae; g__Streptococcus	0.9999999450646397
75622fce6c011cc8d3f82777bcd92971	k__Bacteria; p__Bacteroidetes; c__Bacteroidia; o__Bacteroidales; f__[Paraprevotellaceae]; g__[Prevotella]; s__tannerae	0.9517968089009228
64f686abcd52831065882facd239789f	k__Bacteria; p__Firmicutes; c__Clostridia; o__Clostridiales; f__Ruminococcaceae; g__Ruminococcaceae_[G-2]; s__sp._oral_taxon_085	0.9999999992096917
391141edbd2563d9297bb505b5e38b90	k__Bacteria; p__Firmicutes; c__Bacilli; o__Lactobacillales; f__Streptococcaceae; g__Streptococcus; s__anginosus	0.993401576904601
ba3dc6f9866e356f4a089bd2d278ded0	k__Bacteria; p__Bacteroidetes; c__Flavobacteriia; o__Flavobacteriales; f__Flavobacteriaceae; g__Capnocytophaga; s__leadbetteri	0.8341994063770203
518e9db3408fed8ed3e8fb0c62196291	k__Bacteria; p__Firmicutes; c__Clostridia; o__Clostridiales; f__Peptococcaceae; g__Peptococcus; s__sp._oral_taxon_167	0.9330553042529914
94c6a8c12f2145e67136e3083ca014d8	k__Bacteria; p__Firmicutes; c__Clostridia; o__Clostridiales; f__Lachnospiraceae_[XIV]; g__Oribacterium; s__parvum	0.9966990095874558
e697324e94aca760d238e6dbe3e2abb7	k__Bacteria; p__Firmicutes; c__Clostridia; o__Clostridiales; f__Peptostreptococcaceae; g__Filifactor; s__	0.9550049533359936
ae264b5ab00d17246866b1d1ac0cd9ef	k__Bacteria; p__Firmicutes; c__Clostridia; o__Clostridiales; f__Peptostreptococcaceae_[XI]; g__Peptostreptococcaceae_[XI][G-1]; s__[Eubacterium]_sulci	0.864336871762792
65f524ba77226eb5de3f2f7ecb76bffd	k__Bacteria; p__Firmicutes; c__Clostridia; o__Clostridiales; f__Ruminococcaceae; g__Ruminococcaceae_[G-1]; s__sp._oral_taxon_075	0.9999999997414903
fc33f0614fa5f862e5a791238450447b	k__Bacteria; p__Actinobacteria; c__Coriobacteriia; o__Coriobacteriales; f__Coriobacteriaceae; g__Atopobium	0.7716858927676855
af978ef649da7f2d94af8858c91967e8	k__Bacteria; p__Bacteroidetes; c__Bacteroidia; o__Bacteroidales; f__[Paraprevotellaceae]; g__[Prevotella]; s__tannerae	0.7294103765702246
768fb946ab0531b670d8c69c1f5cddd0	k__Bacteria; p__Fusobacteria; c__Fusobacteriia; o__Fusobacteriales; f__Fusobacteriaceae; g__Fusobacterium	0.9988223683895033
56b1d4385421c5889c7f7c4d8a483331	k__Bacteria; p__Bacteroidetes; c__Bacteroidia; o__Bacteroidales; f__Prevotellaceae; g__Prevotella; s__melaninogenica	0.9767215663270672
67ac4121c0696e31efe8d409390588f3	k__Bacteria; p__Bacteroidetes; c__Bacteroidia; o__Bacteroidales; f__Prevotellaceae; g__Prevotella; s__denticola	0.9969770520477267
cdec560d4591fae557a8ce91e89e1f85	k__Bacteria; p__Fusobacteria; c__Fusobacteriia; o__Fusobacteriales; f__Leptotrichiaceae; g__Leptotrichia; s__sp._oral_taxon_218	0.9989084813898984
eef850d9e8c3d4d7dda35c4782aa098e	k__Bacteria; p__Bacteroidetes; c__Bacteroidia; o__Bacteroidales; f__Prevotellaceae; g__Prevotella; s__shahii	0.9412873089646845
bb3ab32739d551c34776cfce30b46dd5	k__Bacteria; p__Firmicutes; c__Bacilli; o__Bacillales; f__Staphylococcaceae; g__Staphylococcus	0.9993006987127455
0d4a6849ca1fad9bebe8fc7b77878db8	k__Bacteria; p__Firmicutes; c__Clostridia; o__Clostridiales; f__Lachnospiraceae_[XIV]; g__Lachnospiraceae_[G-3]; s__sp._oral_taxon_100	0.9999999698283379
6c181fd4aa276ac04d07d9065a3849cf	k__Bacteria; p__Fusobacteria; c__Fusobacteriia; o__Fusobacteriales; f__Leptotrichiaceae; g__Leptotrichia	0.9999999999997289
f42e5ac832fef9588512f457deec9189	k__Bacteria; p__Bacteroidetes; c__Flavobacteriia; o__Flavobacteriales; f__[Weeksellaceae]; g__; s__	0.9997834302272272
b55017a42c4daedc0d2696149d12f895	k__Bacteria; p__Bacteroidetes; c__Bacteroidia; o__Bacteroidales; f__Prevotellaceae; g__Prevotella; s__melaninogenica	0.8070100708851091
2799f97acd478bf3518850ed5e1901dd	k__Bacteria; p__Proteobacteria; c__Epsilonproteobacteria; o__Campylobacterales; f__Campylobacteraceae; g__Campylobacter; s__rectus	0.724748564957915
ef42e16bc6d8a15e67374112ff5195a7	k__Bacteria; p__Proteobacteria; c__Betaproteobacteria; o__Neisseriales; f__Neisseriaceae; g__Neisseria	0.9915038047641577
289b2aa4db63a05b4c99031812f28963	k__Bacteria; p__Firmicutes; c__Clostridia; o__Clostridiales; f__Peptostreptococcaceae_[XI]; g__Peptostreptococcaceae_[XI][G-9]; s__[Eubacterium]_brachy	0.9999991932059785
b941d8dba594ff4dc80fc79c85f15223	k__Bacteria; p__Bacteroidetes; c__Bacteroidia; o__Bacteroidales; f__Prevotellaceae; g__Prevotella; s__sp._oral_taxon_396	0.9858503405309473
2298df0d837186d1e37d04120bfe79f6	k__Bacteria; p__Firmicutes	0.9999999999999684
73078263eaedb009791b7455a75fa5df	k__Bacteria; p__Bacteroidetes; c__Bacteroidia; o__Bacteroidales; f__Prevotellaceae; g__Prevotella	1.0000000000000002
f16b1a5cf9fa1ae2e845c0bdd3192b93	k__Bacteria; p__Bacteroidetes; c__Bacteroidia; o__Bacteroidales; f__Prevotellaceae; g__Prevotella; s__melaninogenica	0.9907067073992976
801e8b276c116ef6667abc326eafdc59	k__Bacteria; p__Firmicutes; c__Clostridia; o__Clostridiales; f__Lachnospiraceae_[XIV]; g__Oribacterium; s__asaccharolyticum	0.998276033798336
34ecd2f005e44256bd965c2f31a75c21	k__Bacteria; p__Firmicutes; c__Bacilli; o__Lactobacillales; f__Streptococcaceae; g__Lactococcus; s__	0.8694745987211543
fa7f03863469d8e821d5d1a55e36de02	k__Bacteria; p__Fusobacteria; c__Fusobacteriia; o__Fusobacteriales; f__Fusobacteriaceae; g__Fusobacterium	0.999883278538975
99b6647c91ce7aee54ad6bdefa822a5a	k__Bacteria; p__Spirochaetes; c__Spirochaetia; o__Spirochaetales; f__Spirochaetaceae; g__Treponema; s__denticola	0.988954658711262
fc2b06dab233c9ed8bf5a6bca7625fef	k__Bacteria; p__Proteobacteria; c__Gammaproteobacteria; o__Pasteurellales; f__Pasteurellaceae; g__Haemophilus	0.7728078309747728
71fc6ebdb34dc263623438f1191399a5	k__Bacteria; p__SR1; c__SR1_[C-1]; o__SR1_[O-1]; f__SR1_[F-1]; g__SR1_[G-1]; s__sp._oral_taxon_345	0.9999703304022474
8f86dd6a936db8ea5c560ecbb539b517	k__Bacteria; p__Bacteroidetes; c__Bacteroidia; o__Bacteroidales; f__Prevotellaceae; g__Prevotella; s__oris	0.9999542574824325
96d3f41868a14bf018df56cf4caf17ea	k__Bacteria; p__Bacteroidetes; c__Bacteroidia; o__Bacteroidales; f__Prevotellaceae; g__Prevotella; s__aurantiaca	0.832441647848393
80d8a965eb9335a252e6a750ecceca12	k__Bacteria; p__Proteobacteria; c__Betaproteobacteria; o__Neisseriales; f__Neisseriaceae; g__Neisseria	0.996224556221165
cbd66662f6d354d89370d3e01608f1c6	k__Bacteria; p__Cyanobacteria; c__Chloroplast; o__Streptophyta; f__; g__; s__	0.999999999941636
0b1ed94677aa086ca0216247b8c5f16b	k__Bacteria; p__Bacteroidetes; c__Bacteroidia; o__Bacteroidales; f__Prevotellaceae; g__Prevotella; s__intermedia	0.9999205524800103
c3edebe3297f22b44d24558557d81b5d	k__Bacteria; p__Proteobacteria; c__Betaproteobacteria; o__Neisseriales; f__Neisseriaceae; g__Neisseria; s__oralis	0.9997052714746352
d281722620fcdb38bef870fac3fe87d6	k__Bacteria; p__Proteobacteria; c__Gammaproteobacteria; o__Pseudomonadales; f__Moraxellaceae; g__Moraxella; s__	0.9936999558530246
31827db76f53d21e3a509c216f7566a8	k__Bacteria; p__Bacteroidetes; c__Bacteroidia; o__Bacteroidales; f__Prevotellaceae; g__Prevotella; s__sp._oral_taxon_304	0.9999963227023128
6120f6b01bcad182fd137165312d86ab	k__Bacteria; p__Firmicutes; c__Negativicutes; o__Selenomonadales; f__Veillonellaceae; g__Veillonella; s__sp._oral_taxon_780	0.8688692352508353
2d0246493ef66e763259452c62e24d24	k__Bacteria; p__Bacteroidetes; c__Bacteroidia; o__Bacteroidales; f__Prevotellaceae; g__Prevotella; s__aurantiaca	0.9956443082490535
2e23102f612c0d85531c691d9f1d3ef0	k__Bacteria; p__Bacteroidetes; c__Bacteroidia; o__Bacteroidales; f__Prevotellaceae; g__Prevotella; s__oris	0.99999609131411
e053fa86903ac6eeb7004cda84a652e1	k__Bacteria; p__Bacteroidetes; c__Flavobacteriia; o__Flavobacteriales; f__Flavobacteriaceae; g__Capnocytophaga; s__gingivalis	0.9788240230218128
81069257b22cadc0585aa9eb3ac9a62e	k__Bacteria; p__Proteobacteria; c__Gammaproteobacteria; o__Pasteurellales; f__Pasteurellaceae; g__Actinobacillus	0.9280980685009589
5a567ffd7290425baf385fd2d7fa253c	k__Bacteria; p__Firmicutes; c__Clostridia; o__Clostridiales; f__Lachnospiraceae_[XIV]; g__Catonella; s__morbi	0.957340745452915
31bcc6c4eb5f601405590b3d825b5c53	k__Bacteria; p__Bacteroidetes; c__Bacteroidia; o__Bacteroidales; f__Prevotellaceae; g__Prevotella; s__melaninogenica	0.8913402647647314
3d8c641a3ef1a97e5255f7107d142f94	k__Bacteria; p__Actinobacteria; c__Actinobacteria; o__Actinomycetales; f__Actinomycetaceae; g__Actinomyces; s__lingnae_[NVP]	0.8729379825452606
8450c05c7f3188f2eb86744bf542cf60	k__Bacteria; p__Proteobacteria; c__Betaproteobacteria; o__Neisseriales; f__Neisseriaceae; g__Neisseria	0.9885567864026071
31ceba68eb2aa926a3c6e0d2bb2eee69	k__Bacteria; p__Bacteroidetes; c__Bacteroidia; o__Bacteroidales; f__Bacteroidales_[F-2]; g__Bacteroidales_[G-2]; s__sp._oral_taxon_274	0.9999996724138892
cd20dd40c7a367a9e1109f31d9b66bcf	k__Bacteria; p__Fusobacteria; c__Fusobacteriia; o__Fusobacteriales; f__Fusobacteriaceae; g__Fusobacterium	0.9996419794480587
894980f0b0b76e73dc7374089550dc38	k__Bacteria; p__Actinobacteria; c__Actinobacteria; o__Bifidobacteriales; f__Bifidobacteriaceae; g__Scardovia; s__wiggsiae	0.9999828214445348
9de39e121d288da6395d69a0a69946dd	k__Bacteria; p__Fusobacteria; c__Fusobacteriia; o__Fusobacteriales; f__Leptotrichiaceae; g__Leptotrichia	0.9999999999990923
a78bcf67ce62c7cb75abea05bf049810	k__Bacteria; p__Firmicutes; c__Mollicutes; o__Mycoplasmatales; f__Mycoplasmataceae; g__Mycoplasma; s__faucium	0.7428078819795231
35637a8099c3342f7def0ada83364ad1	k__Bacteria; p__Proteobacteria; c__Gammaproteobacteria; o__Pasteurellales; f__Pasteurellaceae; g__Aggregatibacter	0.9923441833005906
4f011e2d281ebc7aa18fe9e0895bc7c0	k__Bacteria; p__Bacteroidetes; c__Bacteroidia; o__Bacteroidales; f__Prevotellaceae; g__Prevotella	0.9999999999999928
1a6369cce56f35e2c05640bf6b97efb8	k__Bacteria; p__Bacteroidetes; c__Bacteroidia; o__Bacteroidales; f__[Paraprevotellaceae]; g__[Prevotella]; s__tannerae	0.9859839956450247
4f6a9dabe0f7155461074b0ae130f684	k__Bacteria; p__Spirochaetes; c__Spirochaetia; o__Spirochaetales; f__Spirochaetaceae; g__Treponema; s__sp._oral_taxon_257	0.9063509838522247
19507ec81b83e8d9097e29106fe34ab8	k__Bacteria; p__Bacteroidetes; c__Flavobacteriia; o__Flavobacteriales; f__Flavobacteriaceae; g__Capnocytophaga; s__granulosa	0.973215820810276
6f3b4452fc6d6feedbdb741dc89fa60a	k__Bacteria; p__Firmicutes; c__Clostridia; o__Clostridiales; f__Peptostreptococcaceae_[XI]; g__Peptostreptococcaceae_[XI][G-5]; s__[Eubacterium]_saphenum	0.9999892726611662
f0f1e23dd612e409cb752874124e5801	k__Bacteria; p__Bacteroidetes; c__Bacteroidia; o__Bacteroidales; f__Prevotellaceae; g__Prevotella; s__sp._oral_taxon_443	0.9999469176220243
2f10084f3405e1e7114193a1267644be	k__Bacteria; p__Bacteroidetes; c__Bacteroidia; o__Bacteroidales; f__Prevotellaceae; g__Prevotella; s__aurantiaca	0.9968072530807323
c827aa8b6d09df6db08aeadea56328f3	k__Bacteria; p__Fusobacteria; c__Fusobacteriia; o__Fusobacteriales; f__Leptotrichiaceae; g__Leptotrichia	0.9999999999994661
320650848bff79ac76f8379d444245bf	k__Bacteria; p__Fusobacteria; c__Fusobacteriia; o__Fusobacteriales; f__Fusobacteriaceae; g__Fusobacterium	0.9994947910567714
8b018f9e5f2d083fe0ac12c55e922751	k__Bacteria; p__Bacteroidetes; c__Flavobacteriia; o__Flavobacteriales; f__Flavobacteriaceae; g__Capnocytophaga; s__sputigena	0.9961092387806255
e44fe12cb244b87efce7a2a96df49281	k__Bacteria; p__Proteobacteria; c__Epsilonproteobacteria; o__Campylobacterales; f__Campylobacteraceae; g__Campylobacter	0.9999999999999913
f60dc3f12a8867b9391c937e5a827707	k__Bacteria; p__Bacteroidetes; c__Bacteroidia; o__Bacteroidales; f__Prevotellaceae; g__Prevotella; s__melaninogenica	0.9937987104057655
9723a3fb360e37a5fa482b44cb9d0fe0	k__Bacteria; p__Firmicutes; c__Bacilli; o__Lactobacillales; f__Streptococcaceae; g__Streptococcus	0.9999989644468156
923795c2aa7877d2ece5b1492a9970f2	k__Bacteria; p__Fusobacteria; c__Fusobacteriia; o__Fusobacteriales; f__Leptotrichiaceae; g__Leptotrichia	0.9999999999999708
df3b2437930af42f7f801f3c95d9b97d	k__Bacteria; p__Actinobacteria; c__Actinobacteria; o__Actinomycetales; f__Corynebacteriaceae; g__Corynebacterium; s__variabile	0.8602302101610618
23ff7278e0a854f5d64c18a91b78a7c6	k__Bacteria; p__Firmicutes; c__Bacilli; o__Bacillales; f__Staphylococcaceae; g__Staphylococcus	0.999142198950622
063c94e842fe1c65299113de1fa2e49a	k__Bacteria; p__Bacteroidetes; c__Bacteroidia; o__Bacteroidales; f__Porphyromonadaceae; g__Tannerella; s__forsythia	0.7782231495623224
bbf0fad85dd5a416c6f2b3de967c09bf	k__Bacteria; p__Proteobacteria; c__Betaproteobacteria; o__Neisseriales; f__Neisseriaceae; g__Kingella; s__	0.9700180211319355
a3bd16095acf9cdd7e66ee741586f8ed	k__Bacteria; p__Bacteroidetes; c__Bacteroidia; o__Bacteroidales; f__Prevotellaceae; g__Prevotella; s__intermedia	0.9999946385940514
932b5d70446616c797ed17a9258643a5	k__Bacteria; p__Bacteroidetes; c__Bacteroidia; o__Bacteroidales; f__Prevotellaceae; g__Prevotella; s__sp._oral_taxon_317	0.9514838389210654
6d90b087096af5c4d0d482f6835aaf52	k__Bacteria; p__Firmicutes; c__Negativicutes; o__Selenomonadales; f__Veillonellaceae; g__Selenomonas; s__sputigena	0.9608268472871752
740f81cf61bf26c49405f64238d580ad	k__Bacteria; p__Fusobacteria; c__Fusobacteriia; o__Fusobacteriales; f__Leptotrichiaceae; g__Leptotrichia; s__shahii	0.8738993169333817
4b74537d9ac7c6eee713685c4a948453	k__Bacteria; p__Firmicutes	0.9999999999982975
d858455014caf5ad51e44cb8e8a46e78	k__Bacteria; p__Proteobacteria; c__Gammaproteobacteria; o__Cardiobacteriales; f__Cardiobacteriaceae; g__Cardiobacterium; s__	0.8563290219778791
d49bc8820df50a01baa822a3e59a0ec2	k__Bacteria; p__Fusobacteria; c__Fusobacteriia; o__Fusobacteriales; f__Leptotrichiaceae; g__Leptotrichia; s__wadei	0.9918553624440571
25c5cbddadb5bfbed2d57c6090f08c20	k__Bacteria; p__Bacteroidetes; c__Bacteroidia; o__Bacteroidales; f__[Paraprevotellaceae]; g__[Prevotella]; s__tannerae	0.97611169931788
ed089560bad155547d96ea1d3d416a52	k__Bacteria; p__Actinobacteria; c__Coriobacteriia; o__Coriobacteriales; f__Coriobacteriaceae; g__Atopobium; s__rimae	0.8990243543705547
8acf9900d39c4233e5fa49b836d98e6d	k__Bacteria; p__Firmicutes; c__Bacilli; o__Lactobacillales; f__Streptococcaceae; g__Streptococcus; s__mutans	0.999999827902102
89d03743f9b72064fd436bbffe4b5973	k__Bacteria; p__Bacteroidetes; c__Bacteroidia; o__Bacteroidales; f__Prevotellaceae; g__Prevotella; s__pleuritidis	0.9999998989263525
ba7fb65494a6c625b6934bd7458c99e8	k__Bacteria; p__Actinobacteria; c__Actinobacteria; o__Actinomycetales; f__Actinomycetaceae; g__Actinomyces	0.999999998685949
d7760589b3a7e01ba56fefd24c214e22	k__Bacteria; p__Bacteroidetes; c__Bacteroidia; o__Bacteroidales; f__Prevotellaceae; g__Alloprevotella; s__rava	0.9999906605077487
c6a9c348e202302645e050bd087335ca	k__Bacteria; p__Firmicutes; c__Negativicutes; o__Selenomonadales; f__Veillonellaceae; g__Selenomonas	0.8749337038510191
110d2071e2e86b772d2663ad3d975b01	k__Bacteria; p__Firmicutes; c__Bacilli; o__Lactobacillales; f__Streptococcaceae; g__Streptococcus	0.9999996646978124
6fd61ef3312bc8a39bef1a8468af287a	k__Bacteria; p__Firmicutes; c__Bacilli; o__Lactobacillales; f__Enterococcaceae; g__Enterococcus	0.7287945265499405
12e90fdd1a6df3d80b039e98644b58f1	k__Bacteria; p__Actinobacteria; c__Actinobacteria; o__Bifidobacteriales; f__Bifidobacteriaceae; g__Bifidobacterium; s__dentium	0.8340477821724014
9779b9be1e4cde3168d70e2fd4318e7a	k__Bacteria; p__Proteobacteria; c__Epsilonproteobacteria; o__Campylobacterales; f__Campylobacteraceae; g__Campylobacter; s__sp._oral_taxon_044	0.884821131659743
d42a90f8f08f17401f9dfd68862b55d7	k__Bacteria; p__Bacteroidetes; c__Bacteroidia; o__Bacteroidales; f__Prevotellaceae; g__Prevotella; s__sp._oral_taxon_443	0.999970934215995
0390d7741d1eecbbff1dc494fa46e166	k__Bacteria; p__Bacteroidetes; c__Bacteroidia; o__Bacteroidales; f__Prevotellaceae; g__Alloprevotella; s__sp._oral_taxon_912	0.9273805166869289
f8cf434be3b0482332d76bebbf1ca809	k__Bacteria; p__Actinobacteria; c__Actinobacteria; o__Actinomycetales; f__Actinomycetaceae; g__Actinobaculum; s__sp._oral_taxon_183	0.7045307306533377
50c990971012977017dda22e48453ee1	k__Bacteria; p__Actinobacteria; c__Actinobacteria; o__Bifidobacteriales; f__Bifidobacteriaceae; g__Bifidobacterium	0.9980920156745529
63e3b97f5d457d7789baa0ed649c5a94	k__Bacteria; p__Fusobacteria; c__Fusobacteriia; o__Fusobacteriales; f__Fusobacteriaceae; g__Fusobacterium	0.9998142849518287
cb7c6f12943f9237de6cf09265ddbb18	k__Bacteria; p__Firmicutes; c__Bacilli	0.9999999999933301
bae97428d6179ebfc7fc5b7b778a4fed	k__Bacteria; p__SR1; c__SR1_[C-1]; o__SR1_[O-1]; f__SR1_[F-1]; g__SR1_[G-1]; s__sp._oral_taxon_874	0.9966820430223735
5071e9ead0114114f16d46f71fd4f3ca	k__Bacteria; p__Firmicutes; c__Bacilli; o__Lactobacillales; f__Streptococcaceae; g__Streptococcus; s__salivarius	0.8418524141110553
d17f7e1e3fa10c0765ccdaefad619328	k__Bacteria; p__Proteobacteria; c__Betaproteobacteria; o__Neisseriales; f__Neisseriaceae; g__Neisseria	0.9988043531564399
da6f398be0cbd09b82f5b135ae3c7a00	k__Bacteria; p__Saccharibacteria_(TM7); c__TM7_[C-1]; o__TM7_[O-1]; f__TM7_[F-1]; g__TM7_[G-1]; s__sp._oral_taxon_352	0.9344749343571955
a69e849c2d13ef960e6d6f4fb59c56c5	k__Bacteria; p__Bacteroidetes; c__Bacteroidia; o__Bacteroidales; f__Prevotellaceae; g__Prevotella; s__sp._oral_taxon_305	0.9999997145072238
8455583bd609fcaef3748527e3049543	k__Bacteria; p__Bacteroidetes; c__Bacteroidia; o__Bacteroidales; f__Prevotellaceae; g__Alloprevotella; s__sp._oral_taxon_914	0.8638214592828176
1854dcde809e174a5d565cff448e9f32	k__Bacteria; p__Bacteroidetes; c__Bacteroidia; o__Bacteroidales; f__Prevotellaceae; g__Prevotella; s__melaninogenica	0.9877862315963091
a60aee277de440c4ea2d63cc2a66bedc	k__Bacteria; p__Fusobacteria; c__Fusobacteriia; o__Fusobacteriales; f__Leptotrichiaceae; g__Leptotrichia; s__hongkongensis	0.9204457454678563
93fa3d4670a2c3ad9fae6d04863296da	k__Bacteria; p__Firmicutes; c__Mollicutes; o__Mollicutes_[O-1]; f__Mollicutes_[F-1]; g__Mollicutes_[G-1]; s__sp._oral_taxon_504	0.9999964657984389
697ad515e769f73f2bb448f6f2bf63e1	k__Bacteria; p__Bacteroidetes; c__Bacteroidia; o__Bacteroidales; f__Porphyromonadaceae; g__Tannerella	0.9999999474267234
0c0739ea133b69bff163cde82942bca3	k__Bacteria; p__Proteobacteria; c__Betaproteobacteria; o__Neisseriales; f__Neisseriaceae; g__Neisseria; s__subflava	0.7906659553272161
b5e0276918ff4f2093d168eec3f897c1	k__Bacteria; p__Proteobacteria; c__Betaproteobacteria; o__Neisseriales; f__Neisseriaceae; g__Neisseria	0.9982462423321206
a273ca406ad6a05268ab909e5983c012	k__Bacteria; p__Firmicutes; c__Bacilli; o__Lactobacillales; f__Streptococcaceae; g__Streptococcus	0.9999997607285971
086d5f6afc8a9310179b64ef3619248e	k__Bacteria; p__Bacteroidetes; c__Bacteroidia; o__Bacteroidales; f__Prevotellaceae; g__Prevotella; s__sp._oral_taxon_443	0.999847604875676
56bebb0eeef9d2dcf3444938bd57ff86	k__Bacteria; p__Bacteroidetes; c__Bacteroidia; o__Bacteroidales; f__[Paraprevotellaceae]; g__[Prevotella]; s__tannerae	0.9058538281297898
c8a8b56435a74d3411b2dd45d9c228dd	k__Bacteria; p__Firmicutes; c__Bacilli; o__Lactobacillales	0.9999419246870648
fc2fca1f145251a4683cb5ef325e69ca	k__Bacteria; p__Bacteroidetes; c__Bacteroidia; o__Bacteroidales; f__Prevotellaceae; g__Prevotella; s__melaninogenica	0.9894017886996999
49fd0e0cf5b7995727d269b13c771262	k__Bacteria; p__Bacteroidetes; c__Bacteroidia; o__Bacteroidales; f__Prevotellaceae; g__Prevotella; s__salivae	0.999908712060707
342c5c8257f76fc24b664b028a8273bd	k__Bacteria; p__Bacteroidetes; c__Bacteroidia; o__Bacteroidales; f__Prevotellaceae; g__Prevotella; s__melaninogenica	0.9848905772009501
bc8245241b2b6bb21ec82296d22e153c	k__Bacteria; p__Spirochaetes; c__Spirochaetia; o__Spirochaetales; f__Spirochaetaceae; g__Treponema; s__sp._oral_taxon_246	0.861240666380891
2c2171a85ae9f397a7576355f72cc572	k__Bacteria; p__Firmicutes; c__Clostridia; o__Clostridiales; f__Peptostreptococcaceae_[XI]; g__Peptostreptococcaceae_[XI][G-7]; s__sp._oral_taxon_081	0.99020717538436
3fc24042a5597226a4cf5b63126a66df	k__Bacteria; p__Bacteroidetes; c__Bacteroidia; o__Bacteroidales; f__Prevotellaceae; g__Prevotella; s__sp._oral_taxon_309	0.7974801221741169
50ca3f2ed93c43de6646babaf923bdb9	k__Bacteria; p__Proteobacteria; c__Alphaproteobacteria; o__Rickettsiales; f__mitochondria	0.9999999999999976
242c04ea6036bc64fdfd957473de1ae5	k__Bacteria; p__Bacteroidetes; c__Bacteroidia; o__Bacteroidales; f__Porphyromonadaceae; g__Porphyromonas; s__sp._oral_taxon_930	0.9961294494354547
e42d4372058536fb318115b416e0d9c6	k__Bacteria; p__Firmicutes; c__Clostridia; o__Clostridiales; f__Peptostreptococcaceae_[XI]; g__Peptostreptococcaceae_[XI][G-6]; s__[Eubacterium]_nodatum	0.9340893953112132
d4a727831036fc9a28b4f37a7de19f9b	k__Bacteria; p__Proteobacteria; c__Betaproteobacteria; o__Burkholderiales; f__Burkholderiaceae; g__Lautropia; s__	0.8674700106074866
6255efa983c39342266ad79bf0a4f36d	k__Bacteria; p__Bacteroidetes; c__Bacteroidia; o__Bacteroidales; f__Prevotellaceae; g__Alloprevotella; s__sp._oral_taxon_308	0.8638677627348692
551114fac5dc34e594089ac2f5e578d8	k__Bacteria; p__Actinobacteria; c__Actinobacteria; o__Actinomycetales; f__Actinomycetaceae; g__Actinomyces	0.9999999156939665
89ac5228895affda139897e9d6293a96	k__Bacteria; p__Bacteroidetes; c__Bacteroidia; o__Bacteroidales; f__Prevotellaceae; g__Prevotella; s__pallens	0.9991949397046188
0f25c0f113c096a41ae742794098c504	k__Bacteria; p__Bacteroidetes; c__Bacteroidia; o__Bacteroidales; f__Prevotellaceae; g__Prevotella; s__oulorum	0.9468417309740974
587347ebde6df5419b7e037067fa0436	k__Bacteria; p__Bacteroidetes; c__Bacteroidia; o__Bacteroidales; f__Prevotellaceae; g__Prevotella; s__multiformis	0.9737489835519078
86540795c0e2d75b901c72a595e922fa	k__Bacteria; p__Fusobacteria; c__Fusobacteriia; o__Fusobacteriales; f__Leptotrichiaceae; g__Leptotrichia; s__sp._oral_taxon_498	0.9998066350340287
dc15302471727a53c484fe83f6f5a9d4	k__Bacteria; p__Bacteroidetes; c__Bacteroidia; o__Bacteroidales; f__Prevotellaceae; g__Prevotella; s__baroniae	0.9999998888002812
1fcbdcfa37b37ee2963ab3b5a92b3a3b	k__Bacteria; p__Firmicutes; c__Negativicutes; o__Selenomonadales; f__Veillonellaceae; g__Veillonella	0.7750489124891838
d605a022269f9c21f82baf7ecbf0e299	k__Bacteria; p__Firmicutes; c__Bacilli; o__Lactobacillales; f__Carnobacteriaceae; g__Granulicatella	0.8238062138159856
32c2b00cc614dc31c2899fa90f02818e	k__Bacteria; p__Bacteroidetes; c__Bacteroidia; o__Bacteroidales; f__Prevotellaceae; g__Prevotella; s__sp._oral_taxon_304	0.9999956579227579
d3d131ca829adf71a9f8bb4c086bb4f5	k__Bacteria; p__Bacteroidetes; c__Bacteroidia; o__Bacteroidales; f__Prevotellaceae; g__Prevotella	1.0000000000000056
7323699cc74e448aab97bfc95241627e	k__Bacteria; p__Bacteroidetes; c__Bacteroidia; o__Bacteroidales; f__Porphyromonadaceae; g__Porphyromonas; s__sp._oral_taxon_279	0.7817331510300856
fb30ff2ff56a6ce9cde1f398fe82008a	k__Bacteria; p__Firmicutes; c__Bacilli; o__Lactobacillales; f__Streptococcaceae; g__Streptococcus	0.9999995812883026
e14aaf3dbdad73ed9b2a7ffdeff8f5ea	k__Bacteria; p__Bacteroidetes; c__Bacteroidia; o__Bacteroidales; f__Prevotellaceae; g__Prevotella; s__pleuritidis	0.9999999895051559
34fec2f23037e60d769ca1348581d51f	k__Bacteria; p__Bacteroidetes; c__Bacteroidia; o__Bacteroidales; f__Prevotellaceae; g__Prevotella; s__dentalis	0.9999999843212067
1b662a5c33fbf1ae8ff50055a94cd2a5	k__Bacteria; p__Bacteroidetes; c__Bacteroidia; o__Bacteroidales; f__Porphyromonadaceae; g__Tannerella; s__	0.7359844950558257
f2114f3776f8459d31d2ea687c365766	k__Bacteria; p__Fusobacteria; c__Fusobacteriia; o__Fusobacteriales; f__Leptotrichiaceae; g__Leptotrichia; s__	0.9769955752513588
ba455858a57f3616f66b53589b5f1465	k__Bacteria; p__Spirochaetes; c__Spirochaetia; o__Spirochaetales; f__Spirochaetaceae; g__Treponema; s__lecithinolyticum	0.9996907473159884
693ca406fe4cf7f5df346f1df997c0c3	k__Bacteria; p__Proteobacteria; c__Betaproteobacteria; o__Neisseriales; f__Neisseriaceae; g__Neisseria; s__oralis	0.9991729529921498
0893075d882405337e24ea6da4dd31ce	k__Bacteria; p__Firmicutes; c__Clostridia; o__Clostridiales; f__Peptostreptococcaceae; g__Filifactor; s__	0.991046430898705
8c83df2fb8c39fbdb96c301c37880d98	k__Bacteria; p__Bacteroidetes; c__Bacteroidetes_[C-1]; o__Bacteroidetes_[O-1]; f__Bacteroidetes_[F-1]; g__Bacteroidetes_[G-5]; s__sp._oral_taxon_511	0.9999241112320725
b66012f71fd46a1cc05a25724b92bfb5	k__Bacteria; p__Bacteroidetes; c__Bacteroidia; o__Bacteroidales; f__Porphyromonadaceae; g__Porphyromonas; s__catoniae	0.8779364157636005
2a93df2342902d94d0d2b7d2943058dc	k__Bacteria; p__Spirochaetes; c__Spirochaetia; o__Spirochaetales; f__Spirochaetaceae; g__Treponema; s__sp._oral_taxon_927	0.9999993058599863
5e7c5f4f4f31a21e948b89ff960d5fdc	k__Bacteria; p__Bacteroidetes; c__Bacteroidia; o__Bacteroidales; f__Prevotellaceae; g__Alloprevotella; s__tannerae	0.8280845999950857
cc469dd2c1cfa706c0061274a3ee05db	k__Bacteria; p__Actinobacteria; c__Actinobacteria; o__Actinomycetales; f__Corynebacteriaceae; g__Corynebacterium; s__	0.8844331991992008
3f1c8db414e60a6fb28f1057f5634e2a	k__Bacteria; p__Tenericutes; c__Mollicutes; o__RF39; f__; g__; s__	0.9999999923497427
0c45c94c2076903c4734f6bbb5053dab	k__Bacteria; p__Spirochaetes; c__Spirochaetia; o__Spirochaetales; f__Spirochaetaceae; g__Treponema	0.8103498819273286
fb2f01826658294a663943cea6b02594	k__Bacteria; p__Spirochaetes; c__Spirochaetia; o__Spirochaetales; f__Spirochaetaceae; g__Treponema; s__sp._oral_taxon_237	0.9653172525809857
d11600c6204737247d91be3291431d33	k__Bacteria; p__Bacteroidetes; c__Flavobacteriia; o__Flavobacteriales; f__Flavobacteriaceae; g__Bergeyella; s__sp._oral_taxon_322	0.9805071044466682
e42b17f72f6c25cad569484a319f2c9b	k__Bacteria; p__Firmicutes; c__Clostridia; o__Clostridiales; f__Clostridiales_[F-1]; g__Clostridiales_[F-1][G-1]; s__sp._oral_taxon_093	0.9999999999998721
fb370cb97f154e128c659bc05b19961f	k__Bacteria; p__Bacteroidetes; c__Bacteroidia; o__Bacteroidales; f__Prevotellaceae; g__Prevotella; s__sp._oral_taxon_309	0.7449619719861946
cbf69081bc1828a116bb571f364f8721	k__Bacteria; p__Firmicutes; c__Clostridia; o__Clostridiales; f__Lachnospiraceae_[XIV]; g__Butyrivibrio; s__sp._oral_taxon_455	0.9915168491601148
acb6f119a48153853942c9fcf2b6cfb1	k__Bacteria; p__Bacteroidetes; c__Bacteroidia; o__Bacteroidales; f__Prevotellaceae; g__Prevotella; s__multiformis	0.9805122640090311
c75b1fa3a3049f47e699b0ff8b1a9400	k__Bacteria; p__Proteobacteria; c__Gammaproteobacteria; o__Pasteurellales; f__Pasteurellaceae; g__Haemophilus	0.7657293217154791
1b68516c4510b8f77e463bc6e9277727	k__Bacteria; p__Bacteroidetes; c__Bacteroidia; o__Bacteroidales; f__Porphyromonadaceae; g__Porphyromonas; s__gingivalis	0.9990494865836854
6b0e0cf17731cc61d8204978f54888d9	k__Bacteria; p__Firmicutes; c__Clostridia; o__Clostridiales; f__Peptostreptococcaceae_[XI]; g__Peptostreptococcaceae_[XI][G-7]	0.9999995590613735
435bc37f17bc9aa24db39416a7ee01a8	k__Bacteria; p__Proteobacteria; c__Gammaproteobacteria; o__Cardiobacteriales; f__Cardiobacteriaceae; g__Cardiobacterium; s__	0.7650169915495608
1fbe9f709a092b59e60c47df637b682e	k__Bacteria; p__Bacteroidetes; c__Bacteroidia; o__Bacteroidales; f__Prevotellaceae; g__Prevotella; s__melaninogenica	0.9605425368501211
2effdce8dd5a12f5788c66e561f7c285	k__Bacteria; p__Bacteroidetes; c__Bacteroidia; o__Bacteroidales; f__Prevotellaceae; g__Prevotella; s__melaninogenica	0.9716102758678243
67ff93801e49c8d4420e68214562c47a	k__Bacteria; p__Synergistetes; c__Synergistia; o__Synergistales; f__Synergistaceae; g__Fretibacterium	0.975480152451419
76ae7ba6debd72350436010586380541	k__Bacteria; p__Firmicutes; c__Negativicutes; o__Selenomonadales; f__Veillonellaceae; g__Veillonella	0.8957000456205819
7420a530a730a2f6b3aa0420a06613ff	k__Bacteria; p__Bacteroidetes; c__Bacteroidia; o__Bacteroidales; f__Porphyromonadaceae; g__Porphyromonas; s__gingivalis	0.995742299169043
7730c18ba0c7a803ebcc6f123ab377d3	k__Bacteria; p__Proteobacteria; c__Gammaproteobacteria; o__Pasteurellales; f__Pasteurellaceae; g__Aggregatibacter; s__segnis	0.804061407101006
8519e04b6da76556b6d5ecb8695e8150	k__Bacteria; p__SR1; c__SR1_[C-1]; o__SR1_[O-1]; f__SR1_[F-1]; g__SR1_[G-1]; s__sp._oral_taxon_875	0.9699309333987252
039117abfd6b2c94ec94bc850b68e533	k__Bacteria; p__Fusobacteria; c__Fusobacteriia; o__Fusobacteriales; f__Leptotrichiaceae; g__Leptotrichia	0.9999999999540186
a028eb7849b56e1aa541a0a55bcc656e	k__Bacteria; p__Firmicutes; c__Clostridia; o__Clostridiales; f__Clostridiaceae; g__CandidatusArthromitus; s__	0.9999996725804831
28542bd2da97f67c899e213c0f9cb03b	k__Bacteria; p__Actinobacteria; c__Actinobacteria; o__Actinomycetales; f__Actinomycetaceae; g__Actinobaculum; s__sp._oral_taxon_848	0.9868313069901749
f681a420731c68ba3b1d5afacfd5c69e	k__Bacteria; p__Firmicutes; c__Clostridia; o__Clostridiales; f__Peptostreptococcaceae_[XI]; g__Mogibacterium; s__timidum	0.9288815646018819
32b6ce0fb052d2d38110dd8b5ce2992f	k__Bacteria; p__Fusobacteria; c__Fusobacteriia; o__Fusobacteriales; f__Fusobacteriaceae; g__Fusobacterium	0.99872078445657
2b073fab1e99726902f50a1c3f29e2cf	k__Bacteria; p__Bacteroidetes; c__Bacteroidia; o__Bacteroidales; f__Prevotellaceae; g__Alloprevotella; s__sp._oral_taxon_912	0.9660663545789747
8b9e66dfe6c71b98b8a716352dcee79a	k__Bacteria; p__Bacteroidetes; c__Bacteroidia; o__Bacteroidales; f__Prevotellaceae; g__Prevotella; s__melaninogenica	0.9244009393889251
52a078a9508118c2c52a20d28e250733	k__Bacteria; p__Firmicutes; c__Clostridia; o__Clostridiales; f__Lachnospiraceae_[XIV]; g__Stomatobaculum; s__longum	0.848349437786861
98548d9bffa3ef2598c412b47a4ef176	k__Bacteria; p__Synergistetes; c__Synergistia; o__Synergistales; f__Synergistaceae; g__Fretibacterium; s__fastidiosum	0.9970424840136453
b43f69189990afa3b9e3a6530971c42f	k__Bacteria; p__Bacteroidetes; c__Bacteroidia; o__Bacteroidales; f__Porphyromonadaceae; g__Porphyromonas	0.9999999998953747
7660520ce33f669594f5887ba46f1f82	k__Bacteria; p__Spirochaetes	0.9999999999999949
962c60e2e782006089a9c8f613e91ad3	k__Bacteria; p__Firmicutes; c__Clostridia; o__Clostridiales; f__Lachnospiraceae_[XIV]; g__Lachnospiraceae_[G-8]; s__sp._oral_taxon_500	0.9999999987143298
08179722ae8d07f65e8dbed8c1e58ff7	k__Bacteria; p__Firmicutes; c__Clostridia; o__Clostridiales; f__Ruminococcaceae; g__; s__	0.8589993783858609
2398b656736f7c90a1521ca0b9c9f7ae	k__Bacteria; p__Firmicutes; c__Clostridia; o__Clostridiales; f__Peptostreptococcaceae_[XI]; g__Mogibacterium	0.9359718261242485
2ea9fc65cbcbace01e049f267c718628	k__Bacteria; p__Fusobacteria; c__Fusobacteriia; o__Fusobacteriales; f__Leptotrichiaceae; g__; s__	0.9999560863618739
73d0b598e505491697160e79fc7920d5	k__Bacteria; p__Fusobacteria; c__Fusobacteriia; o__Fusobacteriales; f__Leptotrichiaceae; g__Leptotrichia; s__sp._oral_taxon_215	0.8110000131112273
66c69cedb5e9f9076096638eb9917ddf	k__Bacteria; p__Bacteroidetes; c__Bacteroidia; o__Bacteroidales; f__Prevotellaceae; g__Alloprevotella; s__sp._oral_taxon_308	0.8622806252428795
0f42e6fa94e7324df5984ab94b7f3566	k__Bacteria; p__Spirochaetes; c__Spirochaetia; o__Spirochaetales; f__Spirochaetaceae; g__Treponema; s__sp._oral_taxon_237	0.9820151431315522
eb264479962bc5f4b55065a37f66ea72	k__Bacteria; p__Fusobacteria; c__Fusobacteriia; o__Fusobacteriales; f__Leptotrichiaceae; g__Leptotrichia; s__sp._oral_taxon_225	0.9561949649994761
806a8d67c34bdb94c0b62048590ee290	k__Bacteria; p__Bacteroidetes; c__Bacteroidia; o__Bacteroidales; f__Prevotellaceae; g__Prevotella; s__oris	0.9999952242855623
434d57272e65a465f6564270731b18c7	k__Bacteria; p__Firmicutes; c__Bacilli; o__Bacillales; f__[Exiguobacteraceae]; g__; s__	0.7974046490178675
7375a5e351919cc265e0ea1e0d4d6c28	k__Bacteria; p__Fusobacteria; c__Fusobacteriia; o__Fusobacteriales; f__Leptotrichiaceae; g__Leptotrichia	0.9999999999156858
f36bed5cf6c6e9d9c31c8055505a12cc	k__Bacteria; p__Tenericutes; c__Mollicutes; o__RF39; f__; g__; s__	0.9999991185022642
9cb28184fc5d9400ab042431bf99455a	k__Bacteria; p__Firmicutes; c__Bacilli; o__Lactobacillales; f__Lactobacillaceae; g__Lactobacillus; s__gasseri	0.9945399559707185
bdcbf763cff5c69adddc6b0c4254fac9	k__Bacteria; p__Bacteroidetes; c__Bacteroidia; o__Bacteroidales; f__Prevotellaceae; g__Prevotella	1.0000000000000018
36f8fe585bacfd29c22bd3653d0c85d8	k__Bacteria; p__Firmicutes	0.9999999999994146
d6a3f14172beb1384eb4daa998797555	k__Bacteria; p__Firmicutes; c__Clostridia; o__Clostridiales; f__Peptostreptococcaceae_[XI]; g__Peptostreptococcaceae_[XI][G-7]; s__[Eubacterium]_yurii_subsps._yurii_&_margaretiae	0.933981198622019
ef803f043773a2e26419eaeb903088a9	k__Bacteria; p__Proteobacteria; c__Betaproteobacteria; o__Neisseriales; f__Neisseriaceae; g__Neisseria; s__subflava	0.7557238350464689
abcc13f941cf12268305d45a2b68cee1	k__Bacteria; p__Spirochaetes; c__Spirochaetia; o__Spirochaetales; f__Spirochaetaceae; g__Treponema; s__sp._oral_taxon_237	0.850485002517223
611d337fcca9e2f4aa09a742cec58e18	k__Bacteria; p__Actinobacteria; c__Actinobacteria; o__Actinomycetales; f__Actinomycetaceae; g__Actinomyces; s__sp._oral_taxon_448	0.9514691577913333
a7196ff7c7a22dbdb63f40505a480354	k__Bacteria; p__Bacteroidetes; c__Flavobacteriia; o__Flavobacteriales; f__Flavobacteriaceae; g__Bergeyella	0.8868467792477964
706fa8e30247cacec8cac25abfac8875	k__Bacteria; p__Bacteroidetes; c__Bacteroidia; o__Bacteroidales; f__Prevotellaceae; g__Prevotella; s__oulorum	0.9935164332535639
cb4159852e0a9873841b96605fb7fd6a	k__Bacteria; p__Proteobacteria; c__Betaproteobacteria; o__Neisseriales; f__Neisseriaceae; g__Eikenella; s__	0.7859956351259137
1e864bd773f22294ff9ce28db4af5f09	k__Bacteria; p__Fusobacteria; c__Fusobacteriia; o__Fusobacteriales; f__Leptotrichiaceae; g__Leptotrichia; s__	0.9984323544337637
055154217e170cd50856daec901c65d1	k__Bacteria; p__Bacteroidetes; c__Bacteroidia; o__Bacteroidales; f__Prevotellaceae; g__Prevotella	0.9999999999993064
0b2cdf84f3085c8055fca08eaf3c93d8	k__Bacteria; p__Firmicutes; c__Clostridia; o__Clostridiales; f__Veillonellaceae; g__Selenomonas; s__noxia	0.7986281602184221
68247d77ef459485242b23cfc62e1768	k__Bacteria; p__Bacteroidetes; c__Bacteroidia; o__Bacteroidales; f__Porphyromonadaceae; g__Porphyromonas; s__sp._oral_taxon_930	0.9878671992962413
8f4ef04eaef6bc53669c8ee0a67b1d98	k__Bacteria; p__Firmicutes; c__Bacilli; o__Lactobacillales; f__Streptococcaceae; g__Streptococcus	0.9999998367751253
dab143d540fb729920186e3bb2003db4	k__Bacteria; p__Actinobacteria; c__Actinobacteria; o__Actinomycetales; f__Actinomycetaceae; g__Actinomyces; s__graevenitzii	0.9998437762560178
2e34bc42806522c826b4dfe18eba8bc0	k__Bacteria; p__Bacteroidetes; c__Bacteroidia; o__Bacteroidales; f__Prevotellaceae; g__Prevotella; s__melaninogenica	0.9616987049062855
fcea58f033f2fc6f47fc435c0467abbd	k__Bacteria; p__Actinobacteria; c__Actinobacteria; o__Actinomycetales; f__Actinomycetaceae; g__Actinomyces; s__sp._oral_taxon_180	0.7182444689934516
e5bbad8323eabf72c66877930ff03799	k__Bacteria; p__Bacteroidetes; c__Bacteroidia; o__Bacteroidales; f__Prevotellaceae; g__Alloprevotella; s__sp._oral_taxon_473	0.9999539142168226
9ea04c0db150d563e010ecfe6b025478	k__Bacteria; p__Actinobacteria; c__Actinobacteria; o__Bifidobacteriales; f__Bifidobacteriaceae; g__Alloscardovia; s__omnicolens	0.9998911613470245
a0c6352ba89a53c50a4e77bee2a7dbbc	k__Bacteria; p__Spirochaetes; c__Spirochaetia; o__Spirochaetales; f__Spirochaetaceae; g__Treponema; s__sp._oral_taxon_238	0.8828118595878763
e7ac35f8d6f68c56bed5b0dfb866649e	k__Bacteria; p__Cyanobacteria; c__Chloroplast; o__Streptophyta; f__; g__; s__	0.9999999996025082
f2ca4a44e82c3a701f7dbb36308ca240	k__Bacteria; p__Bacteroidetes; c__Bacteroidia; o__Bacteroidales; f__Prevotellaceae; g__Prevotella; s__melaninogenica	0.9882372560020974
acde041f2657fb8cb8abe0b41218e333	k__Bacteria; p__Firmicutes; c__Clostridia; o__Clostridiales; f__Peptostreptococcaceae_[XI]; g__Peptostreptococcaceae_[XI][G-4]; s__sp._oral_taxon_369	0.8596421994550424
b6ebbd41b268ce6e74a7640b76ca1e0a	k__Bacteria; p__Firmicutes	0.9999999999998729
d689cd1b08a3c5fab5d55b3f4e200f70	k__Bacteria; p__Proteobacteria; c__Gammaproteobacteria; o__Pasteurellales; f__Pasteurellaceae; g__Aggregatibacter; s__actinomycetemcomitans	0.9904017053795489
4c20b712d4ca7652c5beae4773d2c6f8	k__Bacteria; p__Firmicutes; c__Clostridia; o__Clostridiales; f__Lachnospiraceae; g__Roseburia	0.9121624254369096
20e70b5e722519b1437cd133cb7b563b	k__Bacteria; p__Bacteroidetes; c__Bacteroidia; o__Bacteroidales; f__Prevotellaceae; g__Prevotella; s__oris	0.9999795052661232
36cac53062cec9d2ac24fb1ab8fb5f81	k__Bacteria; p__Bacteroidetes; c__Bacteroidia; o__Bacteroidales; f__Prevotellaceae; g__Prevotella; s__melaninogenica	0.9787419382679211
d93a1426e68aa282ed9c716e37448954	k__Bacteria; p__Firmicutes; c__Negativicutes; o__Selenomonadales; f__Veillonellaceae; g__Veillonella	0.7598014338607221
1624be0416227176c961a685351589a5	k__Bacteria; p__Actinobacteria; c__Actinobacteria; o__Actinomycetales; f__Actinomycetaceae; g__Actinomyces; s__massiliensis	0.898018839373401
de7eb46fec07c4edebe3139727a12447	k__Bacteria; p__Proteobacteria; c__Betaproteobacteria; o__Neisseriales; f__Neisseriaceae; g__Neisseria; s__bacilliformis	0.999918369919126
a7a1e9067d395d2aac267fbc2ef8017a	k__Bacteria; p__Bacteroidetes; c__Bacteroidia; o__Bacteroidales; f__Prevotellaceae; g__Prevotella; s__melaninogenica	0.984175873900483
421ff8a82bf60ab5d4804e2279624108	k__Bacteria; p__Proteobacteria; c__Gammaproteobacteria; o__Pasteurellales; f__Pasteurellaceae; g__Haemophilus; s__influenzae	0.825794531301908
63b27584b8501c335ed05849f1302720	k__Bacteria; p__Bacteroidetes; c__Bacteroidia; o__Bacteroidales; f__Prevotellaceae; g__Prevotella	0.9999999999995859
df38189e5b3fcd9eb7c26b226b3b661b	k__Bacteria; p__Fusobacteria; c__Fusobacteriia; o__Fusobacteriales; f__Fusobacteriaceae; g__Fusobacterium	0.9979176750524904
f29baf0bee2f1ebeed78a88d45e0e54f	k__Bacteria; p__Fusobacteria; c__Fusobacteriia; o__Fusobacteriales; f__Fusobacteriaceae; g__Fusobacterium; s__	0.9839641752481979
b873258d23e981cc4d90b631858e8f92	k__Bacteria; p__Fusobacteria; c__Fusobacteriia; o__Fusobacteriales; f__Leptotrichiaceae; g__Leptotrichia	0.9999999999999952
dd706f09c38f3edbe6df925a62ad3754	k__Bacteria; p__Proteobacteria; c__Betaproteobacteria; o__Neisseriales; f__Neisseriaceae; g__Neisseria; s__oralis	0.99183232559411
ac8f9ff8e29aa93c821fb9a43685f2b5	k__Bacteria; p__Firmicutes; c__Bacilli; o__Lactobacillales; f__Streptococcaceae; g__Streptococcus; s__salivarius	0.8931653109291285
905b45a8e43c4d1b7acacf5a4936ab63	k__Bacteria; p__Fusobacteria; c__Fusobacteriia; o__Fusobacteriales; f__Leptotrichiaceae; g__Leptotrichia; s__sp._oral_taxon_225	0.9594031143849463
ae690150637ae186871528bac715cd5d	k__Bacteria; p__Bacteroidetes; c__Bacteroidia; o__Bacteroidales; f__Prevotellaceae; g__Prevotella; s__aurantiaca	0.7753288281096189
01e02973671d3165bac3929a9eab5d87	k__Bacteria; p__Bacteroidetes; c__Bacteroidia; o__Bacteroidales; f__Prevotellaceae; g__Prevotella; s__fusca	0.948528586063884
5309f3dd1e8f0aab09666dba26d0075f	k__Bacteria; p__Fusobacteria; c__Fusobacteriia; o__Fusobacteriales; f__Leptotrichiaceae; g__Leptotrichia; s__sp._oral_taxon_463	0.7133851284065259
a5a911300b2f36be5ac89ab143bb167c	k__Bacteria; p__Proteobacteria; c__Gammaproteobacteria; o__Pseudomonadales; f__Moraxellaceae; g__Enhydrobacter; s__	0.9997478636785423
6bbb7f21685c939a8ae6e140573742dc	k__Bacteria; p__Bacteroidetes; c__Bacteroidia; o__Bacteroidales	0.9999999999921811
32719893bc6ba4eec6092009e5490ff8	k__Bacteria; p__Firmicutes; c__Clostridia; o__Clostridiales; f__Lachnospiraceae; g__Blautia; s__	0.9998870158566433
9ac34a56134eb51a6ec54d5d71506971	k__Bacteria; p__Actinobacteria; c__Actinobacteria; o__Actinomycetales; f__Actinomycetaceae; g__Actinomyces	0.999999996668378
3789ab7f693fe3b1da1b2a9c35555dc3	k__Bacteria; p__Firmicutes; c__Negativicutes; o__Selenomonadales; f__Veillonellaceae; g__Veillonella	0.8979277558815242
81323bad434a19ea62f8770e3475102e	k__Bacteria; p__Bacteroidetes; c__Bacteroidia; o__Bacteroidales; f__Prevotellaceae; g__Prevotella	0.9999999999999445
b0c5417fa48d973a461636f2b9a3968e	k__Bacteria; p__Fusobacteria; c__Fusobacteriia; o__Fusobacteriales; f__Leptotrichiaceae; g__Leptotrichia; s__sp._oral_taxon_392	0.9360086497506643
bf428db92587c6f4db65d8a1e7de83c1	k__Bacteria; p__Proteobacteria; c__Epsilonproteobacteria; o__Campylobacterales; f__Campylobacteraceae; g__Campylobacter; s__gracilis	0.9376403870386232
720cb0d71f3f834e4dcc04cb2163f3ea	k__Bacteria; p__Firmicutes; c__Clostridia; o__Clostridiales; f__Lachnospiraceae_[XIV]; g__Oribacterium; s__sp._oral_taxon_078	0.9964304575660456
1202f76c750ee95e739c85d141048ecd	k__Bacteria; p__Fusobacteria; c__Fusobacteriia; o__Fusobacteriales; f__Leptotrichiaceae; g__Leptotrichia	0.9999999999947522
c930763f89dbadcd24c9a90d17a4f75d	k__Bacteria; p__Firmicutes; c__Bacilli	0.9999999999791428
511e6e17a213984f688d058898ec2a85	k__Bacteria; p__Firmicutes; c__Bacilli; o__Lactobacillales; f__Streptococcaceae; g__Streptococcus	0.9999999601172724
750e64ebcae23bee1861e635a4854475	k__Bacteria; p__Firmicutes; c__Negativicutes; o__Selenomonadales; f__Veillonellaceae; g__Anaeroglobus; s__geminatus	0.9902375356747904
3ab7752dcc6ac271de1e003c9312b6cd	k__Bacteria; p__Proteobacteria; c__Alphaproteobacteria; o__Rhizobiales; f__Hyphomicrobiaceae; g__Hyphomicrobium; s__	0.728804264411497
6b055579a12aa6bdfac5519004a7012e	k__Bacteria; p__Proteobacteria; c__Gammaproteobacteria; o__Pasteurellales; f__Pasteurellaceae; g__Haemophilus; s__parainfluenzae	0.8222248978101498
1aa5227e59a9a06e5d120bc68150c83a	k__Bacteria; p__Bacteroidetes; c__Bacteroidia; o__Bacteroidales; f__Prevotellaceae; g__Prevotella; s__melaninogenica	0.9896240509411677
12ed28acabb2326ab890c0332ebdbc02	k__Bacteria; p__Firmicutes; c__Bacilli; o__Lactobacillales; f__Streptococcaceae; g__Streptococcus	0.9999999643276485
6fe4d4ee55c3cafd3f91a79258fe252a	k__Bacteria; p__Fusobacteria; c__Fusobacteriia; o__Fusobacteriales; f__Leptotrichiaceae; g__Leptotrichia	0.9999999999992838
0945a09425872ff8ccee47fbf8d82412	k__Bacteria; p__Spirochaetes; c__Spirochaetes; o__Spirochaetales; f__Spirochaetaceae; g__Treponema; s__amylovorum	0.9525972578795725
7997452c10f996efce19b4a239419d36	k__Bacteria; p__Bacteroidetes; c__Bacteroidia; o__Bacteroidales; f__Prevotellaceae; g__Prevotella; s__sp._oral_taxon_300	0.8669446797018251
189cc7132b43db25d62c9bfabbb3e0fb	k__Bacteria; p__Firmicutes; c__Clostridia; o__Clostridiales; f__Lachnospiraceae_[XIV]; g__Lachnoanaerobaculum	0.9988352116856398
7d520193af0c0a161dd27db2fad5c9a3	k__Bacteria; p__Firmicutes; c__Negativicutes; o__Selenomonadales; f__Veillonellaceae; g__Anaeroglobus; s__geminatus	0.9291119415470889
1d2eba9f1dd272d82d8b6ab11fa8586b	k__Bacteria; p__Fusobacteria; c__Fusobacteriia; o__Fusobacteriales; f__Leptotrichiaceae; g__Leptotrichia	0.999999999999884
8b73ed9a3d3fa9c327d7b4172e50a2ff	k__Bacteria; p__Bacteroidetes; c__Bacteroidetes_[C-1]; o__Bacteroidetes_[O-1]; f__Bacteroidetes_[F-1]; g__Bacteroidetes_[G-3]; s__sp._oral_taxon_280	0.9999999964276469
63324f5c034c1bde13a7b3e24311333b	k__Bacteria; p__Bacteroidetes; c__Flavobacteriia; o__Flavobacteriales; f__Flavobacteriaceae; g__Capnocytophaga; s__	0.9750377473754307
f05aabe2ed835813a253fb73e4f1ac36	k__Bacteria; p__Actinobacteria; c__Coriobacteriia; o__Coriobacteriales; f__Coriobacteriaceae; g__Atopobium; s__rimae	0.8390215832828377
849830e7ef62cad489a8e9eeb16588b5	k__Bacteria; p__Firmicutes; c__Clostridia; o__Clostridiales; f__Lachnospiraceae_[XIV]; g__Oribacterium; s__asaccharolyticum	0.9972960536953105
6cf1c5f9bec50aa5387d0dd7b1ad94cc	k__Bacteria; p__Fusobacteria; c__Fusobacteriia; o__Fusobacteriales; f__Leptotrichiaceae; g__; s__	0.9996279549776411
997649d1c27fe3856f818b2244aaaeae	k__Bacteria; p__Bacteroidetes; c__Bacteroidia; o__Bacteroidales; f__Porphyromonadaceae; g__Porphyromonas; s__uenonis	0.858275981891957
42f6bfbaf5bd60c136977c8bece382f5	k__Bacteria; p__Proteobacteria; c__Betaproteobacteria; o__Neisseriales; f__Neisseriaceae; g__Eikenella	0.9620672402703643
100d74a1bd31d315d07ffdca344a0a88	k__Bacteria; p__Bacteroidetes; c__Bacteroidia; o__Bacteroidales	1.000000000000003
d7b27d6616d5f1aab1558aa36f5f0c15	k__Bacteria; p__Bacteroidetes; c__Bacteroidia; o__Bacteroidales	0.9999999999999947
73f2c773f29ad39d419517ee4a9fe6ee	k__Bacteria; p__Proteobacteria; c__Betaproteobacteria; o__Neisseriales; f__Neisseriaceae; g__Neisseria; s__oralis	0.9972656469459191
cbcc7aa8d85e1e40f1589e0436be8868	k__Bacteria; p__Firmicutes; c__Clostridia; o__Clostridiales; f__Peptostreptococcaceae_[XI]; g__Peptostreptococcaceae_[XI][G-5]; s__sp._oral_taxon_493	0.943523348160676
329a2ffe51a1b17716d2ba1304cf2142	k__Bacteria; p__Bacteroidetes; c__Bacteroidia; o__Bacteroidales; f__Prevotellaceae; g__Prevotella; s__melaninogenica	0.7414092020999572
053f689ff2a00e916d1102dde5389454	k__Bacteria; p__Firmicutes; c__Clostridia; o__Clostridiales; f__Lachnospiraceae_[XIV]; g__Lachnospiraceae_[G-2]; s__sp._oral_taxon_096	0.9994472813821329
5246158125fa93d407860ae145fac76a	k__Bacteria; p__Proteobacteria; c__Betaproteobacteria; o__Neisseriales; f__Neisseriaceae; g__Kingella; s__	0.9994283870936412
b6007d90182842469156b9dd32869f4c	k__Bacteria; p__Firmicutes; c__Bacilli; o__Lactobacillales; f__Streptococcaceae; g__Streptococcus; s__salivarius	0.8778831828646358
74cafd74d5547a5b7cae0fd863b175bb	k__Bacteria; p__Bacteroidetes; c__Bacteroidia; o__Bacteroidales; f__Prevotellaceae; g__Prevotella; s__melaninogenica	0.9583344744265867
9b5f2531c8f69291bf31c4666fcbcacf	k__Bacteria; p__Firmicutes; c__Bacilli; o__Lactobacillales; f__Carnobacteriaceae; g__Granulicatella	0.8302793200125694
be253dd72a99a97b74507aba640861ba	k__Bacteria; p__Fusobacteria; c__Fusobacteriia; o__Fusobacteriales; f__Leptotrichiaceae; g__Leptotrichia; s__sp._oral_taxon_218	0.997621783341557
83ed452ab60141d967add5de52dff658	k__Bacteria; p__Firmicutes; c__Clostridia; o__Clostridiales; f__Lachnospiraceae_[XIV]; g__Lachnospiraceae_[G-2]; s__sp._oral_taxon_096	0.9998983480775471
db8467b768250dd1e0193a1b110cb706	k__Bacteria; p__Firmicutes; c__Erysipelotrichia; o__Erysipelotrichales; f__Erysipelotrichaceae; g__Eggerthia; s__catenaformis	0.8807659172106528
ff20246e597b20dbce57aba61ab18c03	k__Bacteria; p__Bacteroidetes; c__Bacteroidia; o__Bacteroidales; f__Porphyromonadaceae; g__Porphyromonas; s__endodontalis	0.933779270900555
ffe77d094fe5efe3aaef710939f0de6f	k__Bacteria; p__Bacteroidetes; c__Bacteroidia; o__Bacteroidales; f__Prevotellaceae; g__Prevotella; s__oulorum	0.747858122631269
81964d369d35c41dc28dbf703ef5e11e	k__Bacteria; p__Firmicutes; c__Clostridia; o__Clostridiales; f__Lachnospiraceae_[XIV]; g__Catonella; s__morbi	0.9622126620517436
d70f5748840194656579d70b34ee0fcb	k__Bacteria; p__Firmicutes; c__Clostridia; o__Clostridiales	0.9999999999997474
27132fffd44822e1b097df8e7e76ffd4	k__Bacteria; p__Firmicutes; c__Negativicutes; o__Selenomonadales; f__Veillonellaceae; g__Mitsuokella; s__sp._oral_taxon_521	0.9999641995208177
1993ed9c7087ed7ddb45ab27b84ef791	k__Bacteria; p__Proteobacteria; c__Gammaproteobacteria; o__Pasteurellales; f__Pasteurellaceae; g__Actinobacillus	0.9300666776801004
995f323596c1e62e3e9b62dcc2a2b31d	k__Bacteria; p__Actinobacteria; c__Coriobacteriia; o__Coriobacteriales; f__Coriobacteriaceae; g__Atopobium; s__sp._oral_taxon_416	0.999908929080573
bb0b3b47b1bc7a6198efc4a79e556d11	k__Bacteria; p__Fusobacteria; c__Fusobacteriia; o__Fusobacteriales; f__Leptotrichiaceae; g__Leptotrichia; s__sp._oral_taxon_392	0.8385071385453848
176b7a830b33031329c8629a8e5ba663	k__Bacteria; p__Spirochaetes; c__Spirochaetia; o__Spirochaetales; f__Spirochaetaceae; g__Treponema	0.9999999987537624
82e11cfd1803f938763b674d5dd667fb	k__Bacteria; p__Proteobacteria; c__Betaproteobacteria; o__Neisseriales; f__Neisseriaceae; g__Eikenella	0.9960278258341811
e913874a0747a3100d745cbea035e172	k__Bacteria; p__Spirochaetes; c__Spirochaetia; o__Spirochaetales; f__Spirochaetaceae; g__Treponema; s__sp._oral_taxon_257	0.7674859502456354
7cd3997965acd858e6e8d4ee34fbb19d	k__Bacteria; p__Firmicutes; c__Clostridia; o__Clostridiales; f__Lachnospiraceae_[XIV]; g__Johnsonella; s__sp._oral_taxon_166	0.9999977585990758
d0d0e1c5eeda1d1671227da6cfeda99a	k__Bacteria; p__Bacteroidetes; c__Bacteroidetes_[C-1]; o__Bacteroidetes_[O-1]; f__Bacteroidetes_[F-1]; g__Bacteroidetes_[G-3]; s__sp._oral_taxon_503	0.9999999999997726
d87f992c5f363cee7baf6e0e6a3d9944	k__Bacteria; p__Bacteroidetes; c__Bacteroidia; o__Bacteroidales; f__Prevotellaceae; g__Prevotella; s__melaninogenica	0.9869369048027457
a8db7202df99bcbe6028d8769dd1c3bc	k__Bacteria; p__Bacteroidetes; c__Bacteroidia; o__Bacteroidales; f__Prevotellaceae; g__Prevotella; s__pleuritidis	0.9999999031784672
8f6412e0cf21183916094fe68fa364d3	k__Bacteria; p__Bacteroidetes; c__Bacteroidia; o__Bacteroidales; f__Porphyromonadaceae; g__Tannerella	0.9999999634383252
d3e65b0a9651f0cdf6f356a82cd831b4	k__Bacteria; p__Bacteroidetes; c__Bacteroidia; o__Bacteroidales; f__Prevotellaceae; g__Prevotella; s__sp._oral_taxon_305	0.9999975865353142
4df66974a674bef722aca30b53ea51d7	k__Bacteria; p__Firmicutes; c__Clostridia; o__Clostridiales; f__Lachnospiraceae_[XIV]; g__Oribacterium; s__asaccharolyticum	0.9650743159999157
3c142ab71a570097a65fba3d8818d7f3	k__Bacteria; p__Firmicutes; c__Clostridia; o__Clostridiales; f__Peptostreptococcaceae_[XI]; g__Peptostreptococcaceae_[XI][G-7]; s__sp._oral_taxon_081	0.9999999891939383
1c18e1a2b5b8862b347ec5041c9ff735	k__Bacteria; p__Bacteroidetes; c__Bacteroidia; o__Bacteroidales; f__Prevotellaceae; g__Prevotella; s__oris	0.9999956732502636
7b1d17063863dd6adc2467ee2cd09991	k__Bacteria; p__Firmicutes; c__Bacilli; o__Lactobacillales; f__Lactobacillaceae; g__Lactobacillus; s__fermentum	0.9979998630295829
e2a704c1db4ca7f125866ac5662cd26e	k__Bacteria; p__Actinobacteria; c__Actinobacteria; o__Actinomycetales; f__Actinomycetaceae; g__Mobiluncus	0.9999995050189342
8753d33b91fb53ea2b50e723d32f21c6	k__Bacteria; p__Bacteroidetes; c__Bacteroidia; o__Bacteroidales; f__Prevotellaceae; g__Prevotella; s__oulorum	0.9295635967366643
56bb1fb1d78fa396536c43f08a7d09d2	k__Bacteria; p__Fusobacteria; c__Fusobacteriia; o__Fusobacteriales; f__Leptotrichiaceae; g__Leptotrichia	0.9999999999997025
933777c53a7f3ea895ef66c14755687c	k__Bacteria; p__Fusobacteria; c__Fusobacteriia; o__Fusobacteriales; f__Leptotrichiaceae; g__Leptotrichia; s__	0.9681196195849557
d5c5aade8f9e99487644229de563d665	k__Bacteria; p__Fusobacteria; c__Fusobacteriia; o__Fusobacteriales; f__Leptotrichiaceae; g__; s__	0.9983711899662834
7809a60a474824ca612548dfcfd0b860	k__Bacteria; p__Firmicutes; c__Bacilli; o__Lactobacillales; f__Streptococcaceae; g__Streptococcus; s__salivarius	0.8908183418427887
8af8bec488a569d83128966f31bc2ea5	k__Bacteria; p__Firmicutes; c__Negativicutes; o__Selenomonadales; f__Veillonellaceae; g__Selenomonas; s__artemidis	0.9648182878908965
b82901e42784e74c2370174d034c9ab9	k__Bacteria; p__Fusobacteria; c__Fusobacteriia; o__Fusobacteriales; f__Fusobacteriaceae; g__Fusobacterium	0.9992169331943054
4d5fb75c2638fa1707955263e370c51c	k__Bacteria; p__Bacteroidetes; c__Bacteroidia; o__Bacteroidales; f__Prevotellaceae; g__Prevotella	0.9999999999999462
479576c3c080ce25e68695bca5478fda	k__Bacteria; p__Bacteroidetes; c__Flavobacteriia; o__Flavobacteriales; f__Flavobacteriaceae; g__Capnocytophaga; s__	0.9999928072658731
1766891b38447b11657772a8924c2089	k__Bacteria; p__Firmicutes; c__Clostridia; o__Clostridiales; f__Peptostreptococcaceae_[XI]; g__Peptostreptococcaceae_[XI][G-2]; s__sp._oral_taxon_091	0.9999998785117941
b52ba8d1a68de2683922b7508ed15571	k__Bacteria; p__Bacteroidetes; c__Bacteroidia; o__Bacteroidales; f__Prevotellaceae; g__Prevotella	1.0000000000000004
4092427fd9fc7de0bb1a41ce8154aab3	k__Bacteria; p__Bacteroidetes; c__Bacteroidia; o__Bacteroidales; f__Prevotellaceae; g__Prevotella; s__maculosa	0.9999944662750184
c69f66fa32a57dd55f957a9ca471dd72	k__Bacteria; p__Proteobacteria; c__Betaproteobacteria; o__Neisseriales; f__Neisseriaceae; g__Neisseria	0.9337450851990614
70e53481c9235fd5989e558391c165cc	k__Bacteria; p__Proteobacteria; c__Gammaproteobacteria; o__Chromatiales; f__Chromatiaceae; g__; s__	0.9994627199589076
6c440d2762423dfaa36e759ab603d19c	k__Bacteria; p__Bacteroidetes; c__Bacteroidetes_[C-1]; o__Bacteroidetes_[O-1]; f__Bacteroidetes_[F-1]; g__Bacteroidetes_[G-5]; s__sp._oral_taxon_507	0.999999335229625
737aff68b3550463c24df12a977bf533	k__Bacteria; p__Fusobacteria; c__Fusobacteriia; o__Fusobacteriales; f__Fusobacteriaceae; g__Fusobacterium	0.9995478949523591
08bd1ad3d708f5769684a0ade2cb9a86	k__Bacteria; p__Firmicutes; c__Bacilli; o__Lactobacillales; f__Carnobacteriaceae; g__Granulicatella	0.819116729807724
3ffb26997f9e1fc25bfaaf9cf68b5408	k__Bacteria; p__Firmicutes; c__Clostridia; o__Clostridiales; f__Veillonellaceae; g__Veillonella; s__dispar	0.7291047520477459
c28af45ea81a37b036516a918a6123e3	k__Bacteria; p__Actinobacteria	0.9999999999999962
f4fa804b14ae36c041f2bd8a91bc3829	k__Bacteria; p__Bacteroidetes; c__Bacteroidetes_[C-1]; o__Bacteroidetes_[O-1]; f__Bacteroidetes_[F-1]; g__Bacteroidetes_[G-5]; s__sp._oral_taxon_505	0.9986631889735991
a26126f553e6927d438d2a377a22fef6	k__Bacteria; p__Bacteroidetes; c__Bacteroidia; o__Bacteroidales; f__Prevotellaceae; g__Prevotella; s__melaninogenica	0.9897653192556389
7dc01178c49779fb83e4828d75bccab1	k__Bacteria; p__Bacteroidetes; c__Bacteroidia; o__Bacteroidales; f__Porphyromonadaceae; g__Porphyromonas; s__sp._oral_taxon_279	0.94200602061287
6b65c334b19030ee5a12564e5277c1a1	k__Bacteria; p__Proteobacteria; c__Betaproteobacteria; o__Neisseriales; f__Neisseriaceae; g__Neisseria	0.805879873819824
368ac0f646499ccac9fba77e2416ebdb	k__Bacteria; p__Bacteroidetes; c__Bacteroidia; o__Bacteroidales; f__Porphyromonadaceae; g__Porphyromonas; s__endodontalis	0.9510031279779174
4d36b1fe1494b97a3b9bb1328abdd34b	k__Bacteria; p__Bacteroidetes; c__Bacteroidia; o__Bacteroidales; f__Prevotellaceae; g__Prevotella; s__fusca	0.7698207344746496
4553c4802cba38f618e7b2f419e0c49b	k__Bacteria; p__Actinobacteria; c__Actinobacteria; o__Actinomycetales; f__Micrococcaceae; g__Rothia; s__mucilaginosa	0.8593503724505464
4b557d7537f2aa22e2dc8c0924cfb70d	k__Bacteria; p__Bacteroidetes; c__Bacteroidia; o__Bacteroidales; f__Prevotellaceae; g__Prevotella; s__melaninogenica	0.9879357683160691
261b92d29f38b9fc208e2d76a05cbf9b	k__Bacteria; p__SR1; c__SR1_[C-1]; o__SR1_[O-1]; f__SR1_[F-1]; g__SR1_[G-1]; s__sp._oral_taxon_875	0.997287995765915
9d15b7e7246f005e7de596c14fb8dd67	k__Bacteria; p__Proteobacteria; c__Gammaproteobacteria; o__Chromatiales; f__Chromatiaceae; g__; s__	0.922842832020223
c06429cf46578e372d4b16e905e2a649	k__Bacteria; p__Cyanobacteria; c__Synechococcophycideae; o__Synechococcales; f__Synechococcaceae; g__Synechococcus; s__	0.9966705598789419
2a87aeccdcec962626cc79287cd1ac25	k__Bacteria; p__Bacteroidetes; c__Bacteroidia; o__Bacteroidales	0.999999999999993
ae13c09969bed8957d3421e76ced18f7	k__Bacteria; p__Firmicutes; c__Clostridia; o__Clostridiales; f__Lachnospiraceae_[XIV]; g__Lachnoanaerobaculum; s__umeaense	0.9814989746833919
7f616213083ac61235c232cf860065be	k__Bacteria; p__Firmicutes; c__Clostridia; o__Clostridiales; f__Lachnospiraceae_[XIV]; g__Lachnospiraceae_[G-3]; s__sp._oral_taxon_100	0.9999997998157455
f40bd913deb009540f83cced7b593bd8	k__Bacteria; p__Bacteroidetes; c__Bacteroidia; o__Bacteroidales; f__Prevotellaceae; g__Prevotella; s__oralis	0.9999931940811531
b697e33de53afc4086a82aec5f805983	k__Bacteria; p__Firmicutes; c__Negativicutes; o__Selenomonadales; f__Veillonellaceae; g__Veillonella; s__sp._oral_taxon_917	0.9970418749347582
c5d1170f2be4e0d49b842ab23bff807f	k__Bacteria; p__Firmicutes; c__Negativicutes; o__Selenomonadales; f__Veillonellaceae; g__Selenomonas	0.8861533228669335
280ab442f5516cee4b1b087676582915	k__Bacteria; p__Firmicutes; c__Clostridia; o__Clostridiales; f__Lachnospiraceae_[XIV]; g__Lachnoanaerobaculum; s__saburreum	0.9591791409401775
02d264bf2528fb1a34ec8006308edf55	k__Bacteria; p__Bacteroidetes; c__Bacteroidia; o__Bacteroidales; f__Prevotellaceae; g__Prevotella	0.9999999999999293
88bd1530b83c542accac13d2e223e1f5	k__Bacteria; p__Firmicutes	0.9999999999999486
17a0a7dd3d5e50ff3d7f4f2830063377	k__Bacteria; p__Fusobacteria; c__Fusobacteriia; o__Fusobacteriales; f__Fusobacteriaceae; g__Fusobacterium; s__	0.9987582566729056
9aa0bfe170a638b4b984744a6e86004b	k__Bacteria; p__Actinobacteria; c__Coriobacteriia; o__Coriobacteriales; f__Coriobacteriaceae; g__Atopobium; s__sp._oral_taxon_416	0.9998085495694343
e35a8365db9580309131f630ca816e31	k__Bacteria; p__Fusobacteria; c__Fusobacteriia; o__Fusobacteriales; f__Leptotrichiaceae; g__Leptotrichia; s__	0.9995716877794437
6d8ef0e784164e611510b239a3bd7f57	k__Bacteria; p__Bacteroidetes; c__Bacteroidia; o__Bacteroidales; f__Prevotellaceae; g__Prevotella; s__oulorum	0.9912807028237727
5722f9baf4ec5b61afcd2e1299cbb50e	k__Bacteria; p__Proteobacteria; c__Gammaproteobacteria; o__Pasteurellales; f__Pasteurellaceae; g__Haemophilus	0.8078251621403851
8ae4b94ba0c0b8742f58c58fbefc395b	k__Bacteria; p__Tenericutes; c__Mollicutes; o__Acholeplasmatales; f__Acholeplasmataceae; g__Acholeplasma; s__	0.9999714719030014
35d7b392d8c01604189a8bd6d39e4582	k__Bacteria; p__Actinobacteria; c__Actinobacteria; o__Bifidobacteriales; f__Bifidobacteriaceae; g__Bifidobacterium; s__	0.7741315609120765
b214f4d114518157984fcfe4c17bf313	k__Bacteria; p__Firmicutes; c__Bacilli; o__Lactobacillales; f__Streptococcaceae; g__Streptococcus	0.99999983521545
327b23408a39526e8e70c92827342d7f	k__Bacteria; p__Bacteroidetes; c__Bacteroidia; o__Bacteroidales; f__Prevotellaceae; g__Prevotella; s__sp._oral_taxon_942	0.8203861297228663
1ae795d4169b4a06d3b534daed602500	k__Bacteria; p__Actinobacteria; c__Actinobacteria; o__Actinomycetales; f__Actinomycetaceae; g__Actinomyces	0.9999999968539507
d6b2e247fca244f70e68ab4aa0d1a108	k__Bacteria; p__Proteobacteria; c__Betaproteobacteria; o__Neisseriales; f__Neisseriaceae	0.9999999998078861
a4552357d674bc75976d9f8ad80fe45d	k__Bacteria; p__Firmicutes; c__Clostridia; o__Clostridiales; f__Ruminococcaceae; g__Ruminococcus; s__bromii	0.9998683365821197
0f998ac2e08936fb8f73c57fa2d5651b	k__Bacteria; p__Cyanobacteria; c__Chloroplast; o__Streptophyta; f__; g__; s__	0.99999999984135
c174af116408b49b556ebdd4ab5cda32	k__Bacteria; p__Firmicutes; c__Clostridia; o__Clostridiales; f__Ruminococcaceae; g__; s__	0.9685229662292248
ffa775cffc4cb9e3d803369523abe56c	k__Bacteria; p__Fusobacteria; c__Fusobacteriia; o__Fusobacteriales; f__Fusobacteriaceae; g__Fusobacterium; s__periodonticum	0.818445145456031
46cfb03abc3f458e7f1e79c8750d1965	k__Bacteria; p__Fusobacteria; c__Fusobacteriia; o__Fusobacteriales; f__Leptotrichiaceae; g__Leptotrichia; s__sp._oral_taxon_221	0.9999562840292714
f7347cceb5ce8a279e8d6e1e5549af3e	k__Bacteria; p__Bacteroidetes; c__Bacteroidia; o__Bacteroidales; f__Prevotellaceae; g__Prevotella; s__shahii	0.7262682654175832
85529f2ba3520cd21af8aa540fd91665	k__Bacteria; p__Bacteroidetes; c__Bacteroidia; o__Bacteroidales; f__Porphyromonadaceae; g__Porphyromonas; s__gingivalis	0.9905512809033582
b9f89396c65661e751d49d4e0c1dface	k__Bacteria; p__Spirochaetes; c__Spirochaetia; o__Spirochaetales; f__Spirochaetaceae; g__Treponema; s__sp._oral_taxon_258	0.999370335771506
aaf4dae9f5f73515a2274b0b69bb36c5	k__Bacteria; p__Firmicutes; c__Clostridia; o__Clostridiales; f__Lachnospiraceae	0.8506170082068835
c2b3f7dfe2a729e84fa428b5eee3e2e3	k__Bacteria; p__Firmicutes; c__Clostridia; o__Clostridiales; f__Lachnospiraceae_[XIV]; g__Lachnospiraceae_[G-8]; s__sp._oral_taxon_500	0.9999999969890894
2763f37ac0caf9db679e74ef65cecb9a	k__Bacteria; p__Bacteroidetes; c__Flavobacteriia; o__Flavobacteriales; f__Flavobacteriaceae; g__Capnocytophaga	0.9999999999945914
9f638dbf2a9c17351b164b7fa670775d	k__Bacteria; p__Bacteroidetes; c__Bacteroidia; o__Bacteroidales; f__Prevotellaceae; g__Alloprevotella; s__rava	0.9994669471859973
c031927e3dcac899931867fbb2eaa2ab	k__Bacteria; p__Proteobacteria; c__Gammaproteobacteria; o__Pasteurellales; f__Pasteurellaceae; g__Haemophilus; s__parainfluenzae	0.8691852610989116
8d3ff04f39db3e1c69927f097926b8c9	k__Bacteria; p__Firmicutes; c__Clostridia; o__Clostridiales; f__Lachnospiraceae_[XIV]; g__Oribacterium; s__asaccharolyticum	0.9625385660661463
336b78ca7e8a5469a40443bc6c396c4b	k__Bacteria; p__Bacteroidetes; c__Bacteroidia; o__Bacteroidales; f__Prevotellaceae; g__Prevotella; s__pleuritidis	0.99999998981977
8f0948c031813fdc6aaf8f95e942070a	k__Bacteria; p__Proteobacteria; c__Betaproteobacteria; o__Burkholderiales; f__Comamonadaceae; g__Ottowia; s__sp._oral_taxon_894	0.9998915683461642
6421c3d87219c4d67d73ec68a696cf46	k__Bacteria; p__Fusobacteria; c__Fusobacteriia; o__Fusobacteriales; f__Leptotrichiaceae; g__Leptotrichia; s__sp._oral_taxon_218	0.9993365183075696
c3c7490ba8710ef42bdd72f6671af5ef	k__Bacteria; p__Bacteroidetes; c__Bacteroidia; o__Bacteroidales; f__Prevotellaceae; g__Prevotella	0.9999999999999977
a5416958ead0695ac0a40106e373e0dc	k__Bacteria; p__Actinobacteria; c__Actinobacteria; o__Bifidobacteriales; f__Bifidobacteriaceae; g__Parascardovia; s__denticolens	0.9862418561168108
70025294300949c7d4e7019e7253cf80	k__Bacteria; p__Firmicutes; c__Clostridia; o__Clostridiales; f__Veillonellaceae; g__Selenomonas; s__	0.717819675163133
ec16311a32f02eea8b74f90f13f11db2	k__Bacteria; p__Bacteroidetes; c__Bacteroidia; o__Bacteroidales; f__Prevotellaceae; g__Prevotella; s__micans	0.9999999654951216
20d5f64a2782091dd1efce6412df0426	k__Bacteria; p__Bacteroidetes; c__Bacteroidia; o__Bacteroidales; f__Prevotellaceae; g__Prevotella; s__sp._oral_taxon_526	0.9999999999948415
77177dfc1a8abb17f65631895054a047	k__Bacteria; p__Fusobacteria; c__Fusobacteriia; o__Fusobacteriales; f__Leptotrichiaceae; g__Leptotrichia; s__goodfellowii	0.9993177518587163
52e09cda03abf23cd403c468a6ba77c9	k__Bacteria; p__Firmicutes; c__Bacilli	0.9999999999980227
74ed3759e6d759de2d0cb0d4ec45acd0	k__Bacteria; p__Spirochaetes; c__Spirochaetes; o__Spirochaetales; f__Spirochaetaceae; g__Treponema; s__amylovorum	0.9645827499555013
5c1aa1395012421c7e1c7e4b452e0835	k__Bacteria; p__Fusobacteria; c__Fusobacteriia; o__Fusobacteriales; f__Leptotrichiaceae; g__Leptotrichia	0.9999999999997288
adb52d86b36d166aea4f15cc04d4861c	k__Bacteria; p__Fusobacteria; c__Fusobacteriia; o__Fusobacteriales; f__Leptotrichiaceae; g__Leptotrichia	0.9999999999999756
e0f768f83c806d592efdc2f890ff6dfe	k__Bacteria; p__Bacteroidetes; c__Bacteroidia; o__Bacteroidales; f__Prevotellaceae; g__Alloprevotella; s__sp._oral_taxon_308	0.8646004007544208
8e3f4f7fb453a1415325265ee87ff78f	k__Bacteria; p__Bacteroidetes; c__Bacteroidia; o__Bacteroidales; f__Bacteroidaceae; g__Bacteroidaceae_[G-1]; s__sp._oral_taxon_272	0.9999999999999858
cbac20628dbb41c0bfb50391f0f2c0d8	k__Bacteria; p__Bacteroidetes; c__Bacteroidia; o__Bacteroidales; f__Prevotellaceae; g__Prevotella	0.9999999999996922
41a3019ceb615b789aed16daf4d47a5d	k__Bacteria; p__Bacteroidetes; c__Bacteroidia; o__Bacteroidales; f__Prevotellaceae; g__Prevotella	0.999999999999928
3e3ca1e4182fe60d2273be774083a583	k__Bacteria; p__Bacteroidetes; c__Bacteroidia; o__Bacteroidales; f__Prevotellaceae; g__Prevotella; s__melaninogenica	0.9973043808608959
f3169991a5103975fca26b38974db5a8	k__Bacteria	0.9999999999999973
f05ad83d14b497b91bb56e2dfe2f84c2	k__Bacteria; p__Bacteroidetes; c__Bacteroidia; o__Bacteroidales; f__Porphyromonadaceae; g__Porphyromonas; s__endodontalis	0.9178669546280309
25d34d693f0a74b82e042f59fe8cfd16	k__Bacteria; p__Firmicutes; c__Clostridia; o__Clostridiales	0.9999999999990743
00de896f6fee1f42cd52bb015fab3819	k__Bacteria; p__Firmicutes; c__Bacilli; o__Lactobacillales; f__Lactobacillaceae; g__Lactobacillus; s__salivarius	0.8588638582775798
e619222a149ff7ee8ce555ee2c665ded	k__Bacteria; p__Firmicutes; c__Mollicutes; o__Mycoplasmatales; f__Mycoplasmataceae; g__Mycoplasma; s__faucium	0.7412474096259494
48d0910a03b66a58d8762c1deb5908fa	k__Bacteria; p__Bacteroidetes; c__Flavobacteriia; o__Flavobacteriales; f__Flavobacteriaceae; g__Bergeyella; s__sp._oral_taxon_322	0.9922573767808518
1e38f311a2fb9fa363fe6f2a2b93d6f5	k__Bacteria; p__Bacteroidetes; c__Bacteroidia; o__Bacteroidales; f__Prevotellaceae; g__Prevotella; s__pallens	0.9998162234699921
dc3448bb4f05928250718b1a5cddc48a	k__Bacteria; p__Spirochaetes; c__Spirochaetia; o__Spirochaetales; f__Spirochaetaceae; g__Treponema	0.9999997634136941
d2bd940e69f6c0032ceab7742f4c838d	k__Bacteria; p__Bacteroidetes; c__Bacteroidia; o__Bacteroidales; f__Prevotellaceae; g__Prevotella; s__salivae	0.9999911098009567
da8b45aea11ef7d6f045026292749b56	k__Bacteria; p__Fusobacteria; c__Fusobacteriia; o__Fusobacteriales; f__Leptotrichiaceae; g__Leptotrichia; s__sp._oral_taxon_221	0.9997022838274189
c1dbfcb75fde0c1c95ad012d9cb39bda	k__Bacteria; p__Spirochaetes; c__Spirochaetia; o__Spirochaetales; f__Spirochaetaceae; g__Treponema	0.9999999715756465
b7b2f65a268eaf95cc949226c40ac09d	k__Bacteria; p__Fusobacteria; c__Fusobacteriia; o__Fusobacteriales; f__Leptotrichiaceae; g__Leptotrichia; s__sp._oral_taxon_221	0.9998667678789298
87ac3c15f507d301070f531d681b183d	k__Bacteria; p__Actinobacteria; c__Actinobacteria; o__Actinomycetales; f__Actinomycetaceae; g__Actinomyces; s__sp._oral_taxon_525	0.9651528619470598
09eba62c694a96f1b079b1a6b13dca4b	k__Bacteria; p__Proteobacteria; c__Betaproteobacteria; o__Neisseriales; f__Neisseriaceae; g__Neisseria	0.9968124890209894
6136241f6e53699b0fb733e8ee818f0b	k__Bacteria; p__Firmicutes; c__Bacilli; o__Lactobacillales; f__Lactobacillaceae; g__Lactobacillus; s__reuteri	0.8757853722259586
32f0387e0536d5556d53813246d91244	k__Bacteria; p__Firmicutes; c__Bacilli; o__Lactobacillales; f__Streptococcaceae; g__Streptococcus	0.9999999794335611
9d80d8430f2a3d3139c70bf27d0228cd	k__Bacteria; p__Proteobacteria; c__Gammaproteobacteria; o__Pasteurellales; f__Pasteurellaceae; g__Aggregatibacter	0.9355563664544106
bf52cf53c743bb79a5eb26cfa25b8d9b	k__Bacteria; p__Firmicutes; c__Mollicutes; o__Mycoplasmatales; f__Mycoplasmataceae; g__Mycoplasma; s__salivarium	0.9651567617045514
41eae25c93981685788ef6e4b5a43a43	k__Bacteria; p__Proteobacteria; c__Betaproteobacteria; o__Neisseriales; f__Neisseriaceae	0.9999999994076059
8512a2422f0cd61a03a79b0da0998d62	k__Bacteria; p__Firmicutes; c__Clostridia; o__Clostridiales; f__Lachnospiraceae_[XIV]; g__Lachnospiraceae_[G-2]; s__sp._oral_taxon_096	0.9994271509239971
115af462cf94465a7c4f9e4645c8a318	k__Bacteria; p__Fusobacteria; c__Fusobacteriia; o__Fusobacteriales; f__Leptotrichiaceae; g__Leptotrichia	0.999999999992619
ce3c0641ba3ed38303deb3834ee7d202	k__Bacteria; p__Bacteroidetes; c__Bacteroidetes_[C-1]; o__Bacteroidetes_[O-1]; f__Bacteroidetes_[F-1]; g__Bacteroidetes_[G-5]; s__sp._oral_taxon_511	0.9999244715233309
c18dcf4e14f509f7a1734612bd4762f5	k__Bacteria; p__Tenericutes; c__Mollicutes; o__RF39; f__; g__; s__	0.9999999864525507
1e49244f05ccb4d76b7d89c839f34ff2	k__Bacteria; p__Spirochaetes; c__Spirochaetia; o__Spirochaetales; f__Spirochaetaceae; g__Treponema	0.9999999980572002
e5672be3253ff2832a391d3a54703d30	k__Bacteria; p__Bacteroidetes; c__Bacteroidia; o__Bacteroidales; f__Prevotellaceae; g__Prevotella	0.9999999999999897
af36a7a5f26c9e9584812275544d322e	k__Bacteria; p__Bacteroidetes; c__Bacteroidia; o__Bacteroidales; f__Prevotellaceae; g__Prevotella; s__melaninogenica	0.907697337721632
662f1f425e04ea974b99f6370b527db7	k__Bacteria; p__Firmicutes; c__Bacilli; o__Lactobacillales; f__Streptococcaceae; g__Streptococcus	0.999999981838669
823d6ee72336e0115aeec532203d44d5	k__Bacteria; p__Firmicutes; c__Clostridia; o__Clostridiales	0.9999999999971012
4ee54f33f2a2848ba1d68b13a0453534	k__Bacteria; p__Firmicutes; c__Clostridia; o__Clostridiales; f__Ruminococcaceae	0.7963339793347194
1582a4b89b9adc01ca2ae4d1d488c420	k__Bacteria; p__Proteobacteria; c__Betaproteobacteria; o__Neisseriales; f__Neisseriaceae; g__Neisseria	0.9779612981763939
0f2c388f1193a18b0bdec4aaef6b2b5d	k__Bacteria; p__Bacteroidetes; c__Bacteroidia; o__Bacteroidales; f__Prevotellaceae; g__Prevotella; s__melaninogenica	0.8035338820031558
9673ede760b7c47c8ec8970a3af64c54	k__Bacteria; p__Firmicutes	0.9999999999999043
de49dd231e03695d6de2a32b95e56cc6	k__Bacteria; p__Bacteroidetes; c__Bacteroidia; o__Bacteroidales; f__Prevotellaceae; g__Prevotella; s__sp._oral_taxon_315	0.9999999929637511
368ff339d741ee9f0f1fdbcd7d352fbe	k__Bacteria; p__Fusobacteria; c__Fusobacteriia; o__Fusobacteriales; f__Leptotrichiaceae; g__Leptotrichia; s__sp._oral_taxon_218	0.9997830417090603
16751e5d102fb654e1a98ae690a4e45e	k__Bacteria; p__Firmicutes; c__Bacilli; o__Lactobacillales; f__Streptococcaceae; g__Streptococcus	0.9999999929634067
4293b2dd57230d0981e5ee984b0404af	k__Bacteria; p__Bacteroidetes; c__Flavobacteriia; o__Flavobacteriales; f__Flavobacteriaceae; g__Capnocytophaga; s__sputigena	0.9587225777072089
3074a3829fc14485a3f5d2067525b51d	k__Bacteria; p__Bacteroidetes; c__Bacteroidia; o__Bacteroidales; f__Prevotellaceae; g__Prevotella; s__sp._oral_taxon_472	0.8569529371232399
6cf9663da4bacdee6e033ec6e98e7803	k__Bacteria; p__Firmicutes; c__Clostridia; o__Clostridiales	0.9999999999989686
958f88b86d98e655120a14d39a14e471	k__Bacteria; p__Proteobacteria; c__Gammaproteobacteria; o__Pasteurellales; f__Pasteurellaceae	0.9999999999997553
5c68537d4a167cd87920b8efc7cc8348	k__Bacteria; p__Actinobacteria; c__Actinobacteria; o__Bifidobacteriales; f__Bifidobacteriaceae; g__Parascardovia; s__denticolens	0.9897775950363317
bc85528910ade6151c62f00fae6abb62	k__Bacteria; p__Bacteroidetes; c__Bacteroidia; o__Bacteroidales; f__Prevotellaceae; g__Alloprevotella; s__sp._oral_taxon_912	0.9035841761555111
0652bd2bad4584ae81ab901e0b9e4f67	k__Bacteria; p__Fusobacteria; c__Fusobacteriia; o__Fusobacteriales; f__Leptotrichiaceae; g__Leptotrichia	0.999999999999919
e71eeb7040deb7340dcbeec997218178	k__Bacteria; p__Bacteroidetes; c__Bacteroidia; o__Bacteroidales; f__Prevotellaceae; g__Prevotella; s__oris	0.9999807373862846
1240a244a4de9a02774e9036a7c06375	k__Bacteria; p__Fusobacteria; c__Fusobacteriia; o__Fusobacteriales; f__Leptotrichiaceae; g__Sneathia	0.9990836589042177
e3b392c3a967d20c8ad30819361a4e56	k__Bacteria; p__Fusobacteria; c__Fusobacteriia; o__Fusobacteriales; f__Leptotrichiaceae; g__Leptotrichia	0.9999999999983447
83b56be8b18a9b9f9e57ceb22881fa4c	k__Bacteria; p__Firmicutes; c__Clostridia; o__Clostridiales; f__Lachnospiraceae_[XIV]; g__Lachnospiraceae_[G-3]; s__sp._oral_taxon_100	0.9999999769033965
53abe57dc7ef7f3783c4941a9134b301	k__Bacteria; p__Proteobacteria; c__Betaproteobacteria; o__Neisseriales; f__Neisseriaceae; g__Neisseria	0.7704290440000231
3c4e387b55bd5bd37e6c1285e9cf1802	k__Bacteria; p__Actinobacteria; c__Coriobacteriia; o__Eggerthellales; f__Eggerthellaceae; g__Cryptobacterium; s__curtum	0.9999999869179136
8188113ae4cd00d28de8270ee19a7e4a	k__Bacteria; p__Firmicutes; c__Bacilli; o__Lactobacillales; f__Carnobacteriaceae; g__Granulicatella; s__adiacens	0.7501033212562023
bcae1dc142cf6c680580b2fdf499680b	k__Bacteria; p__Firmicutes; c__Bacilli; o__Lactobacillales; f__Streptococcaceae; g__Streptococcus; s__anginosus	0.9976978383796448
5210f2636f400f54d5ab422b2224b83c	k__Bacteria; p__Bacteroidetes; c__Bacteroidia; o__Bacteroidales; f__Prevotellaceae; g__Alloprevotella; s__sp._oral_taxon_308	0.861025739800452
2fce0ab07ef42d669f67f4bedbd2cd60	k__Bacteria; p__Firmicutes; c__Bacilli; o__Lactobacillales; f__Streptococcaceae; g__Streptococcus	0.9999999763233683
e0de54a0f8ac60bece17e3ba1e3442d9	k__Bacteria; p__Firmicutes; c__Clostridia; o__Clostridiales; f__Lachnospiraceae_[XIV]; g__Lachnospiraceae_[G-3]; s__sp._oral_taxon_100	0.9999999955174559
076c80968db9b9204b61d6589f696812	k__Bacteria; p__Bacteroidetes; c__Bacteroidia; o__Bacteroidales; f__Prevotellaceae; g__Prevotella; s__pleuritidis	0.9999998923336109
2709f67ace5e0aa081032d8cf0043ad9	k__Bacteria; p__Bacteroidetes; c__Bacteroidia; o__Bacteroidales; f__Prevotellaceae; g__Prevotella	0.999999999999992
f03544708df0033e482f4f3bf1933ed5	k__Bacteria; p__Firmicutes; c__Bacilli; o__Lactobacillales; f__Lactobacillaceae; g__Lactobacillus; s__equicursoris	0.7022123686916509
e8e9cf7de74a9acbd144eba0cf79f2ee	k__Bacteria; p__Bacteroidetes; c__Bacteroidia; o__Bacteroidales; f__Prevotellaceae; g__Prevotella; s__oris	0.9999591995483457
2430a20f3f4f5da8cff16f5143110b9b	k__Bacteria; p__Firmicutes; c__Bacilli; o__Lactobacillales; f__Carnobacteriaceae; g__Granulicatella; s__adiacens	0.7194424731806495
4a74ed6898932dbaa8465dc91909a620	k__Bacteria; p__Bacteroidetes; c__Bacteroidia; o__Bacteroidales; f__Prevotellaceae; g__Prevotella; s__oris	0.9999912470072824
79cba13c493e80cad293d289cf0d40de	k__Bacteria; p__Firmicutes; c__Clostridia; o__Clostridiales; f__Lachnospiraceae_[XIV]; g__Lachnospiraceae_[G-8]; s__sp._oral_taxon_500	0.9999999757550743
6d3c0e285773c4a42c4e1a579904305d	k__Bacteria; p__Proteobacteria; c__Epsilonproteobacteria; o__Campylobacterales; f__Campylobacteraceae; g__Campylobacter	0.9999999999999933
f0595cd227bd60903f3fc401923598cf	k__Bacteria; p__Actinobacteria; c__Actinobacteria; o__Actinomycetales; f__Pseudonocardiaceae; g__; s__	0.9924268142317544
e01d1ae6a2436b3990f829678e7ae588	k__Bacteria; p__Firmicutes; c__Bacilli; o__Lactobacillales; f__Streptococcaceae; g__Streptococcus	0.9999999296968821
58a749fab41fbd98bdc02c738465419f	k__Bacteria; p__Tenericutes; c__Mollicutes; o__Acholeplasmatales; f__Acholeplasmataceae; g__Acholeplasma; s__	0.9999838952140815
509254b7cfa60c399e0794e5d04adcbb	k__Bacteria; p__Bacteroidetes; c__Bacteroidia; o__Bacteroidales; f__Prevotellaceae; g__Prevotella; s__oris	0.999949774722741
e59390104ae4fd4c9016ade4be0cc67e	k__Bacteria; p__Bacteroidetes; c__Bacteroidia; o__Bacteroidales; f__Prevotellaceae; g__Prevotella	0.9999999999999949
e05c4494d7b9534b45992499683a9c47	k__Bacteria; p__Firmicutes	0.9999999999997782
75e8fd8a950f9c8a424b8f473c3855bf	k__Bacteria; p__Proteobacteria; c__Gammaproteobacteria; o__Chromatiales; f__Chromatiaceae; g__; s__	0.804475560730111
46fe808c5977668c7d9abc49994a4000	k__Bacteria; p__Cyanobacteria; c__Chloroplast; o__Chlorophyta; f__; g__; s__	0.9999727231827865
4f39596379e08f2477f31177c93d646c	k__Bacteria; p__SR1; c__SR1_[C-1]; o__SR1_[O-1]; f__SR1_[F-1]; g__SR1_[G-1]; s__sp._oral_taxon_345	0.9999713633547281
ca12628e12c3bfb7066ee81ba518e776	k__Bacteria; p__Firmicutes; c__Clostridia; o__Clostridiales; f__Veillonellaceae; g__Selenomonas; s__noxia	0.9165372296686659
0513c7e134b86d45097b77476567758d	k__Bacteria; p__Proteobacteria; c__Gammaproteobacteria; o__Pasteurellales; f__Pasteurellaceae	0.9999999999997603
cd3271cf8a5a7ecd7a9d10a5ac11854d	k__Bacteria; p__Proteobacteria; c__Betaproteobacteria; o__Neisseriales; f__Neisseriaceae; g__Neisseria	0.9973867077145482
d15957bff29abefa7c04132ff3fadca2	k__Bacteria; p__Bacteroidetes; c__Flavobacteriia; o__Flavobacteriales; f__Flavobacteriaceae; g__Bergeyella; s__sp._oral_taxon_907	0.9662489225108054
61f4306b9121a121b12284616a1211be	k__Bacteria; p__Firmicutes; c__Clostridia; o__Clostridiales; f__Lachnospiraceae_[XIV]; g__Lachnospiraceae_[G-2]; s__sp._oral_taxon_088	0.7802746994555382
a20aa65f969415f9b5cad7e698c3265b	k__Bacteria; p__Bacteroidetes; c__Flavobacteriia; o__Flavobacteriales; f__Flavobacteriaceae; g__Capnocytophaga; s__gingivalis	0.9949449159253473
df08ace79ba4386a4ca4b41f88598c42	k__Bacteria; p__Proteobacteria; c__Gammaproteobacteria; o__Pasteurellales; f__Pasteurellaceae; g__Haemophilus; s__parainfluenzae	0.8768553311322275
d1cfc9680add0de9e97bfc33cf7537ae	k__Bacteria; p__Bacteroidetes; c__Bacteroidia; o__Bacteroidales; f__Prevotellaceae; g__Prevotella; s__sp._oral_taxon_475	0.9999997050134946
cc624f94b25ca0f20a1c44c5fdb9b44d	k__Bacteria; p__Actinobacteria; c__Actinobacteria; o__Actinomycetales; f__Micrococcaceae; g__Rothia; s__aeria	0.9807173087959784
2cd5f69097028681130f3663ae6f2f45	k__Bacteria; p__Fusobacteria; c__Fusobacteriia; o__Fusobacteriales; f__Fusobacteriaceae; g__Fusobacterium	0.9999055380834418
9f40c362aa38014b70940ccabe528cb6	k__Bacteria; p__Proteobacteria; c__Betaproteobacteria; o__Neisseriales; f__Neisseriaceae; g__Neisseria	0.9258657073432399
1afbd0f537e6d39adb41c791bc85fbb3	k__Bacteria; p__Firmicutes; c__Negativicutes; o__Selenomonadales; f__Veillonellaceae; g__Veillonella; s__parvula	0.7436080760165599
6bbc78706322a61a9ecf3a4e003c0607	k__Bacteria; p__Bacteroidetes; c__Bacteroidia; o__Bacteroidales; f__Prevotellaceae; g__Prevotella; s__oris	0.9999957096812385
f58fbdd21fc2cada59a27f61ffba4af2	k__Bacteria; p__Fusobacteria; c__Fusobacteriia; o__Fusobacteriales; f__Fusobacteriaceae; g__Fusobacterium; s__periodonticum	0.7643608987122237
e1849973667557830e8011fa2e491cbd	k__Bacteria; p__Firmicutes; c__Clostridia; o__Clostridiales; f__[Tissierellaceae]; g__; s__	0.9903388063947581
1efe1c9511c5c7b614c017019bc7ecbd	k__Bacteria; p__Firmicutes; c__Clostridia; o__Clostridiales; f__Lachnospiraceae_[XIV]; g__Lachnoanaerobaculum; s__orale	0.881520999190806
91d79a36cbbde1a42fd49ea9f63c42bf	k__Bacteria; p__Bacteroidetes; c__Bacteroidia; o__Bacteroidales; f__Prevotellaceae; g__Prevotella; s__melaninogenica	0.9657981050304649
93f02120b3779efe593abda411081a82	k__Bacteria; p__Actinobacteria; c__Actinobacteria; o__Bifidobacteriales; f__Bifidobacteriaceae; g__Bifidobacterium; s__animalis	0.7779615626008125
585ba175f94c2ecd8adf801ac28ccd26	k__Bacteria; p__Bacteroidetes; c__Bacteroidia; o__Bacteroidales; f__Prevotellaceae; g__Prevotella; s__oris	0.999990611776882
f0db65b331a68eac05efb73ff38c7463	k__Bacteria; p__Firmicutes; c__Clostridia; o__Clostridiales; f__Lachnospiraceae_[XIV]; g__Lachnospiraceae_[G-3]; s__sp._oral_taxon_100	0.9999998646436218
0ac9d3542bd688e549c90492fb2ac7fc	k__Bacteria; p__Proteobacteria; c__Epsilonproteobacteria; o__Campylobacterales; f__Campylobacteraceae; g__Campylobacter; s__gracilis	0.9698440103745688
41b23d56fd14c690465be0bc28771496	k__Bacteria; p__Bacteroidetes; c__Bacteroidia; o__Bacteroidales; f__Porphyromonadaceae; g__Tannerella; s__	0.7127441419754527
35407fa09f452855c3927de5c755617d	k__Bacteria; p__Firmicutes; c__Bacilli; o__Lactobacillales; f__Streptococcaceae; g__Streptococcus	0.9999999520146591
d9a1e2ad266f20fa00d07b136f74aadd	k__Bacteria; p__Firmicutes; c__Clostridia; o__Clostridiales; f__Ruminococcaceae; g__Ruminococcaceae_[G-1]; s__sp._oral_taxon_075	0.7820223996615111
ba0e71495c2437f442697c3addc5312c	k__Bacteria; p__Bacteroidetes; c__Bacteroidia; o__Bacteroidales; f__Prevotellaceae; g__Prevotella; s__sp._oral_taxon_526	0.9999999999958646
3000a34d7143d2732356e48011dc6caf	k__Bacteria; p__Bacteroidetes; c__Bacteroidia; o__Bacteroidales; f__Prevotellaceae; g__Prevotella; s__melaninogenica	0.9894016853243545
bace53be90fae7cab0b35468cb412fc0	k__Bacteria; p__Fusobacteria; c__Fusobacteriia; o__Fusobacteriales; f__Leptotrichiaceae; g__Leptotrichia; s__sp._oral_taxon_219	0.9870249182865869
1c619664c9680d3874cae604e3c436fa	k__Bacteria; p__Bacteroidetes; c__Bacteroidia; o__Bacteroidales; f__Porphyromonadaceae; g__Porphyromonas; s__gingivalis	0.9831346848964168
32004e8637b9eb8775717ead472caad7	k__Bacteria; p__Cyanobacteria; c__Synechococcophycideae; o__Synechococcales; f__Synechococcaceae; g__Synechococcus; s__	0.9993899048055885
8f2e06e8bdf3375bc97eaeda73a3c1ce	k__Bacteria; p__Firmicutes; c__Clostridia; o__Clostridiales; f__Ruminococcaceae; g__Faecalibacterium; s__prausnitzii	0.995385315362432
cab3375a5fc43c97cdcf3a2fc0189381	k__Bacteria; p__Fusobacteria; c__Fusobacteriia; o__Fusobacteriales; f__Fusobacteriaceae; g__Fusobacterium; s__periodonticum	0.7565163609185026
76f210435cdac7e12520a1b3e6080f1b	k__Bacteria; p__Firmicutes; c__Clostridia; o__Clostridiales; f__Lachnospiraceae_[XIV]; g__Lachnospiraceae_[G-2]; s__sp._oral_taxon_096	0.9998932770338226
6e1716ce8314f633ec1672bfbe3638f7	k__Bacteria; p__Actinobacteria; c__Actinobacteria; o__Actinomycetales; f__Actinomycetaceae; g__Actinomyces; s__sp._oral_taxon_414	0.8565333150840735
5d7d325427b5a6fcc3c2e2ba01ce450a	k__Bacteria; p__Spirochaetes; c__Spirochaetes; o__Spirochaetales; f__Spirochaetaceae; g__Treponema; s__	0.9940701762333854
cd1fcb5a1508f92bce1c24b440c9c55f	k__Bacteria; p__Gracilibacteria_(GN02); c__GN02_[C-1]; o__GN02_[O-1]; f__GN02_[F-1]; g__GN02_[G-1]; s__sp._oral_taxon_872	0.9999977491826861
cee74e4e8cd6c58dd5a4d45932c25ab5	k__Bacteria; p__Fusobacteria; c__Fusobacteriia; o__Fusobacteriales; f__Leptotrichiaceae; g__Leptotrichia	0.9999999999958024
5ce01b5201cfc336f4a4e3c828dd53ca	k__Bacteria; p__Firmicutes	0.9999999999999618
73d9eeaf28f5abb04d8f41f0c54ba4de	k__Bacteria; p__Firmicutes; c__Negativicutes; o__Selenomonadales; f__Veillonellaceae; g__Anaeroglobus; s__geminatus	0.8258198314091786
fcef1d7e21cd9c9c76cd4f5b9b45980b	k__Bacteria; p__Proteobacteria; c__Betaproteobacteria; o__Neisseriales; f__Neisseriaceae; g__Neisseria	0.9992097772458323
dac6fcc617eb4bc17f9253ba5e674428	k__Bacteria; p__Firmicutes; c__Bacilli; o__Lactobacillales; f__Streptococcaceae; g__Streptococcus	0.9999999800248948
1f87e8600f605491de0641abd47c4cf3	k__Bacteria; p__Firmicutes; c__Clostridia; o__Clostridiales; f__Lachnospiraceae_[XIV]; g__Lachnospiraceae_[G-3]; s__sp._oral_taxon_100	0.9999998474755901
b1d3629bc1e8dc057aa49ba197467e71	k__Bacteria; p__Firmicutes; c__Clostridia; o__Clostridiales; f__Peptostreptococcaceae_[XI]; g__Peptostreptococcaceae_[XI][G-1]; s__[Eubacterium]_infirmum	0.8640649804921952
d2f3b2d2b4b630aee536180d2c6f266d	k__Bacteria; p__Bacteroidetes; c__Bacteroidetes_[C-1]; o__Bacteroidetes_[O-1]; f__Bacteroidetes_[F-1]; g__Bacteroidetes_[G-7]; s__sp._oral_taxon_911	0.9999999919818663
27f57fd362e8a47da8eaf32f1b1b96c6	k__Bacteria; p__Proteobacteria; c__Betaproteobacteria; o__Neisseriales; f__Neisseriaceae	0.9999999998780558
25b690a995035c3a47e3c3df04399bc9	k__Bacteria; p__Bacteroidetes; c__Bacteroidia; o__Bacteroidales; f__Prevotellaceae; g__Prevotella; s__salivae	0.9999734716464497
02c786c2a47c51abd1c59873fa6927ea	k__Bacteria; p__Bacteroidetes; c__Bacteroidia; o__Bacteroidales; f__Prevotellaceae; g__Prevotella; s__salivae	0.999580252265418
78ea8586623997a94a5f7273f5bb4453	k__Bacteria; p__Bacteroidetes; c__Bacteroidia; o__Bacteroidales; f__Prevotellaceae; g__Prevotella; s__sp._oral_taxon_526	0.9999999999917009
19a3e47a58a0ae119e1ba6b51f0d69e8	k__Bacteria; p__Firmicutes; c__Clostridia; o__Clostridiales	0.9999999999329708
98dad12a463bd800cb258d2381b1c030	k__Bacteria; p__Firmicutes; c__Bacilli; o__Lactobacillales; f__Streptococcaceae; g__Streptococcus	0.9999999714144001
ebb02c413152cc4f5b70e2ee984186c2	k__Bacteria; p__Spirochaetes; c__Spirochaetia; o__Spirochaetales; f__Spirochaetaceae; g__Treponema; s__maltophilum	0.8778756854704453
1b1004454c47185e07b8ac963a495b27	k__Bacteria; p__Firmicutes; c__Negativicutes; o__Selenomonadales; f__Veillonellaceae; g__Megasphaera; s__sp._oral_taxon_123	0.9998305551110847
9264bca857022ee46a71319bba1929db	k__Bacteria; p__Bacteroidetes; c__Bacteroidia; o__Bacteroidales; f__Prevotellaceae; g__Alloprevotella; s__rava	0.9987890854113697
a19ce2a38c4018ba3206fe23267bfd5b	k__Bacteria; p__Bacteroidetes; c__Bacteroidia; o__Bacteroidales; f__Prevotellaceae; g__Prevotella; s__salivae	0.9999895641767271
4bfcbade3891f4c24386d8ad3ceee097	k__Bacteria; p__Firmicutes; c__Bacilli; o__Lactobacillales; f__Streptococcaceae; g__Streptococcus	0.9999999540760859
ef2badbdab138e92cf094ca7035be493	k__Bacteria; p__Firmicutes	0.9999999999999645
f2014fd94560882ce459cd6ee1bdd494	k__Bacteria; p__Proteobacteria; c__Betaproteobacteria; o__Neisseriales; f__Neisseriaceae; g__Kingella	0.9937349436375091
c38fa1fb0026f3b97527ac3920ab1d4a	k__Bacteria; p__Firmicutes; c__Clostridia; o__Clostridiales	0.9999999998681772
e4c732739bcc62ac3c39147a9a6511da	k__Bacteria; p__Actinobacteria; c__Actinobacteria; o__Actinomycetales; f__; g__; s__	0.9812788626651913
3943186118757e437c00774639975bdf	k__Bacteria; p__Firmicutes; c__Clostridia; o__Clostridiales; f__Ruminococcaceae; g__Faecalibacterium; s__prausnitzii	0.9996017224051009
3d616520c2d6b9d1c742002c3ddcc26c	k__Bacteria; p__Bacteroidetes; c__Bacteroidia; o__Bacteroidales; f__Prevotellaceae; g__Prevotella; s__pleuritidis	0.9999998912138951
6835cc726833c02d4cefbe07713c79f9	k__Bacteria; p__Tenericutes; c__Mollicutes; o__Acholeplasmatales; f__Acholeplasmataceae; g__Acholeplasma; s__	0.9981668294744692
bbd5d0d1351e97f0eb89e739d691d73f	k__Bacteria; p__Bacteroidetes; c__Bacteroidia; o__Bacteroidales; f__Prevotellaceae; g__Alloprevotella; s__sp._oral_taxon_308	0.8645015201947698
cacc30c0f55452e1a40faeaa8867c98b	k__Bacteria; p__Spirochaetes; c__Spirochaetes; o__Spirochaetales; f__Spirochaetaceae; g__Treponema; s__amylovorum	0.9698067355565294
68970f7d7bc265ab79eed8caaced1b18	k__Bacteria; p__Actinobacteria; c__Actinobacteria; o__Actinomycetales; f__Mycobacteriaceae; g__Mycobacterium; s__	0.9580943375922518
d38919dd130e2d588668f77a575a8bbe	k__Bacteria; p__Bacteroidetes; c__Bacteroidia; o__Bacteroidales; f__Prevotellaceae; g__Prevotella; s__melaninogenica	0.7809539519017811
5cc4501ce98ad7ed1ef4cca04e7a282c	k__Bacteria; p__Firmicutes	0.9999999999998522
59ee910acc5a41500f03416f82629786	k__Bacteria; p__Bacteroidetes; c__Bacteroidia; o__Bacteroidales; f__Prevotellaceae; g__Prevotella; s__denticola	0.999413100411084
7ec5783c989acefee161335fff6a050c	k__Bacteria; p__Firmicutes; c__Bacilli; o__Lactobacillales; f__Streptococcaceae; g__Streptococcus; s__salivarius	0.8835259793882095
51d106ecb4de90af6daaafb5f0b3c509	k__Bacteria; p__Bacteroidetes; c__Bacteroidia; o__Bacteroidales; f__Prevotellaceae; g__Prevotella; s__salivae	0.999994963372324
754f6a77677766cbdf8ee79804b0f84a	k__Bacteria; p__Firmicutes; c__Bacilli; o__Lactobacillales; f__Carnobacteriaceae; g__Granulicatella; s__adiacens	0.7732403868006925
bc1662b8ad9a75d34c76d8911e7df077	k__Bacteria; p__Bacteroidetes; c__Bacteroidia; o__Bacteroidales; f__Prevotellaceae; g__Prevotella; s__nanceiensis	0.9999999769233912
4a69d24770a4e55e623f387e19872155	k__Bacteria; p__Synergistetes; c__Synergistia; o__Synergistales; f__Synergistaceae; g__Fretibacterium	0.9268170802364492
a353748614b315e23eb33a4d4a2ecbda	k__Bacteria; p__Proteobacteria; c__Deltaproteobacteria; o__Desulfobacterales; f__Desulfobulbaceae; g__Desulfobulbus; s__sp._oral_taxon_041	0.9238013789970246
3be281314780cdaa0cf39ae3546be16f	k__Bacteria; p__Firmicutes; c__Clostridia; o__Clostridiales; f__Clostridiaceae; g__SMB53; s__	0.9621302821737926
7e1c0ceac487c26f395425df70c1db2e	k__Bacteria; p__Actinobacteria; c__Actinobacteria; o__Actinomycetales; f__Actinomycetaceae; g__Actinomyces	0.9999999987728644
c6e032d940d62a9553e3b7de447a3107	k__Bacteria; p__Bacteroidetes; c__Bacteroidia; o__Bacteroidales; f__Prevotellaceae; g__Prevotella; s__dentalis	0.9999998698803778
2c60c52d03850192e481318b8c036815	k__Bacteria; p__Bacteroidetes; c__Bacteroidia; o__Bacteroidales; f__Prevotellaceae; g__Prevotella; s__fusca	0.7886908228297317
32422743a6b092848237d0b951afdd7f	k__Bacteria; p__Bacteroidetes; c__Bacteroidia; o__Bacteroidales; f__Porphyromonadaceae; g__Porphyromonas; s__endodontalis	0.9268353577600787
6e71f90aa563dc56b23b1b27b17b227f	k__Bacteria; p__Spirochaetes; c__Spirochaetia; o__Spirochaetales; f__Spirochaetaceae; g__Treponema; s__sp._oral_taxon_254	0.8085090043987526
6d12815a697a2fab80b20fd24f702a40	k__Bacteria; p__Firmicutes; c__Bacilli	0.999999999994353
1ef4be00635f14cf76c3f8121a047a4e	k__Bacteria; p__Bacteroidetes; c__Bacteroidia; o__Bacteroidales; f__Prevotellaceae; g__Alloprevotella; s__sp._oral_taxon_914	0.8636463747564397
5e1a1ea08a5f2e2494766b0131095105	k__Bacteria; p__Spirochaetes; c__Spirochaetia; o__Spirochaetales; f__Spirochaetaceae; g__Treponema; s__sp._oral_taxon_234	0.9430910832452388
351e1db6456273e1f4d7dcdbb04dd8e3	k__Bacteria; p__Proteobacteria; c__Gammaproteobacteria; o__Pasteurellales; f__Pasteurellaceae; g__Haemophilus	0.7933555106821004
6360ed6b2e807d94252c43afcbfb94cb	k__Bacteria; p__Proteobacteria; c__Gammaproteobacteria; o__Pasteurellales; f__Pasteurellaceae; g__Aggregatibacter; s__segnis	0.7295742396853209
faf8316131162f3a988bd627adb8a246	k__Bacteria; p__Firmicutes	0.9999999999892165
709933312094f75e2cfe7ae2b7cecd64	k__Bacteria; p__Firmicutes; c__Bacilli; o__Lactobacillales; f__Streptococcaceae; g__Streptococcus	0.9999986871363772
8cef134247b389e9668b4420eec25d93	k__Bacteria; p__Proteobacteria; c__Gammaproteobacteria; o__Pasteurellales; f__Pasteurellaceae; g__Haemophilus; s__parainfluenzae	0.7697518574753844
3cd03bbebf314f7eb96112e4220f6be0	k__Bacteria; p__Firmicutes; c__Clostridia; o__Clostridiales	0.9999999999997923
1a0d8faddd5a115219db3b84bec1c516	k__Bacteria; p__Bacteroidetes; c__Bacteroidia; o__Bacteroidales	1.0000000000000049
4b6bb5d3203ee0c6aa6c92dac5b3d17d	k__Bacteria; p__Proteobacteria; c__Betaproteobacteria; o__Burkholderiales; f__Burkholderiaceae; g__Lautropia; s__	0.9308481369908159
8b28a24fd3126e3f7f2b8e9a951d2097	k__Bacteria; p__Actinobacteria; c__Coriobacteriia; o__Coriobacteriales; f__Coriobacteriaceae; g__Atopobium; s__rimae	0.8986089510612866
de66ff66348b8fafd3f736eed7a9e272	k__Bacteria; p__Bacteroidetes; c__Bacteroidia; o__Bacteroidales; f__Prevotellaceae; g__Prevotella; s__melaninogenica	0.7339862874721199
6a93c71934b4e6896be985f16dddbcd7	k__Bacteria; p__Bacteroidetes; c__Flavobacteriia; o__Flavobacteriales; f__Flavobacteriaceae; g__Capnocytophaga; s__	0.8708546027343083
32fee980884095f9b035be44208ca75b	k__Bacteria; p__Actinobacteria; c__Actinobacteria; o__Actinomycetales; f__Actinomycetaceae; g__Actinomyces; s__sp._oral_taxon_180	0.8857093363799562
be88db6fa222de72ed247ffbf36ce25d	k__Bacteria; p__Bacteroidetes; c__Bacteroidia; o__Bacteroidales; f__Bacteroidaceae; g__Bacteroides; s__heparinolyticus	0.9999988135013145
7dd0e4be6cbe6dd817d38c4153a18e74	k__Bacteria; p__Bacteroidetes; c__Bacteroidia; o__Bacteroidales; f__Porphyromonadaceae; g__Porphyromonas; s__endodontalis	0.9837842849734161
4687e104922100c42f117b2e856c57dd	k__Bacteria; p__Firmicutes; c__Clostridia; o__Clostridiales; f__Lachnospiraceae_[XIV]; g__Butyrivibrio; s__sp._oral_taxon_080	0.9999804969219533
7a1d0b65c0243dfcf55bfb37bd522b0d	k__Bacteria; p__Firmicutes; c__Clostridia; o__Clostridiales; f__Ruminococcaceae; g__Ruminococcaceae_[G-2]; s__sp._oral_taxon_085	0.9999999978429344
3aac6f561e201852516ffe9bd850624c	k__Bacteria; p__Firmicutes; c__Bacilli; o__Lactobacillales; f__Lactobacillaceae; g__Lactobacillus	0.9999997458161892
1125ec9ef02db910c9a4bb3db195c80f	k__Bacteria; p__Spirochaetes; c__Spirochaetes; o__Spirochaetales; f__Spirochaetaceae; g__Treponema; s__amylovorum	0.9865680352980756
4dddae0e02bf8a8058b56f946f414831	k__Bacteria; p__Bacteroidetes; c__Bacteroidia; o__Bacteroidales; f__Prevotellaceae; g__Prevotella; s__saccharolytica	0.999999984314414
a34adf640bf9b07367a38fec13b37096	k__Bacteria; p__Firmicutes; c__Bacilli; o__Lactobacillales; f__Lactobacillaceae; g__Lactobacillus; s__ultunensis	0.9492175022640953
72dbf620d8f9df320fec6262d4892305	k__Bacteria; p__Spirochaetes; c__Spirochaetes; o__Spirochaetales; f__Spirochaetaceae; g__Treponema; s__amylovorum	0.9236046123821358
20d88714188b0b3e87164d19493a8824	k__Bacteria; p__Firmicutes; c__Clostridia; o__Clostridiales; f__Lachnospiraceae_[XIV]; g__Lachnoanaerobaculum; s__saburreum	0.7971328665718999
fac98f177656ee060152e539e76d3725	k__Bacteria; p__Firmicutes; c__Clostridia; o__Clostridiales; f__Peptostreptococcaceae; g__Peptostreptococcus; s__anaerobius	0.8644363968542256
6fcff6fa0b4f31925d3448c015c61b92	k__Bacteria; p__Firmicutes; c__Negativicutes; o__Selenomonadales; f__Veillonellaceae; g__Veillonella; s__parvula	0.7537839951084672
0db66d7161423a05681dfd22561984bc	k__Bacteria; p__Actinobacteria; c__Actinobacteria; o__Actinomycetales; f__Micrococcaceae; g__Rothia; s__mucilaginosa	0.9808402206620297
892ebe9f4b4384ecbf33c8e0d76116cc	k__Bacteria; p__Proteobacteria; c__Alphaproteobacteria; o__; f__; g__; s__	0.9497786622516706
ad1ff1c8230e267cfd23f61b8bf5ca2c	k__Bacteria; p__Actinobacteria; c__Actinobacteria; o__Actinomycetales; f__Micrococcaceae; g__Rothia; s__mucilaginosa	0.9763772593360498
8d9259de93c562ef59c6bf7def9d1534	k__Bacteria; p__Firmicutes; c__Clostridia; o__Clostridiales; f__Peptostreptococcaceae_[XI]; g__Peptostreptococcus; s__stomatis	0.9039967827386626
56ca43233d5c9c51bf9e4aae0a967086	k__Bacteria; p__Fusobacteria; c__Fusobacteriia; o__Fusobacteriales; f__Fusobacteriaceae; g__Fusobacterium; s__sp._oral_taxon_203	0.8065979110358346
299afaa609bd13af070ffcd3617d3532	k__Bacteria; p__Actinobacteria; c__Actinobacteria; o__Actinomycetales; f__Micrococcaceae; g__Rothia; s__mucilaginosa	0.8131340696473923
2191cc94a9be7174a9666a8ae9d38d07	k__Bacteria; p__Spirochaetes; c__Spirochaetia; o__Spirochaetales; f__Spirochaetaceae; g__Treponema; s__sp._oral_taxon_951	0.9326508045792479
fc9d5cb17b167929a920a7e082bd1989	k__Bacteria; p__Actinobacteria; c__Coriobacteriia; o__Coriobacteriales; f__Coriobacteriaceae; g__Atopobium; s__rimae	0.868861619342136
eb1069b6d23452d1c2a22f77bc8022f6	k__Bacteria; p__Proteobacteria; c__Betaproteobacteria; o__Neisseriales; f__Neisseriaceae; g__Neisseria	0.9990020973820487
fc0d1a09158ed2210c9021a79485d29c	k__Bacteria; p__Proteobacteria; c__Betaproteobacteria; o__Neisseriales; f__Neisseriaceae; g__Neisseria	0.9534425198024206
f21db3fc1c148bb8bfad305f7c4e55e1	k__Bacteria; p__Spirochaetes; c__Spirochaetia; o__Spirochaetales; f__Spirochaetaceae; g__Treponema; s__amylovorum	0.9985119842783433
41fbfed288ec775f1c1e0ac9e788f897	k__Bacteria; p__Firmicutes; c__Clostridia; o__Clostridiales	0.9999711510130135
c6c13e33508dbd6de8e8f8e597db72ef	k__Bacteria; p__Actinobacteria; c__Actinobacteria; o__Actinomycetales; f__Micrococcaceae; g__Rothia; s__mucilaginosa	0.9540063897554711
68449312f7f3dd488bd2dd8a67fb62cb	k__Bacteria; p__Proteobacteria; c__Gammaproteobacteria; o__Pasteurellales; f__Pasteurellaceae; g__Haemophilus; s__	0.7830395348490472
01d9d208c1c914fc9b0d1edca327f252	k__Bacteria; p__Proteobacteria; c__Alphaproteobacteria; o__Rhizobiales; f__; g__; s__	0.9972278329613409
5d71abeab3460e1a38cef33f63694a96	k__Bacteria; p__Spirochaetes; c__Spirochaetia; o__Spirochaetales; f__Spirochaetaceae; g__Treponema; s__sp._oral_taxon_270	0.9999998930741952
a48d91196753b0dbb939bf6a4a05397e	k__Bacteria; p__Firmicutes; c__Clostridia; o__Clostridiales; f__Veillonellaceae; g__Veillonella; s__dispar	0.8667429751032136
ec12d66070d882e24182d64ce494bba3	k__Bacteria; p__Firmicutes; c__Bacilli; o__Lactobacillales; f__Lactobacillaceae; g__Lactobacillus; s__zeae	0.9460898521595381
5694e2ffe5e4f6ccdf9bdb8c77402d6d	k__Bacteria; p__Bacteroidetes; c__Flavobacteriia; o__Flavobacteriales; f__Flavobacteriaceae; g__Bergeyella; s__sp._oral_taxon_907	0.8043597195606708
c3afdc1f1006e7520f66f4599d1f0643	k__Bacteria; p__Spirochaetes; c__Spirochaetes; o__Spirochaetales; f__Spirochaetaceae; g__Treponema; s__amylovorum	0.937817029158033
63a0f96a28c0b740227a736790a8a5d4	k__Bacteria; p__Spirochaetes; c__Spirochaetia; o__Spirochaetales; f__Spirochaetaceae; g__Treponema; s__sp._oral_taxon_254	0.9998429227930457
22057934f4de703cd10607ef4072a994	k__Bacteria; p__Bacteroidetes; c__Bacteroidia; o__Bacteroidales; f__[Paraprevotellaceae]; g__[Prevotella]; s__tannerae	0.9768014735103112
a75e7d5bf739e134e3c9bcc2f598503a	k__Bacteria; p__Bacteroidetes; c__Bacteroidia; o__Bacteroidales; f__Prevotellaceae; g__Prevotella; s__sp._oral_taxon_301	0.9991377716556511
7ff51663a4bc9ba2fe9ecb6332c6f01d	k__Bacteria; p__Proteobacteria; c__Betaproteobacteria; o__Burkholderiales; f__Comamonadaceae	0.9997459509487274
6a6f0962f719c35c620dd9fbb6798ae1	k__Bacteria; p__Firmicutes; c__Clostridia; o__Clostridiales; f__Peptostreptococcaceae_[XI]; g__Peptostreptococcaceae_[XI][G-7]; s__sp._oral_taxon_081	0.9999988958081317
57fffc3885b7af7fc412e51864a9ee6a	k__Bacteria; p__Bacteroidetes; c__Bacteroidia; o__Bacteroidales; f__Prevotellaceae; g__Prevotella; s__salivae	0.99998435059514
cb2e165da1bff9894fefa00c33b670c8	k__Bacteria; p__Proteobacteria; c__Betaproteobacteria; o__Neisseriales; f__Neisseriaceae; g__Kingella	0.811842760263666
d494fd3c94ebc0452b6e337602e8f619	k__Bacteria; p__Firmicutes; c__Bacilli; o__Lactobacillales; f__Lactobacillaceae; g__Lactobacillus; s__crispatus	0.9857455078474574
3c92f4dfb8662bace37bcd1ab1b61a6f	k__Bacteria; p__Firmicutes; c__Bacilli; o__Lactobacillales; f__Streptococcaceae; g__Streptococcus	0.9999996158560669
cd546a3f08f2c3e19c3fd21df59c3983	k__Bacteria; p__Proteobacteria; c__Gammaproteobacteria; o__Pseudomonadales; f__Moraxellaceae; g__Moraxella; s__	0.9931506414998805
4a575727bb03d8addd7a26ec5993f81e	k__Bacteria; p__Fusobacteria; c__Fusobacteriia; o__Fusobacteriales; f__Leptotrichiaceae; g__Leptotrichia; s__sp._oral_taxon_392	0.8183759210910584
5de1daac800db65d198e6577ad2889dd	k__Bacteria; p__Proteobacteria; c__Epsilonproteobacteria; o__Campylobacterales; f__Campylobacteraceae; g__Campylobacter; s__concisus	0.9908836792500706
733838aace21a30570d2847baec4aebf	k__Bacteria; p__Spirochaetes; c__Spirochaetia; o__Spirochaetales; f__Spirochaetaceae; g__Treponema; s__sp._oral_taxon_257	0.9353516140779975
6b5fdda58a220c0d46a965486e53c33d	k__Bacteria; p__Bacteroidetes; c__Bacteroidia; o__Bacteroidales; f__Porphyromonadaceae; g__Porphyromonas; s__gingivalis	0.9791189027302238
dfa1109370f4a3bc8d42d513bd95c13d	k__Bacteria; p__Firmicutes; c__Bacilli; o__Lactobacillales; f__Streptococcaceae; g__Streptococcus	0.9999999179196786
4628c583487ea0719328f136dc139479	k__Bacteria; p__Proteobacteria; c__Betaproteobacteria; o__Neisseriales; f__Neisseriaceae; g__Neisseria	0.9990058007464311
bf21ac9c838060efb3ff244af8b5e502	k__Bacteria; p__Spirochaetes; c__Spirochaetia; o__Spirochaetales; f__Spirochaetaceae; g__Treponema; s__maltophilum	0.9838629389510402
65b11a2064b0d2bee1614419b4c57650	k__Bacteria; p__Spirochaetes; c__Spirochaetia; o__Spirochaetales; f__Spirochaetaceae; g__Treponema; s__sp._oral_taxon_256	0.9891359261997194
cd6db8c9347132413eadb70995fc24d3	k__Bacteria; p__Fusobacteria; c__Fusobacteriia; o__Fusobacteriales; f__Leptotrichiaceae; g__Leptotrichia	0.9999999999992714
25f0d9849ed4a302179ce2fb8e07311e	k__Bacteria; p__Bacteroidetes; c__Bacteroidia; o__Bacteroidales; f__Prevotellaceae; g__Alloprevotella; s__sp._oral_taxon_308	0.8622190657654253
8f761f663ebf995a11f63008038c06d7	k__Bacteria; p__Firmicutes; c__Clostridia; o__Clostridiales; f__Lachnospiraceae; g__; s__	0.9896029102118579
5e202060c322765baff27833d9911d10	k__Bacteria; p__Proteobacteria; c__Gammaproteobacteria; o__Pasteurellales; f__Pasteurellaceae; g__Aggregatibacter; s__	0.8510182000666588
c3dd3af2d1cda4bbd596db60b49b4016	k__Bacteria; p__Fusobacteria; c__Fusobacteriia; o__Fusobacteriales; f__Leptotrichiaceae; g__Leptotrichia	0.9999999999996626
3510f3266df9ecfcc815d472c3373fd0	k__Bacteria; p__Proteobacteria; c__Alphaproteobacteria; o__Rickettsiales; f__; g__; s__	0.998780243687696
29545dfe91b3d9b9ac823f34369d04ea	k__Bacteria; p__Proteobacteria; c__Gammaproteobacteria; o__Cardiobacteriales; f__Cardiobacteriaceae; g__Cardiobacterium	0.7402750431621382
f7676839199766d64e61ff77f53aadc5	k__Bacteria; p__Actinobacteria; c__Thermoleophilia; o__Solirubrobacterales; f__; g__; s__	0.9999969721252394
fdf7209f8ddaee001f7a98ea0095f5a1	k__Bacteria; p__Actinobacteria; c__Actinobacteria; o__Actinomycetales; f__Micrococcaceae; g__Rothia; s__mucilaginosa	0.85059197580091
6cccb8d5e86c89011174bf0b317bcec2	k__Bacteria; p__Bacteroidetes; c__Bacteroidia; o__Bacteroidales; f__Prevotellaceae; g__Prevotella; s__fusca	0.9864006185980218
838e3a092eb9dd4f5cc4c522df37de52	k__Bacteria; p__Firmicutes	0.9999999998874763
1e199d623d376786d2685f77bfad9db7	k__Bacteria; p__Proteobacteria; c__Betaproteobacteria; o__Neisseriales; f__Neisseriaceae; g__Neisseria	0.9980042628432425
04f13d5bed745e5fc73c1d53a4e7b7f3	k__Bacteria; p__Bacteroidetes; c__Bacteroidia; o__Bacteroidales; f__Prevotellaceae; g__Alloprevotella; s__sp._oral_taxon_308	0.8645008215542986
f07389b7707c40687e8597d79bdc6c15	k__Bacteria; p__Bacteroidetes; c__Bacteroidetes_[C-1]; o__Bacteroidetes_[O-1]; f__Bacteroidetes_[F-1]; g__Bacteroidetes_[G-5]; s__sp._oral_taxon_505	0.9999566879861326
8bef413c4b2a4389c8962f456dc03227	k__Bacteria; p__Bacteroidetes; c__Flavobacteriia; o__Flavobacteriales; f__Flavobacteriaceae; g__Bergeyella; s__sp._oral_taxon_322	0.9839738950507415
504c3c4282e687be426ac10cf79e810b	k__Bacteria; p__Firmicutes; c__Clostridia; o__Clostridiales; f__Ruminococcaceae; g__Ruminococcus; s__bromii	0.9929810214567701
121b59e3f84f91c50b2e90ff92ba8e9e	k__Bacteria; p__Firmicutes; c__Bacilli; o__Lactobacillales; f__Streptococcaceae; g__Streptococcus	0.9999999803563995
1f9446373a0ab31bfc5c0bd03dc7ce20	k__Bacteria; p__Firmicutes; c__Clostridia; o__Clostridiales; f__Veillonellaceae; g__Megasphaera; s__	0.9931009965138536
17a24e366c49221f45a4ef801871d486	k__Bacteria; p__Firmicutes; c__Clostridia; o__Clostridiales; f__Lachnospiraceae; g__Blautia; s__	0.993013156310586
56eecf8feb45f2fb8e3cf3dfc014f544	k__Bacteria; p__Proteobacteria; c__Epsilonproteobacteria; o__Campylobacterales; f__Campylobacteraceae; g__Campylobacter	0.9999999999999886
a599bb2fcc0ee91d3c10a7a35408802b	k__Bacteria; p__Spirochaetes; c__Spirochaetia; o__Spirochaetales; f__Spirochaetaceae; g__Treponema; s__sp._oral_taxon_508	0.9998918794512666
14ecaea23f5c32ef38b4ef689d683c9d	k__Bacteria; p__Proteobacteria; c__Deltaproteobacteria; o__Syntrophobacterales; f__Syntrophaceae; g__Desulfobacca; s__	0.999966094898416
623172832f6d6eb9230229146356885a	k__Bacteria; p__Firmicutes; c__Negativicutes; o__Selenomonadales; f__Veillonellaceae; g__Veillonella	0.7239137490321078
cc6f94249f5e910ffc7cbb2dfb22d9df	k__Bacteria; p__Bacteroidetes; c__Bacteroidia; o__Bacteroidales; f__Prevotellaceae; g__Prevotella	0.9999999999999774
f60118a8bc69803901d33a75135861e9	k__Bacteria; p__Bacteroidetes; c__Flavobacteriia; o__Flavobacteriales; f__Flavobacteriaceae; g__Capnocytophaga	0.999999980033663
8196cc2b95c0a114e208cea84a7287c3	k__Bacteria; p__Firmicutes; c__Clostridia; o__Clostridiales; f__Peptoniphilaceae; g__Peptoniphilaceae_[G-1]; s__sp._oral_taxon_113	0.999999984224914
1237192877080174e59c38dfe3d2bfb0	k__Bacteria; p__Proteobacteria; c__Betaproteobacteria; o__Neisseriales; f__Neisseriaceae; g__Kingella; s__	0.9995747099825186
c53371abe6597bd49926134f35551eb2	k__Bacteria; p__Spirochaetes; c__Spirochaetes; o__Spirochaetales; f__Spirochaetaceae; g__Treponema; s__amylovorum	0.7094384882358109
a3f63404ab140386e0624247a9d107c8	k__Bacteria; p__Actinobacteria; c__Actinobacteria; o__Actinomycetales; f__Mycobacteriaceae; g__Mycobacterium; s__	0.9898924521193088
8389f362ffbb49b3b4e56b945c202374	k__Bacteria; p__Fusobacteria; c__Fusobacteriia; o__Fusobacteriales; f__Fusobacteriaceae; g__Fusobacterium; s__periodonticum	0.8458799512525031
b5440ee6d6aa10b8cdcd3d25bdd90ab7	k__Bacteria; p__Cyanobacteria; c__Chloroplast; o__Stramenopiles; f__; g__; s__	0.9999999496806437
a6987163a82318c35314124fd52c08b8	k__Bacteria; p__Proteobacteria; c__Gammaproteobacteria; o__Pasteurellales; f__Pasteurellaceae; g__Haemophilus; s__parainfluenzae	0.8438300177298731
a354aecbfccae0eab66d96363e892058	k__Bacteria; p__Proteobacteria; c__Gammaproteobacteria; o__Chromatiales; f__Chromatiaceae; g__; s__	0.9982360946263371
f77a8df7db1a040ec4155287a8b3abc0	k__Bacteria; p__Proteobacteria; c__Gammaproteobacteria; o__Pseudomonadales; f__Moraxellaceae; g__Moraxella; s__	0.9857801474758852
5ec7f1e6eb34bd6596042976299ee004	k__Bacteria; p__Bacteroidetes; c__Bacteroidia; o__Bacteroidales; f__Prevotellaceae; g__Prevotella; s__melaninogenica	0.9720473439204366
ab8594519d3169b11e747c8a2c1d77cb	k__Bacteria; p__Bacteroidetes; c__Flavobacteriia; o__Flavobacteriales; f__Flavobacteriaceae; g__Capnocytophaga; s__sp._oral_taxon_326	0.9114905365027727
c9676ebefb5c6bac78a72bc26f04e028	k__Bacteria; p__Bacteroidetes; c__Bacteroidia; o__Bacteroidales; f__Prevotellaceae; g__Prevotella; s__multiformis	0.9603526366893311
2066de5b8d60441932a9c2f62ee63924	k__Bacteria; p__Fusobacteria; c__Fusobacteriia; o__Fusobacteriales; f__Leptotrichiaceae; g__Leptotrichia	0.9999999999962412
df26f852140bfda7c8470ee6cdee2366	k__Bacteria; p__Proteobacteria; c__Gammaproteobacteria; o__Xanthomonadales; f__Xanthomonadaceae; g__Stenotrophomonas; s__	0.9993797482658149
fe2cad8ce32ca5434d1d7f8bf58afdae	k__Bacteria; p__Firmicutes; c__Negativicutes; o__Selenomonadales; f__Veillonellaceae; g__Selenomonas; s__flueggei	0.7541913503585053
f30a7f5c21880ffd2f1b69f83bb401e0	k__Bacteria; p__Bacteroidetes; c__Bacteroidia; o__Bacteroidales; f__Prevotellaceae; g__Prevotella; s__buccae	0.9999999999430713
5e01a3268939ba3a1816dcd81aa7b5f3	k__Bacteria; p__Bacteroidetes; c__Bacteroidia; o__Bacteroidales; f__Prevotellaceae; g__Prevotella; s__amnii	0.9384342663934307
f6b7f3a94651666037b57f211147977a	k__Bacteria; p__Firmicutes; c__Clostridia; o__Clostridiales; f__Lachnospiraceae_[XIV]; g__Lachnoanaerobaculum; s__sp._oral_taxon_496	0.9999999640186139
6e79ae54776cd5afa9e1a9e8da705b47	k__Bacteria; p__Fusobacteria; c__Fusobacteriia; o__Fusobacteriales; f__Leptotrichiaceae; g__Leptotrichia	0.9999999999988826
76266439bffd14092df917c019e5ebe2	k__Bacteria; p__Bacteroidetes; c__Bacteroidetes_[C-1]; o__Bacteroidetes_[O-1]; f__Bacteroidetes_[F-1]; g__Bacteroidetes_[G-5]; s__sp._oral_taxon_511	0.9997818506952261
4ab84870080e7192a6dd3ada6db33b7b	k__Bacteria; p__Firmicutes; c__Bacilli; o__Lactobacillales; f__Streptococcaceae; g__Streptococcus	0.9999999326210097
fe03e246ab201b699a2831fe10e89b25	k__Bacteria; p__Bacteroidetes; c__Bacteroidia; o__Bacteroidales; f__Prevotellaceae; g__Prevotella	0.9999999999997162
cad1bae4751422baf409622d1dde5573	k__Bacteria; p__Firmicutes; c__Bacilli; o__Lactobacillales; f__Streptococcaceae; g__Streptococcus; s__salivarius	0.8813477934599658
ed52b4da5f5c3b5fd1403d0f2074f00c	k__Bacteria; p__Bacteroidetes; c__Bacteroidia; o__Bacteroidales; f__Prevotellaceae; g__Alloprevotella; s__sp._oral_taxon_308	0.8625201180438123
d085a347344a5a0b65a6e05023c5632f	k__Bacteria; p__Firmicutes; c__Clostridia; o__Clostridiales; f__Peptostreptococcaceae_[XI]; g__Peptostreptococcaceae_[XI][G-7]; s__sp._oral_taxon_081	0.996248390593388
85db3ca9707073c295e71ec89f86c290	k__Bacteria; p__Bacteroidetes; c__Bacteroidia; o__Bacteroidales; f__Prevotellaceae; g__Prevotella; s__enoeca	0.9999999953571148
f18d343aace06f52df598416bebe9bab	k__Bacteria; p__Firmicutes	0.9999999999999288
5d653c4ecc285dddfbb6528a070922f9	k__Bacteria; p__Fusobacteria; c__Fusobacteriia; o__Fusobacteriales; f__Fusobacteriaceae; g__Fusobacterium; s__nucleatum_subsp._vincentii	0.9423685807263918
996040e1fa8ca28d8599ffad9b18161f	k__Bacteria; p__Firmicutes; c__Erysipelotrichi; o__Erysipelotrichales; f__Erysipelotrichaceae; g__Sharpea; s__azabuensis	0.9999990382211841
3ed33105eeaadb333b14cb4cdff966b1	k__Bacteria; p__Proteobacteria; c__Alphaproteobacteria; o__; f__; g__; s__	0.8451776925433934
fa4e98ff9879b5f3967279b4566f5398	k__Bacteria; p__Cyanobacteria; c__Chloroplast; o__Stramenopiles; f__; g__; s__	0.999999999927013
2c7ee766f4684c08590c5d0640ac9072	k__Bacteria; p__Firmicutes; c__Bacilli; o__Lactobacillales; f__Streptococcaceae; g__Streptococcus	0.9999998075375447
b50ed877ef7729e819d132ce5b287143	k__Bacteria; p__Actinobacteria; c__Actinobacteria; o__Actinomycetales; f__Actinomycetaceae; g__Actinomyces; s__cardiffensis	0.9277030358746479
a60a5401f93cd70d2c21b811d574cf53	k__Bacteria; p__Firmicutes; c__Clostridia; o__Clostridiales; f__Peptostreptococcaceae_[XI]; g__Peptostreptococcaceae_[XI][G-2]; s__sp._oral_taxon_091	0.9999999778046063
d8f3b1d773f15dd03d0dd26ca431e7ba	k__Bacteria; p__Firmicutes; c__Bacilli; o__Lactobacillales; f__Streptococcaceae; g__Streptococcus	0.9999999752033222
18b784e10e2b31377f72d91f5c674fa3	k__Bacteria; p__Bacteroidetes; c__Bacteroidia; o__Bacteroidales; f__Prevotellaceae; g__Alloprevotella; s__sp._oral_taxon_912	0.9542123973775386
c91923dcf0e66f547121b2f0b69b0475	k__Bacteria; p__Spirochaetes; c__Spirochaetia; o__Spirochaetales; f__Spirochaetaceae; g__Treponema; s__amylovorum	0.7749230343017974
b1f6038fa2cac8d679cacada38cee44a	k__Bacteria; p__Proteobacteria; c__Gammaproteobacteria; o__Pasteurellales; f__Pasteurellaceae; g__Actinobacillus	0.9194040110031806
81a64076099171fd035312878d9cac8a	k__Bacteria; p__Bacteroidetes; c__Bacteroidia; o__Bacteroidales; f__[Paraprevotellaceae]; g__[Prevotella]; s__tannerae	0.9710266236840348
d7c6082264680ae9d4adefebe6cad724	k__Bacteria; p__Bacteroidetes; c__Bacteroidia; o__Bacteroidales; f__[Paraprevotellaceae]; g__[Prevotella]; s__tannerae	0.8404267624817414
dbac9937c3235dd0953113190b7ce4c4	k__Bacteria; p__Fusobacteria; c__Fusobacteriia; o__Fusobacteriales; f__Fusobacteriaceae; g__Fusobacterium; s__nucleatum_subsp._vincentii	0.7482727239119443
2fbe8eaa32027a86787cdfa452408767	k__Bacteria; p__Firmicutes; c__Negativicutes; o__Selenomonadales; f__Veillonellaceae; g__Veillonellaceae_[G-1]	0.7250729758485751
5656270d3c27549fa55ff5ec4b042243	k__Bacteria; p__Actinobacteria; c__Actinobacteria; o__Actinomycetales; f__; g__; s__	0.9997978375798567
7daa116ef5b825a1a689f8665fbe6c02	k__Bacteria; p__Bacteroidetes; c__Bacteroidia; o__Bacteroidales; f__Prevotellaceae; g__Prevotella; s__melaninogenica	0.9780242928874517
f7c23d59ce36aadf50306bf7df37ad74	k__Bacteria; p__Actinobacteria; c__Actinobacteria; o__Actinomycetales; f__Actinomycetaceae; g__Actinomyces	0.9999998940357854
707bd49bfe92aad5bd68cdb61c88d094	k__Bacteria; p__Fusobacteria	0.9999992466552691
0ebb6b94d3a95ed088e954e7548f08f2	k__Bacteria; p__Firmicutes; c__Bacilli; o__Lactobacillales; f__Streptococcaceae; g__Streptococcus	0.9999991687918571
0bd83ba3b724da956d63e2d6cf4682c3	k__Bacteria; p__Firmicutes; c__Erysipelotrichi; o__Erysipelotrichales; f__Erysipelotrichaceae	0.9426166829663518
8dc451ba5cb4d2f3a68c56595b663ad5	k__Bacteria	1.0
78b6ee6bd2a90a3cdbd53d12ce03a81c	k__Bacteria; p__Bacteroidetes; c__Bacteroidia; o__Bacteroidales; f__Prevotellaceae; g__Prevotella; s__melaninogenica	0.7914497667300595
74564a78127785a204b87c7190d281b6	k__Bacteria; p__Bacteroidetes; c__Bacteroidia; o__Bacteroidales; f__Prevotellaceae; g__Alloprevotella; s__tannerae	0.7842473139741749
333f066c8b30c182573b25c078ff3992	k__Bacteria; p__Firmicutes; c__Negativicutes; o__Selenomonadales; f__Veillonellaceae; g__Veillonella; s__parvula	0.8765189044034575
7caeb9224bb6b86a6efbd8bdebabd7f1	k__Bacteria; p__Proteobacteria; c__Deltaproteobacteria; o__Desulfovibrionales; f__Desulfovibrionaceae; g__Desulfovibrio; s__fairfieldensis	0.90269062694289
c95c3af16e741bb63b09d0337739d8c3	k__Bacteria; p__Spirochaetes; c__Spirochaetia; o__Spirochaetales; f__Spirochaetaceae; g__Treponema; s__sp._oral_taxon_257	0.8826049437736322
5af8b0304ecd5d1aaa17ce71de05cc8f	k__Bacteria; p__Fusobacteria; c__Fusobacteriia; o__Fusobacteriales; f__Fusobacteriaceae; g__Fusobacterium; s__nucleatum_subsp._vincentii	0.9373636632589922
df0c88172e1a3b91ef314d03f1a6c1bd	k__Bacteria; p__Proteobacteria; c__Gammaproteobacteria; o__Pasteurellales; f__Pasteurellaceae; g__Haemophilus	0.7850981869540063
2c8220ea2c24a1992df50ce4aeb188c8	k__Bacteria; p__Spirochaetes; c__Spirochaetia; o__Spirochaetales; f__Spirochaetaceae; g__Treponema; s__socranskii	0.9619476947593014
499dc515c1bf352bfd1d69a2c1b6fddb	k__Bacteria; p__Actinobacteria; c__Coriobacteriia; o__Coriobacteriales; f__Atopobiaceae; g__Olsenella; s__profusa	0.9967810989467796
c1a17205720b1c1374adfbd58786f4c3	k__Bacteria; p__Firmicutes; c__Negativicutes; o__Selenomonadales; f__Veillonellaceae; g__Megasphaera; s__sp._oral_taxon_123	0.9996011693174978
4465c7045cd185c667291c31175347f5	k__Bacteria; p__Firmicutes; c__Clostridia; o__Clostridiales; f__Veillonellaceae; g__Selenomonas; s__	0.9505250032393697
98dc8b9ba17f302088cd56bd57aa2d99	k__Bacteria; p__Firmicutes; c__Bacilli; o__Lactobacillales; f__Streptococcaceae; g__Streptococcus	0.9999999716355015
1b540fc702f42ecb0d5cf078ca24f086	k__Bacteria; p__Actinobacteria; c__Actinobacteria; o__Corynebacteriales; f__Corynebacteriaceae; g__Corynebacterium; s__matruchotii	0.9390000827162663
c0aaf0cf0299a5735b8171b47d7ae537	k__Bacteria; p__Firmicutes; c__Clostridia; o__Clostridiales; f__Peptostreptococcaceae_[XI]; g__Peptostreptococcaceae_[XI][G-3]; s__sp._oral_taxon_950	0.9968330348849789
eafafd647ac95d9b1a3ce81aaebe1436	k__Bacteria; p__Proteobacteria; c__Gammaproteobacteria; o__Pasteurellales; f__Pasteurellaceae; g__Haemophilus; s__parainfluenzae	0.786648692515692
97790cdb3cc8170af0f78a3b1c2a060e	k__Bacteria; p__Bacteroidetes; c__Bacteroidia; o__Bacteroidales; f__Porphyromonadaceae; g__Porphyromonas; s__uenonis	0.997762232015438
328a138fcc65230f4634743b286897be	k__Bacteria; p__Proteobacteria; c__Betaproteobacteria; o__Neisseriales; f__Neisseriaceae; g__Neisseria	0.999335918003986
c3bd458371057a5d8313b9ad9dc96df4	k__Bacteria; p__Bacteroidetes; c__Bacteroidia; o__Bacteroidales; f__Prevotellaceae; g__Prevotella; s__melaninogenica	0.9279376251521921
d8c5336a3b773740dec8491daac0e3b9	k__Bacteria; p__Bacteroidetes; c__Bacteroidia; o__Bacteroidales; f__Prevotellaceae; g__Alloprevotella; s__sp._oral_taxon_914	0.864490692886202
2d1174d8f9468b7c6de4b2b308c563b1	k__Bacteria; p__Fusobacteria; c__Fusobacteriia; o__Fusobacteriales; f__Leptotrichiaceae; g__Leptotrichia; s__	0.8951735245911316
0d3a288083521ec17fae421e239e53d3	k__Bacteria; p__Bacteroidetes; c__Flavobacteriia; o__Flavobacteriales; f__Flavobacteriaceae; g__Bergeyella; s__sp._oral_taxon_931	0.9962804716331136
33b107314bf3aa3a41241b297486a1bd	k__Bacteria; p__Firmicutes	0.9999999999999499
3536752f1b286f0b20bf015d1490cf10	k__Bacteria; p__Fusobacteria; c__Fusobacteriia; o__Fusobacteriales; f__Leptotrichiaceae; g__Leptotrichia; s__	0.9803984857939787
6e29cc03ed1bb3bfa41bc3aff899ec07	k__Bacteria; p__Proteobacteria; c__Gammaproteobacteria; o__Chromatiales; f__Chromatiaceae; g__Thiocapsa; s__	0.9999986922849213
3f805b13fc03477f179a5987c6a92da6	k__Bacteria; p__Bacteroidetes; c__Bacteroidia; o__Bacteroidales; f__Bacteroidales_[F-2]; g__Bacteroidales_[G-2]; s__sp._oral_taxon_274	0.9999998438533575
b808c36d3766190da32043cc99a98f89	k__Bacteria; p__Firmicutes; c__Erysipelotrichi; o__Erysipelotrichales; f__Erysipelotrichaceae; g__; s__	0.9406222709124994
5dd24bba05e6b5218759733d9fdc7b59	k__Bacteria; p__Proteobacteria; c__Gammaproteobacteria; o__Pasteurellales; f__Pasteurellaceae	0.9999999999992649
114f46628a8096c6e2f26b665cdfbd6b	k__Bacteria; p__Firmicutes; c__Negativicutes; o__Selenomonadales; f__Veillonellaceae; g__Selenomonas	0.8589916803886183
2c0dee30b8195a870160f3bd264a8913	k__Bacteria; p__Actinobacteria; c__Actinobacteria; o__Actinomycetales; f__Actinomycetaceae; g__Actinomyces; s__timonensis	0.8656300829005201
fc6d20ebc5be505ae7e767e86c51872d	k__Bacteria; p__Firmicutes; c__Bacilli; o__Lactobacillales; f__Carnobacteriaceae; g__Granulicatella; s__elegans	0.8492226832531148
e91f9d81a358fcfde3247cfc40785b74	k__Bacteria; p__Bacteroidetes; c__Flavobacteriia; o__Flavobacteriales; f__[Weeksellaceae]; g__; s__	0.9994525538448906
d95ab195a3ae247697512ba8d4c72c8f	k__Bacteria; p__Firmicutes; c__Clostridia; o__Clostridiales; f__[Mogibacteriaceae]; g__Anaerovorax; s__	0.9329812970600547
ab53e2871aa22bea42a66fb7ec334e5d	k__Bacteria; p__Spirochaetes; c__Spirochaetia; o__Spirochaetales; f__Spirochaetaceae; g__Treponema; s__sp._oral_taxon_238	0.9116129127113771
a0fb20260acfed36d88ba6e36bde4e2d	k__Bacteria; p__Firmicutes; c__Clostridia; o__Clostridiales	0.9999999999996967
0b1caa05610b10c31122b4b3c867f0ae	k__Bacteria; p__Spirochaetes; c__Spirochaetia; o__Spirochaetales; f__Spirochaetaceae; g__Treponema; s__sp._oral_taxon_238	0.8568928675746241
e99c801ee736afbc79c11ae38142e1bf	k__Bacteria; p__Proteobacteria; c__Gammaproteobacteria; o__Chromatiales; f__Chromatiaceae	0.9998985580823323
cd3b80bba5f4b4bf48b153d78c9a185e	k__Bacteria; p__Bacteroidetes; c__Bacteroidia; o__Bacteroidales; f__Prevotellaceae; g__Prevotella; s__fusca	0.9724280443480444
099ba551043374319fcfc348c832f999	k__Bacteria; p__Firmicutes; c__Bacilli	0.9999999999902798
659be8f9328af934a798a302e13506b3	k__Bacteria; p__Fusobacteria; c__Fusobacteriia; o__Fusobacteriales; f__Fusobacteriaceae; g__Fusobacterium; s__nucleatum_subsp._vincentii	0.8313652285792625
4c7ce953e3e947d65f8643a69f2c2bfc	k__Bacteria; p__Actinobacteria; c__Actinobacteria; o__Actinomycetales; f__Micrococcaceae; g__Rothia; s__mucilaginosa	0.9788768831478138
acec7001c35347380919041a34ba4cdc	k__Bacteria; p__Cyanobacteria; c__Chloroplast; o__Chlorophyta; f__; g__; s__	0.9999991955547467
5b0deda3e5862c598350b134d59cfc66	k__Bacteria; p__Firmicutes; c__Negativicutes; o__Selenomonadales; f__Veillonellaceae; g__Megasphaera; s__sp._oral_taxon_123	0.9957889840054097
ff3eff50384bcd388578bf6c4c79d00b	k__Bacteria; p__Bacteroidetes; c__Bacteroidia; o__Bacteroidales; f__Porphyromonadaceae; g__Tannerella; s__	0.8731286932121661
faf44f405ec09cff95cedc77dd4f1688	k__Bacteria; p__Firmicutes; c__Clostridia; o__Clostridiales; f__Lachnospiraceae_[XIV]; g__Catonella; s__sp._oral_taxon_451	0.9997014978475669
f04737047f7231ace78a4b982203fefb	k__Bacteria; p__Firmicutes	0.9999999999999468
9c25235d82cb37a3c2135cb8cfb95a74	k__Bacteria; p__Bacteroidetes; c__Bacteroidia; o__Bacteroidales; f__Prevotellaceae; g__Prevotella	0.9999999999999913
61aeffeacd3897c3671c49cd100ec4f6	k__Bacteria; p__Fusobacteria; c__Fusobacteriia; o__Fusobacteriales; f__Leptotrichiaceae; g__Leptotrichia	0.999999999999725
d0b085ab64b26b92d6fd438291b032b7	k__Bacteria; p__Firmicutes; c__Clostridia; o__Clostridiales; f__Clostridiaceae; g__SMB53; s__	0.7180390903060905
8d61a5e0360f2c54d62c588b881771d8	k__Bacteria; p__Bacteroidetes; c__Flavobacteriia; o__Flavobacteriales; f__Flavobacteriaceae; g__Bergeyella; s__sp._oral_taxon_931	0.9787110685994751
c11c13a23bd5cc0fc82b53a6ce334e6c	k__Bacteria; p__Bacteroidetes; c__Bacteroidia; o__Bacteroidales; f__Prevotellaceae; g__Prevotella; s__melaninogenica	0.9811515520445503
c5d2175734605832ae635b70f1ab09b3	k__Bacteria; p__Bacteroidetes; c__Bacteroidetes_[C-1]; o__Bacteroidetes_[O-1]; f__Bacteroidetes_[F-1]; g__Bacteroidetes_[G-3]; s__sp._oral_taxon_365	0.9999976841051209
3c5ab031d53e68d931ac059ef7c8eb17	k__Bacteria; p__Bacteroidetes; c__Flavobacteriia; o__Flavobacteriales; f__Flavobacteriaceae; g__Capnocytophaga	0.9999999999996316
31444828520cbb11338555794f2efb45	k__Bacteria; p__Fusobacteria; c__Fusobacteriia; o__Fusobacteriales; f__Leptotrichiaceae; g__Leptotrichia; s__sp._oral_taxon_417	0.729699253920966
71bb1fc32de30ee4b430d70fb14bb545	k__Bacteria; p__Bacteroidetes; c__Bacteroidia; o__Bacteroidales; f__Prevotellaceae; g__Prevotella; s__salivae	0.9999946231489247
fb783dc3cba1027e0f381fd87355606b	k__Bacteria; p__Bacteroidetes; c__Bacteroidia; o__Bacteroidales; f__Bacteroidaceae; g__Bacteroides; s__zoogleoformans	0.9999989277292294
2b56d9f8f06d04ec6a832bcab0e3548d	k__Bacteria; p__Cyanobacteria; c__Chloroplast; o__Streptophyta; f__; g__; s__	0.9999999996615543
791853c3d5f467ced297b42c92865730	k__Bacteria; p__Firmicutes; c__Mollicutes; o__Mycoplasmatales; f__Mycoplasmataceae; g__Mycoplasma; s__faucium	0.7448862483033846
36c6e854353c6b84f266e3ecc2bd67a5	k__Bacteria; p__Bacteroidetes; c__Bacteroidia; o__Bacteroidales; f__Prevotellaceae; g__Prevotella; s__salivae	0.9855507603254535
fc5286e8ee8535564a1793579fea64ed	k__Bacteria; p__Firmicutes; c__Bacilli; o__Lactobacillales; f__Streptococcaceae; g__Streptococcus	0.9999932350543369
dfd17cc35fda83f26ccbe1d794101d9e	k__Bacteria; p__Firmicutes; c__Bacilli; o__Lactobacillales; f__Streptococcaceae; g__Streptococcus; s__massiliensis	0.9971460102728267
3a2b0c267e2695e5b9ee6106bfb3da83	k__Bacteria; p__Bacteroidetes; c__Bacteroidia; o__Bacteroidales; f__Prevotellaceae; g__Prevotella	0.9999999999999931
73c5e798f7484d29a5892ab8d69adae9	k__Bacteria; p__Actinobacteria; c__Coriobacteriia; o__Coriobacteriales; f__Coriobacteriaceae; g__Atopobium; s__rimae	0.8011886953252483
7a7f68ace66226b6ae6e2ad2a3cc48c3	k__Bacteria; p__Firmicutes; c__Bacilli; o__Lactobacillales; f__Streptococcaceae; g__Streptococcus; s__salivarius	0.8894114119643822
d03a11daaf326e59cd2527d2326aee43	k__Bacteria; p__Firmicutes; c__Bacilli; o__Lactobacillales; f__Lactobacillaceae; g__Lactobacillus; s__crispatus	0.9364061866251908
3b4783dbc03369df2d9428580033ce6e	k__Bacteria; p__Spirochaetes; c__Spirochaetia; o__Spirochaetales; f__Spirochaetaceae; g__Treponema	0.9999999981926967
c2464d28c2bf6e59ce69441a6715e846	k__Bacteria; p__Spirochaetes; c__Spirochaetia; o__Spirochaetales; f__Spirochaetaceae; g__Treponema	0.9999895391612887
fd4e09aad0e6cd705cb9673c774a3ba7	k__Bacteria; p__Firmicutes; c__Bacilli; o__Lactobacillales; f__Streptococcaceae; g__Streptococcus; s__salivarius	0.8676386238098163
f08f6aed6f1bb9872dde2b35722555a5	k__Bacteria; p__Bacteroidetes; c__Bacteroidia; o__Bacteroidales; f__Prevotellaceae; g__Alloprevotella; s__sp._oral_taxon_914	0.8652524631747628
94b091a9393d0fe0a536cb82eae1c35a	k__Bacteria; p__Bacteroidetes; c__Bacteroidia; o__Bacteroidales; f__Prevotellaceae; g__Prevotella; s__sp._oral_taxon_526	0.999999999990095
0184b9522d2b7406ca6fbd7b2cb2d02c	k__Bacteria; p__Bacteroidetes; c__Bacteroidia; o__Bacteroidales; f__Prevotellaceae; g__Alloprevotella; s__rava	0.9981101465464011
e5f89e00fed81a4e6264509e2dcb4911	k__Bacteria; p__Firmicutes; c__Clostridia; o__Clostridiales; f__Ruminococcaceae; g__Faecalibacterium; s__prausnitzii	0.9913005271148131
a5699112785eb9714b6102643d6224d2	k__Bacteria; p__Firmicutes; c__Bacilli; o__Turicibacterales; f__Turicibacteraceae; g__Turicibacter; s__	0.9999984556617522
95763b80efdccfd18e6dd77c4463842a	k__Bacteria; p__Firmicutes; c__Bacilli; o__Lactobacillales; f__Streptococcaceae; g__Streptococcus	0.9999999432549619
013c3f858c1361758a135b6a8d11b365	k__Bacteria; p__Actinobacteria; c__Actinobacteria; o__Actinomycetales; f__Actinomycetaceae; g__Actinomyces; s__gerencseriae	0.9466052170840854
f0618c68c669a8663068c0f904debf7d	k__Bacteria; p__Bacteroidetes; c__Bacteroidia; o__Bacteroidales; f__Prevotellaceae; g__Alloprevotella; s__rava	0.9999933856810557
9d58b317f2aa21cba7cb2d4abd2167a3	k__Bacteria; p__Bacteroidetes; c__Bacteroidia; o__Bacteroidales; f__Prevotellaceae; g__Prevotella; s__pallens	0.9994825176862665
ed9c7a4909c631c2b6461b489ccbecfd	k__Bacteria; p__Firmicutes; c__Bacilli; o__Lactobacillales; f__Lactobacillaceae	0.9731194035265593
7df4dff64a334f8c690e6b4094e73ea7	k__Bacteria; p__Proteobacteria; c__Gammaproteobacteria; o__Chromatiales; f__Chromatiaceae; g__; s__	0.9996891635597331
6ec48c1b6fc5b80dd71ea009b3a36379	k__Bacteria; p__Bacteroidetes; c__Bacteroidia; o__Bacteroidales; f__Prevotellaceae; g__Prevotella; s__pallens	0.9812551729180612
af6fead86c07d443327c844887d6e7f0	k__Bacteria; p__Proteobacteria; c__Alphaproteobacteria; o__Rhizobiales; f__Hyphomicrobiaceae	0.999821671178283
7df0cfb27646b9b19deecbb42c5381b4	k__Bacteria; p__Firmicutes; c__Bacilli	0.9999999999956402
703d750a36433a36da987d514af9c12d	k__Bacteria; p__Bacteroidetes; c__Bacteroidia; o__Bacteroidales; f__Prevotellaceae; g__Prevotella; s__melaninogenica	0.867556415095724
bc75ab287b3828f0fa24961676d6e3e6	k__Bacteria; p__Bacteroidetes; c__Bacteroidia; o__Bacteroidales; f__Prevotellaceae; g__Alloprevotella; s__rava	0.999986590637286
2b909f6bf62580959f684a6bc6a88715	k__Bacteria; p__Proteobacteria; c__Betaproteobacteria; o__Neisseriales; f__Neisseriaceae; g__Neisseria; s__meningitidis	0.7579506126691555
b3f72fa977a8c79fd3093cc0072158ce	k__Bacteria; p__Bacteroidetes; c__Bacteroidia; o__Bacteroidales; f__Prevotellaceae; g__Prevotella; s__melaninogenica	0.9879358673645726
dcbb7837707a62d2f96c0f0298a97cd3	k__Bacteria; p__Bacteroidetes; c__Bacteroidia; o__Bacteroidales; f__Prevotellaceae; g__Prevotella; s__multisaccharivorax	0.9999999987545181
6c0ee89fad54a4a894cc2c7bdcf9e9fb	k__Bacteria; p__Firmicutes; c__Bacilli; o__Lactobacillales; f__Streptococcaceae; g__Streptococcus	0.9999999624426137
ce8d7609653eb6b9c7ea915c758535ff	k__Bacteria; p__Firmicutes; c__Clostridia; o__Clostridiales	0.9999999999938018
faa6e282a3f7744f8b67acd98036bfdf	k__Bacteria; p__Bacteroidetes; c__Bacteroidia; o__Bacteroidales; f__Prevotellaceae; g__Prevotella; s__buccae	0.999999999167926
4ab2f3199bff1557b01966667320bb0d	k__Bacteria; p__Bacteroidetes; c__Bacteroidia; o__Bacteroidales; f__Prevotellaceae; g__Prevotella; s__salivae	0.9999871988958183
e0d7c3998955845736c582de1701dc5d	k__Bacteria; p__Fusobacteria; c__Fusobacteriia; o__Fusobacteriales; f__Fusobacteriaceae; g__Fusobacterium	0.9996755767182094
b2a3ba4f5d47e3a60a8879104b594175	k__Bacteria; p__Firmicutes; c__Bacilli; o__Lactobacillales; f__Streptococcaceae; g__Streptococcus	0.9999999695654159
9f418628c2e594ab722ced95fd303002	k__Bacteria; p__Firmicutes; c__Bacilli; o__Lactobacillales; f__Streptococcaceae; g__Streptococcus	0.9999999590956221
b5632a7a192903aa15e84904f266fdf6	k__Bacteria; p__Actinobacteria; c__Actinobacteria; o__Actinomycetales; f__; g__; s__	0.9875815147932251
8839354afcee65cf5fe99784d0c581d1	k__Bacteria; p__Spirochaetes; c__Spirochaetia; o__Spirochaetales; f__Spirochaetaceae; g__Treponema	0.9999999477466639
7bfc1122c0e9ee647e9593e8e7ff3459	k__Bacteria; p__Actinobacteria; c__Actinobacteria; o__Actinomycetales; f__Actinomycetaceae; g__Actinomyces	0.9999979657713597
09ecd556f3e52361c994fbf0606f8bda	k__Bacteria; p__Actinobacteria; c__Coriobacteriia; o__Coriobacteriales; f__Coriobacteriaceae; g__Atopobium; s__sp._oral_taxon_810	0.9999683739239125
0ec8d45d8f4739bab07b2f1c6347c3c5	k__Bacteria; p__Bacteroidetes; c__Bacteroidia; o__Bacteroidales; f__Prevotellaceae; g__Prevotella	0.9999999999997948
8d52a464cf1ecc9531e68072649d0d05	k__Bacteria; p__Spirochaetes; c__Spirochaetia; o__Spirochaetales; f__Spirochaetaceae; g__Treponema; s__sp._oral_taxon_508	0.9993650707720008
2f2c5a6027bbd5cb0027658547bd1d0c	k__Bacteria; p__Firmicutes; c__Mollicutes; o__Mollicutes_[O-2]; f__Mollicutes_[F-2]; g__Mollicutes_[G-2]; s__sp._oral_taxon_906	0.9997693679217322
420a6e7dd15fd499ab326303fc0fb6ae	k__Bacteria; p__Fusobacteria; c__Fusobacteriia; o__Fusobacteriales; f__Leptotrichiaceae; g__Leptotrichia; s__hongkongensis	0.8978583657420599
2acb6cf6677c8124fdf9fe224933af14	k__Bacteria; p__Bacteroidetes; c__Bacteroidia; o__Bacteroidales; f__Prevotellaceae; g__Alloprevotella; s__rava	0.9961387512517088
632c5b2683444a0efbf9c71e3238ea82	k__Bacteria; p__Firmicutes	0.9999999999997666
b9e383ced33ed77a046b3fb26682870c	k__Bacteria; p__Bacteroidetes; c__Bacteroidia; o__Bacteroidales; f__Prevotellaceae; g__Alloprevotella; s__sp._oral_taxon_914	0.8652921543701357
d492504d173e808eced2a456e7c9917f	k__Bacteria; p__Firmicutes; c__Clostridia; o__Clostridiales; f__Lachnospiraceae; g__Blautia; s__	0.9984822270820183
51e4252937f58c732c3bf7da1d863332	k__Bacteria; p__Fusobacteria; c__Fusobacteriia; o__Fusobacteriales; f__Leptotrichiaceae; g__Leptotrichia; s__sp._oral_taxon_223	0.9619288340387879
450ba9ed689ee99b61aba77efc27fe9a	k__Bacteria; p__Firmicutes; c__Bacilli; o__Lactobacillales; f__Lactobacillaceae; g__Lactobacillus; s__ultunensis	0.9944642734146857
41be940293a613ba10cf0d08201249be	k__Bacteria; p__Actinobacteria; c__Actinobacteria; o__Actinomycetales; f__Actinomycetaceae; g__Actinomyces; s__graevenitzii	0.999978580780041
47c9c9729ba06f974ae707ad0225b00e	k__Bacteria; p__Bacteroidetes; c__Bacteroidia; o__Bacteroidales; f__Prevotellaceae; g__Prevotella	0.9999999999997632
e72034a7527cd51da3c97f8a93465119	k__Bacteria; p__Fusobacteria; c__Fusobacteriia; o__Fusobacteriales; f__Leptotrichiaceae; g__Leptotrichia; s__sp._oral_taxon_215	0.7743774111638017
c6153e11f42a0d90fd1c3424515e7b42	k__Bacteria; p__Actinobacteria; c__Actinobacteria; o__Bifidobacteriales; f__Bifidobacteriaceae; g__Gardnerella; s__vaginalis	0.9750981353472782
f7804dc94ee41a8bb0c316008d31b956	k__Bacteria; p__Actinobacteria; c__Acidimicrobiia; o__Acidimicrobiales; f__C111; g__; s__	0.9999998053471634
1c9b878187b11430d54bfe8de1da2a62	k__Bacteria; p__Firmicutes; c__Clostridia; o__Clostridiales	0.9925279484423507
d1842fb7805c890b2993bbd0bc4003f2	k__Bacteria; p__Proteobacteria; c__Alphaproteobacteria; o__Rhizobiales; f__; g__; s__	0.9851462890940336
d7de1a08f99835d5d0ddccb4e7bfac6a	k__Bacteria; p__Proteobacteria; c__Alphaproteobacteria; o__Rhodobacterales; f__Rhodobacteraceae	0.992996133463447
e4130c52c38f70bcc4a08b141bae7f11	k__Bacteria; p__Bacteroidetes; c__Bacteroidia; o__Bacteroidales; f__Prevotellaceae; g__Prevotella; s__melaninogenica	0.9879138231968851
1e953c0a2f842bcefe2d046d78a224e9	k__Bacteria; p__Proteobacteria; c__Betaproteobacteria; o__Neisseriales; f__Neisseriaceae; g__Eikenella	0.9848016160060062
623f362796d6e469fe56ed65a14770b6	k__Bacteria; p__Tenericutes; c__Mollicutes; o__Acholeplasmatales; f__Acholeplasmataceae; g__Acholeplasma; s__	0.9999665416474162
d2d623295c880a6864f5ef080392d9be	k__Bacteria; p__Firmicutes; c__Clostridia; o__Clostridiales	0.9999615006667419
68c3d4d413c95e2d26ab7c5c0983b838	k__Bacteria; p__Firmicutes; c__Clostridia; o__Clostridiales; f__Peptostreptococcaceae; g__Filifactor; s__	0.905100232431087
2d5c59cc982089585ed74db95b9004cd	k__Bacteria; p__Firmicutes; c__Clostridia; o__Clostridiales; f__Peptostreptococcaceae_[XI]; g__Peptostreptococcaceae_[XI][G-5]; s__[Eubacterium]_saphenum	0.9998919015428206
f4ff14258ed504592cdd2d2390e0d13d	k__Bacteria; p__Proteobacteria; c__Betaproteobacteria; o__Neisseriales; f__Neisseriaceae; g__Eikenella; s__	0.7219611818646192
0993010d8e1473941354a633c2c30a62	k__Bacteria; p__Firmicutes; c__Clostridia; o__Clostridiales; f__Lachnospiraceae; g__Butyrivibrio; s__	0.7076509023809572
e3c52832828cf6f4a6f809a1ac6771e2	k__Bacteria; p__Actinobacteria; c__Actinobacteria; o__Actinomycetales; f__Micrococcaceae; g__Rothia; s__mucilaginosa	0.9356011512170824
157eb358463e4db0aa32fbe2b19756db	k__Bacteria; p__Firmicutes; c__Negativicutes; o__Selenomonadales; f__Veillonellaceae; g__Veillonella	0.8285920698198906
e0b77cdbd58a8b2cd1f8613ca61ad38c	k__Bacteria; p__Actinobacteria; c__Actinobacteria; o__Actinomycetales; f__Promicromonosporaceae; g__Cellulosimicrobium; s__	0.8691212824581088
4117ad0933a58b4b4bfbfa628253b69f	k__Bacteria	0.999717420729177
144271ea769d9a02a271c78d42e26ae4	k__Bacteria; p__Proteobacteria; c__Gammaproteobacteria; o__Pasteurellales; f__Pasteurellaceae; g__Aggregatibacter; s__	0.8320683753877619
9f2b9d8c961377e0433f90e5fcb2a3d0	k__Bacteria; p__Spirochaetes	0.9999999999999938
e709a021cb7e9f1a142ab639c83efcc4	k__Bacteria; p__Firmicutes; c__Bacilli; o__Lactobacillales; f__Lactobacillaceae; g__Lactobacillus; s__iners	0.9999910590452384
b551c1bbaa0cb5ec93c9770bacd065f5	k__Bacteria; p__Fusobacteria; c__Fusobacteriia; o__Fusobacteriales; f__Leptotrichiaceae; g__Leptotrichia; s__sp._oral_taxon_417	0.7850193818955903
e52e219fb95d4a931ce8a58ddba670bd	k__Bacteria; p__Bacteroidetes; c__[Saprospirae]; o__[Saprospirales]; f__Chitinophagaceae; g__Sediminibacterium; s__	0.9999144044187696
40787c30acf089e34def73dd9174e27d	k__Bacteria; p__Firmicutes; c__Clostridia; o__Clostridiales; f__Peptostreptococcaceae_[XI]; g__Peptostreptococcaceae_[XI][G-9]; s__[Eubacterium]_brachy	0.9999832717882506
a1034f9477777e0e837ff6cb23267909	k__Bacteria; p__Actinobacteria; c__Actinobacteria; o__Actinomycetales; f__Corynebacteriaceae; g__Corynebacterium; s__	0.9832778129721321
65ed980677fed8b1dfbb572340eccb0a	k__Bacteria; p__Chloroflexi; c__Anaerolineae; o__Caldilineales; f__Caldilineaceae; g__Caldilinea; s__	0.9998141332506625
b8cd58f4022bdf270fca8a925dad37ee	k__Bacteria; p__Proteobacteria; c__Gammaproteobacteria; o__Pasteurellales; f__Pasteurellaceae; g__Aggregatibacter; s__pneumotropica	0.7961367674460149
20aed0a1f6188ded51a4153271d4d2b1	k__Bacteria; p__TM7; c__TM7-3; o__CW040; f__; g__; s__	0.9940087942341381
8791cbdd50a422f37fbc2c7fa1d6201d	k__Bacteria; p__Bacteroidetes; c__Bacteroidia; o__Bacteroidales; f__Prevotellaceae; g__Prevotella	0.9999999999998822
1219c027217e8bde0ab988064a9e4437	k__Bacteria; p__Firmicutes; c__Clostridia; o__Clostridiales; f__Peptostreptococcaceae_[XI]; g__Peptostreptococcaceae_[XI][G-7]; s__[Eubacterium]_yurii_subsps._yurii_&_margaretiae	0.8996954224670709
6e45dc57fbc55c5b2d0e3c6d63678a09	k__Bacteria; p__Bacteroidetes; c__Bacteroidia; o__Bacteroidales; f__[Paraprevotellaceae]; g__[Prevotella]; s__tannerae	0.9993520466783862
187a84da955860ea39ac80442cc3a61f	k__Bacteria; p__Fusobacteria; c__Fusobacteriia; o__Fusobacteriales; f__Leptotrichiaceae; g__; s__	0.9997008135371434
8ee8719434c9b7413dd1e6becb8ea00b	k__Bacteria; p__Bacteroidetes; c__Bacteroidia; o__Bacteroidales; f__Prevotellaceae; g__Alloprevotella; s__sp._oral_taxon_308	0.8645642830371919
30c673c46f48a70de9b5f2cecbdbeafa	k__Bacteria; p__Firmicutes; c__Negativicutes; o__Selenomonadales; f__Veillonellaceae; g__Veillonellaceae_[G-1]; s__sp._oral_taxon_150	0.750427977049228
096736f501efc10026e95623c1fb6a20	k__Bacteria; p__Proteobacteria; c__Betaproteobacteria; o__Neisseriales; f__Neisseriaceae; g__Kingella; s__	0.9825399268267121
0982863910ec212c604953313a889eb4	k__Bacteria; p__Proteobacteria; c__Gammaproteobacteria; o__Pasteurellales; f__Pasteurellaceae; g__Aggregatibacter; s__	0.7509432491510845
2314c46e75b8bed5e75911a6da6a070a	k__Bacteria; p__Fusobacteria; c__Fusobacteriia; o__Fusobacteriales; f__Leptotrichiaceae; g__Leptotrichia; s__sp._oral_taxon_221	0.9999661612158554
c11b052c1e15077e4106c1fadd6f9420	k__Bacteria; p__Firmicutes; c__Clostridia; o__Clostridiales; f__Lachnospiraceae_[XIV]; g__Lachnospiraceae_[G-2]; s__sp._oral_taxon_096	0.9995832306296275
1379d660183085e952f4b570cbf16d01	k__Bacteria; p__Bacteroidetes; c__Bacteroidia; o__Bacteroidales; f__Prevotellaceae; g__Alloprevotella; s__sp._oral_taxon_308	0.8632108777616583
ac11641f50650db93fddeb2ca8a3df96	k__Bacteria; p__Cyanobacteria; c__Chloroplast; o__Streptophyta; f__; g__; s__	0.9999999997492637
3bcbd480b0ea44be904e15e5da4bb812	k__Bacteria; p__Bacteroidetes; c__Bacteroidia; o__Bacteroidales; f__Prevotellaceae; g__Prevotella	0.9999999999999534
295f20bad32affea8936b1dbbbe94c85	k__Bacteria; p__Fusobacteria; c__Fusobacteriia; o__Fusobacteriales; f__Leptotrichiaceae; g__Leptotrichia	0.9999999999996105
747ded5b06400e509b538eef7f504fad	k__Bacteria; p__Firmicutes; c__Clostridia; o__Clostridiales; f__Peptostreptococcaceae_[XI]; g__Peptostreptococcaceae_[XI][G-5]; s__[Eubacterium]_saphenum	0.9999633207671795
9bbbc75f437dd81734d3ac86d7433651	k__Bacteria; p__Bacteroidetes; c__Flavobacteriia; o__Flavobacteriales; f__Flavobacteriaceae; g__Capnocytophaga; s__haemolytica	0.9617472695100184
afcf18585aada702af518f0e1308adc8	k__Bacteria; p__Firmicutes; c__Clostridia; o__Clostridiales; f__[Tissierellaceae]; g__ph2; s__	0.9999999942161537
4c2a19cd3c8152c57ae0c9adc5f54125	k__Bacteria; p__Firmicutes; c__Bacilli; o__Lactobacillales; f__Streptococcaceae; g__Streptococcus; s__salivarius	0.8860214800101587
e870b2697e038bdfc6a1038466937674	k__Bacteria	0.9559984603561814
5e98888df2bfd36fb12a32d1e0d824ab	k__Bacteria; p__Firmicutes; c__Bacilli; o__Lactobacillales; f__Streptococcaceae; g__Streptococcus	0.9999999748250066
9980015c1fab00614a6863b180c186b3	k__Bacteria; p__Fusobacteria; c__Fusobacteriia; o__Fusobacteriales; f__Leptotrichiaceae; g__Leptotrichia	0.9999999999997738
a2e000da3c3836af7e9ef12cd3f6b263	k__Bacteria; p__Firmicutes; c__Bacilli; o__Gemellales; f__Gemellaceae	0.846119403891266
d14f62a66f66e4b80a7ad9f57a6b6274	k__Bacteria; p__Firmicutes; c__Clostridia; o__Clostridiales; f__Peptostreptococcaceae_[XI]; g__Peptostreptococcaceae_[XI][G-3]; s__sp._oral_taxon_495	0.9997912988169906
22cf40375fb034db4ba3c105ffbc8d9c	k__Bacteria; p__Bacteroidetes; c__Bacteroidia; o__Bacteroidales; f__Prevotellaceae; g__Prevotella; s__saccharolytica	0.9999999831443916
9274a0a1a19be2d53da7d9ad2f84170a	k__Bacteria; p__Bacteroidetes; c__Flavobacteriia; o__Flavobacteriales; f__Flavobacteriaceae; g__Capnocytophaga	0.9999999999990498
8828abec7dde7d35b67c807cbba43d95	k__Bacteria; p__Proteobacteria; c__Gammaproteobacteria; o__Pasteurellales; f__Pasteurellaceae; g__Haemophilus; s__parainfluenzae	0.8591591076008798
78d5621058ce9a7f112c1281f80ec24a	k__Bacteria; p__Firmicutes; c__Bacilli; o__Lactobacillales; f__Streptococcaceae; g__Streptococcus	0.9999997357357717
72639bc6e0e9fd09f2ff3d75f6b69d28	k__Bacteria; p__Fusobacteria; c__Fusobacteriia; o__Fusobacteriales; f__Leptotrichiaceae; g__Leptotrichia; s__	0.9829794149318475
2a21d08f0f2c88aaa1dd3defa9d6c6d4	k__Bacteria; p__Tenericutes; c__Mollicutes; o__RF39; f__; g__; s__	0.9999976553194959
ded7d6132a380e5f3e06a86c4523f132	k__Bacteria; p__Bacteroidetes; c__Flavobacteriia; o__Flavobacteriales; f__Flavobacteriaceae; g__Capnocytophaga	0.9999999999999528
6f62ad45a2f6b4bf356bf7dc7081339a	k__Bacteria; p__Proteobacteria; c__Gammaproteobacteria; o__Chromatiales; f__Chromatiaceae; g__; s__	0.9982120599714427
37985ad2f17c054fae2219c03a0cc87d	k__Bacteria; p__Proteobacteria; c__Gammaproteobacteria; o__Chromatiales; f__Chromatiaceae; g__; s__	0.7927942806690709
c28a5e6fcca656dcb6ca3139983b1e00	k__Bacteria; p__Bacteroidetes; c__Bacteroidia; o__Bacteroidales; f__Prevotellaceae; g__Alloprevotella; s__sp._oral_taxon_308	0.8639242046361679
9bb3d17848fb9c665aed62819d3a9047	k__Bacteria; p__Bacteroidetes; c__Bacteroidia; o__Bacteroidales; f__[Paraprevotellaceae]; g__[Prevotella]; s__tannerae	0.8208585770958055
c9bc89ca28584ff2b606783d3bddeee6	k__Bacteria; p__Proteobacteria; c__Betaproteobacteria; o__Neisseriales; f__Neisseriaceae; g__Kingella; s__sp._oral_taxon_012	0.9800167902014365
3eac989dffced684f9b6a0bc07f0724a	k__Bacteria; p__Spirochaetes; c__Spirochaetes; o__Spirochaetales; f__Spirochaetaceae; g__Treponema; s__amylovorum	0.7021532555398321
6d63d6ad4a6348c774703efff7ef4d64	k__Bacteria; p__Proteobacteria; c__Alphaproteobacteria; o__Rhizobiales; f__Methylocystaceae; g__Methylosinus; s__	0.9194682531292392
2b08617adea654cff15fda00d4cd64ba	k__Bacteria; p__Firmicutes; c__Bacilli; o__Gemellales; f__Gemellaceae	0.7402751048610864
90b74c83f25298338e8013327b659aad	k__Bacteria; p__Firmicutes	0.9999999999998623
2bbc1870059d2757415a2cfa14c396c4	k__Bacteria; p__Firmicutes; c__Clostridia; o__Clostridiales; f__Lachnospiraceae; g__Blautia; s__obeum	0.9763313208437123
def1752b7165eadfec80340c4a939e4f	k__Bacteria; p__Actinobacteria; c__Actinobacteria; o__Actinomycetales; f__Micrococcaceae; g__Rothia; s__mucilaginosa	0.9894738278207519
8324c4c8f2349020f776b2edff3e4479	k__Bacteria; p__Proteobacteria; c__Betaproteobacteria; o__Neisseriales; f__Neisseriaceae; g__Kingella; s__	0.9992243265992506
12e2de99b1199dcc39de5f3e71958e5e	k__Bacteria; p__Fusobacteria; c__Fusobacteriia; o__Fusobacteriales; f__Leptotrichiaceae; g__Leptotrichia; s__sp._oral_taxon_498	0.9997521131472076
a1e1f59859a4899e8698b62316669b2d	k__Bacteria; p__Actinobacteria; c__Actinobacteria; o__Actinomycetales; f__Actinomycetaceae; g__Actinomyces; s__dentalis	0.9994398739606569
a3da4bb91eee855548d77c4f7d791b35	k__Bacteria; p__Bacteroidetes; c__Bacteroidia; o__Bacteroidales; f__Prevotellaceae; g__Alloprevotella; s__sp._oral_taxon_473	0.9999683066203517
a30c18b76dc01128939b9eea611850b9	k__Bacteria; p__Firmicutes; c__Clostridia; o__Clostridiales; f__Lachnospiraceae; g__Coprococcus; s__	0.9837070944380827
ca16787eb2f123dedaaa22d398d774f1	k__Bacteria; p__Spirochaetes; c__Spirochaetia; o__Spirochaetales; f__Spirochaetaceae; g__Treponema; s__sp._oral_taxon_237	0.7488420690933444
cbdba0382c6397b89837f7e52c58eab3	k__Bacteria; p__Proteobacteria; c__Betaproteobacteria; o__Neisseriales; f__Neisseriaceae	0.9999999983988345
76bebadd3c72e945eed3ce647866931d	k__Bacteria; p__Proteobacteria; c__Betaproteobacteria; o__Neisseriales; f__Neisseriaceae; g__Neisseria; s__meningitidis	0.7667704211179402
56e6a60c2badd33c14c2cd05c7ad6cec	k__Bacteria; p__Fusobacteria; c__Fusobacteriia; o__Fusobacteriales; f__Leptotrichiaceae; g__Leptotrichia	0.9999999999996653
26007d09c451269c0e3eefc25926f774	k__Bacteria; p__Firmicutes; c__Clostridia; o__Clostridiales	0.9999999980528281
2db450515bc7b941cce48233716ca32f	k__Bacteria; p__Firmicutes; c__Clostridia; o__Clostridiales; f__Lachnospiraceae; g__Coprococcus; s__	0.9996195323611227
a97bdd5cfebd761ef589ad98355cb109	k__Bacteria; p__Firmicutes; c__Bacilli; o__Lactobacillales; f__Streptococcaceae; g__Streptococcus; s__sobrinus	0.9168331006319865
7e39b5a4deed8c5d5798a1d2caa7912c	k__Bacteria; p__Firmicutes; c__Clostridia; o__Clostridiales	0.9999999998538793
46233ca58b90297028c686d41640e78d	k__Bacteria; p__Bacteroidetes; c__Bacteroidia; o__Bacteroidales; f__Prevotellaceae; g__Prevotella; s__sp._oral_taxon_526	0.9999999999628955
b24d52e7ef622cf1d8ae2554b6afd4dc	k__Bacteria; p__Proteobacteria; c__Betaproteobacteria; o__Burkholderiales; f__Burkholderiaceae; g__Burkholderia; s__	0.9363753439345219
bac839b6f2c34eb258ea0b383d306b29	k__Bacteria; p__Cyanobacteria; c__Chloroplast; o__Chlorophyta; f__; g__; s__	0.9999953207920863
e2bc6d3a57b99f58a4438c8f830fa407	k__Bacteria; p__Fusobacteria; c__Fusobacteriia; o__Fusobacteriales; f__Leptotrichiaceae; g__Leptotrichia	0.9999999999984607
581a13af3b0f38410a433206895b32d6	k__Bacteria; p__Bacteroidetes; c__Bacteroidia; o__Bacteroidales; f__Prevotellaceae; g__Prevotella	0.9999999999999905
d2d23f54f1590ffcfa0a32c271ea2a8e	k__Bacteria; p__Spirochaetes; c__Spirochaetes; o__Spirochaetales; f__Spirochaetaceae; g__Treponema; s__amylovorum	0.8970969977774872
557ef27612328b8395143f714f6dc009	k__Bacteria; p__Proteobacteria; c__Betaproteobacteria; o__Neisseriales; f__Neisseriaceae; g__Neisseria	0.9967252071478025
18e8d2ec45df7c3ed11c984c28b333a8	k__Bacteria; p__Actinobacteria; c__Actinobacteria; o__Actinomycetales; f__Mycobacteriaceae; g__Mycobacterium; s__	0.7609111020021807
8156218077ac6578fff78a4d4137559d	k__Bacteria; p__Bacteroidetes; c__Bacteroidia; o__Bacteroidales; f__Prevotellaceae; g__Prevotella; s__melaninogenica	0.9098084930903187
cdb73dfa39afde97c7b8c6875cbe0f98	k__Bacteria; p__Fusobacteria; c__Fusobacteriia; o__Fusobacteriales; f__Leptotrichiaceae; g__Leptotrichia; s__wadei	0.9866877751473958
0363018bea19418f9d9b0763d8f7b237	k__Bacteria; p__Bacteroidetes; c__Bacteroidia; o__Bacteroidales; f__Prevotellaceae; g__Prevotella; s__denticola	0.9998515743077685
4d286721b2a7cc9b7d35d47c0126ac32	k__Bacteria; p__Bacteroidetes; c__Bacteroidia; o__Bacteroidales; f__Prevotellaceae; g__Prevotella	1.0000000000000004
0f06d0f24cc510ddf6f48048066b14d7	k__Bacteria; p__Bacteroidetes; c__Bacteroidia; o__Bacteroidales; f__Prevotellaceae; g__Prevotella	0.9999999999963405
67b719a208099aaf5d70aec6a6799d2b	k__Bacteria; p__Firmicutes; c__Bacilli; o__Lactobacillales; f__Streptococcaceae; g__Streptococcus	0.9999999687240441
739f7d4bc630c0c3b24f2ccd94702119	k__Bacteria; p__Spirochaetes; c__Spirochaetia; o__Spirochaetales; f__Spirochaetaceae; g__Treponema; s__sp._oral_taxon_254	0.9046338346002211
20a1a3611956a278b703097d2970f062	k__Bacteria; p__Firmicutes; c__Clostridia; o__Clostridiales; f__Ruminococcaceae; g__Ruminococcaceae_[G-1]; s__sp._oral_taxon_075	0.999999999541572
dc16e63adc54f40c43291c2268f4cb3a	k__Bacteria; p__Firmicutes; c__Bacilli; o__Bacillales; f__[Exiguobacteraceae]; g__Exiguobacterium; s__	0.9914521909795332
8b7ec58ea5f3828d0f22d937f658d1cb	k__Bacteria; p__Firmicutes; c__Clostridia; o__Clostridiales; f__Veillonellaceae; g__Selenomonas; s__noxia	0.7536891736647356
1f1fc111f0dfc85a8856024ff56cff04	k__Bacteria; p__Bacteroidetes; c__Bacteroidia; o__Bacteroidales; f__Prevotellaceae; g__Prevotella	1.0
04e1bc3addcb7a53d6a82a47649042e0	k__Bacteria; p__Firmicutes; c__Clostridia; o__Clostridiales; f__Lachnospiraceae_[XIV]; g__Lachnospiraceae_[G-2]; s__sp._oral_taxon_096	0.9999076779197901
d137888aa51bd647cb87e9ae6d745938	k__Bacteria; p__Firmicutes; c__Clostridia; o__Clostridiales; f__Lachnospiraceae_[XIV]; g__Lachnoanaerobaculum; s__orale	0.8848695175432092
de11cdb97843c0c8468f2398387d3374	k__Bacteria; p__Firmicutes; c__Bacilli; o__Gemellales; f__Gemellaceae; g__; s__	0.8124413363137464
96e8223c9d43f8fca7d07a01784ba5e0	k__Bacteria; p__Spirochaetes; c__Spirochaetes; o__Spirochaetales; f__Spirochaetaceae; g__Treponema; s__amylovorum	0.9577730894059038
677a2f4072e2df9de6e8abb73f2c5c0a	k__Bacteria; p__Spirochaetes; c__Spirochaetia; o__Spirochaetales; f__Spirochaetaceae; g__Treponema; s__sp._oral_taxon_518	0.8401798193174858
b09492895cbe445727a63fb9324960e2	k__Bacteria; p__Firmicutes; c__Erysipelotrichia; o__Erysipelotrichales; f__Erysipelotrichaceae; g__Erysipelotrichaceae_[G-1]; s__sp._oral_taxon_904	0.9870256013636259
2a2ec6461c354f845d0fb49191fa8649	k__Bacteria; p__Bacteroidetes; c__Flavobacteriia; o__Flavobacteriales; f__Flavobacteriaceae; g__Flavobacterium; s__succinicans	0.959705118818135
5541018ecf13ec3c6c748215c4d1ac9b	k__Bacteria; p__Firmicutes; c__Clostridia; o__Clostridiales; f__Lachnospiraceae_[XIV]; g__Stomatobaculum; s__sp._oral_taxon_097	0.9986616788410553
099f3eab1e1a24e289c02e80cc5e91ea	k__Bacteria; p__Fusobacteria; c__Fusobacteriia; o__Fusobacteriales; f__Leptotrichiaceae; g__Leptotrichia; s__sp._oral_taxon_215	0.7810050895345434
1b85395642e9a1bc502021877d46631f	k__Bacteria; p__Spirochaetes; c__Spirochaetia; o__Spirochaetales; f__Spirochaetaceae; g__Treponema	0.9996823347557214
6b57afce731d8066c5e65c994943dd62	k__Bacteria; p__Bacteroidetes; c__Bacteroidia; o__Bacteroidales; f__Prevotellaceae; g__Prevotella; s__oris	0.9999959147071027
a74477a878996ff0dd79e0a0f15f5a9b	k__Bacteria; p__SR1; c__SR1_[C-1]; o__SR1_[O-1]; f__SR1_[F-1]; g__SR1_[G-1]; s__sp._oral_taxon_874	0.9513622170191024
ab6d2fe961494fbc3d28bd055f1989db	k__Bacteria; p__Actinobacteria; c__Acidimicrobiia; o__Acidimicrobiales; f__Microthrixaceae; g__; s__	0.9999999841392367
e660f365ccda092edfb962ab2e0b0f25	k__Bacteria; p__Bacteroidetes; c__Bacteroidia; o__Bacteroidales; f__Prevotellaceae; g__Alloprevotella; s__sp._oral_taxon_308	0.8643830841195904
ced4a25fac7ec399b47cc326d203b326	k__Bacteria; p__Proteobacteria; c__Alphaproteobacteria; o__; f__; g__; s__	0.9462621255426132
b0ca381b35b89095982d6c4f990d6315	k__Bacteria; p__Fusobacteria; c__Fusobacteriia; o__Fusobacteriales; f__Leptotrichiaceae; g__Leptotrichia; s__sp._oral_taxon_223	0.902881537534717
5deea1a7e8519c46b28f5baf7b4ad1cd	k__Bacteria; p__Fusobacteria; c__Fusobacteriia; o__Fusobacteriales; f__Leptotrichiaceae; g__Leptotrichia	0.9999999999998402
5383fa8f9d04275be6577873c0ec705d	k__Bacteria; p__Bacteroidetes; c__Bacteroidia; o__Bacteroidales; f__Prevotellaceae; g__Prevotella; s__sp._oral_taxon_526	0.999999999968054
d428e8c007bf09d6833bb8a01c69973f	k__Bacteria; p__Proteobacteria; c__Gammaproteobacteria; o__Pasteurellales; f__Pasteurellaceae; g__Aggregatibacter; s__actinomycetemcomitans	0.985717362047795
c188165459efa6d1bb4290ffabb7d084	k__Bacteria	0.9881138420993785
46d8375cd054c519c12b354b3a769723	k__Bacteria; p__Fusobacteria; c__Fusobacteriia; o__Fusobacteriales; f__Leptotrichiaceae; g__Leptotrichia; s__	0.8667575975523368
6ac71bf20556e4880c854d87a2f827d5	k__Bacteria; p__Cyanobacteria; c__Chloroplast; o__Chlorophyta; f__; g__; s__	0.999933917628293
3805fdfe1b422e5322c845494a2202c0	k__Bacteria; p__Bacteroidetes; c__Bacteroidetes_[C-1]; o__Bacteroidetes_[O-1]; f__Bacteroidetes_[F-1]; g__Bacteroidetes_[G-5]; s__sp._oral_taxon_505	0.9206682292734607
1c3c6eac09b986b2cbe34fff27f8f3f0	k__Bacteria; p__Firmicutes; c__Mollicutes; o__Mycoplasmatales; f__Mycoplasmataceae; g__Mycoplasma; s__lipophilum	0.9965276481584897
2908821ad248c64d8f6c70778ecf5da3	k__Bacteria; p__Fusobacteria; c__Fusobacteriia; o__Fusobacteriales; f__Fusobacteriaceae; g__Fusobacterium	0.9959665511086307
a153f2ea48fb9843a6c76a2f09825638	k__Bacteria; p__Actinobacteria; c__Actinobacteria; o__Actinomycetales; f__; g__; s__	0.9998458415608179
8aea6651359cef18020e3ba164ad2723	k__Bacteria; p__Proteobacteria; c__Alphaproteobacteria; o__Rhizobiales; f__Hyphomicrobiaceae; g__Hyphomicrobium; s__	0.9525419505274083
ca82a8a447e477ea1e992ba751b00c39	k__Bacteria; p__Bacteroidetes; c__Flavobacteriia; o__Flavobacteriales; f__Flavobacteriaceae; g__Capnocytophaga; s__ochracea	0.8627415420971165
90fa18070d07937e3e8db81acd93690c	k__Bacteria; p__Bacteroidetes; c__Flavobacteriia; o__Flavobacteriales; f__Flavobacteriaceae	0.7640878888172358
78520caeb03e5114b60b4f70767389e4	k__Bacteria; p__Fusobacteria; c__Fusobacteriia; o__Fusobacteriales; f__Leptotrichiaceae; g__Leptotrichia; s__sp._oral_taxon_417	0.7687427046885963
e213dcc3265a4fdbe6406d533316ee68	k__Bacteria; p__Fusobacteria; c__Fusobacteriia; o__Fusobacteriales; f__Leptotrichiaceae; g__Leptotrichia; s__	0.998726017243843
e82a2dd58c2367c168c386325d5aea57	k__Bacteria; p__Bacteroidetes; c__Bacteroidia; o__Bacteroidales; f__Prevotellaceae; g__Prevotella; s__	0.7554161121606533
98fe6b52428349e1c3beaec20eec240c	k__Bacteria; p__Spirochaetes; c__Spirochaetia; o__Spirochaetales; f__Spirochaetaceae; g__Treponema; s__sp._oral_taxon_490	0.9999420497356495
affa4e38f68d760e78973784e18db831	k__Bacteria; p__Fusobacteria; c__Fusobacteriia; o__Fusobacteriales; f__Leptotrichiaceae; g__Leptotrichia; s__sp._oral_taxon_417	0.7847073014227077
c4522bde0a5a21dd6d068b37373d621e	k__Bacteria; p__Firmicutes; c__Bacilli; o__Lactobacillales; f__Lactobacillaceae; g__Lactobacillus; s__crispatus	0.9784143341657163
aac955f67d2b1327404b25e25534adf2	k__Bacteria; p__Firmicutes	0.9999999999980651
a4d2b975b5f91637b89169dbd10b4c7d	k__Bacteria; p__Fusobacteria; c__Fusobacteriia; o__Fusobacteriales; f__Leptotrichiaceae; g__Leptotrichia	0.9999999999976579
95d9766efe54e443911811b16d6150ed	k__Bacteria; p__Spirochaetes; c__Spirochaetia; o__Spirochaetales; f__Spirochaetaceae; g__Treponema; s__sp._oral_taxon_246	0.7689245684901095
151aa95ed8f66667ff9f927190462751	k__Bacteria; p__Spirochaetes; c__Spirochaetes; o__Spirochaetales; f__Spirochaetaceae; g__Treponema; s__amylovorum	0.9953956794176385
f0c459e55cc9e6c20bcfb6148bdc9ff5	k__Bacteria; p__Bacteroidetes; c__Bacteroidia; o__Bacteroidales; f__Prevotellaceae; g__Alloprevotella; s__sp._oral_taxon_473	0.9996227346430063
7d81e573351c3dd619d25f823c4d4555	k__Bacteria; p__Proteobacteria; c__Epsilonproteobacteria; o__Campylobacterales; f__Campylobacteraceae; g__Campylobacter	0.9999999999999917
082f2f64552d171bc063e2e862aa3e99	k__Bacteria; p__Bacteroidetes; c__Bacteroidia; o__Bacteroidales; f__Prevotellaceae; g__Alloprevotella; s__sp._oral_taxon_308	0.8610908566324744
b9a1894fc5a05e8d47c394057e7be5f6	k__Bacteria; p__Actinobacteria; c__Actinobacteria; o__Actinomycetales; f__; g__; s__	0.9999799659703522
95d3d3511e5ec6397d041f43758b580b	k__Bacteria; p__Firmicutes; c__Erysipelotrichia; o__Erysipelotrichales; f__Erysipelotrichaceae; g__Eggerthia; s__catenaformis	0.9008593207564034
11859d145ed299813b18f780ca7962bd	k__Bacteria; p__Firmicutes	0.99999999999984
a258862f29d1f7d84b2544ef4c470aa1	k__Bacteria; p__Bacteroidetes; c__Bacteroidia; o__Bacteroidales; f__Prevotellaceae; g__Prevotella; s__oris	0.999993326163052
5f83700f5513ca093d2d426a010dae6e	k__Bacteria; p__Bacteroidetes; c__Bacteroidia; o__Bacteroidales; f__Prevotellaceae; g__Prevotella	0.999999999999988
d1724eb1fc3af3ae885494951b84a110	k__Bacteria; p__Fusobacteria; c__Fusobacteriia; o__Fusobacteriales; f__Leptotrichiaceae; g__; s__	0.9996301067633145
041f00ae7f3fac922dc1f56c7acfc879	k__Bacteria; p__Firmicutes; c__Clostridia; o__Clostridiales	0.9999999999979997
fd484ad1deefff2518c688ac331b4e81	k__Bacteria; p__Firmicutes; c__Clostridia; o__Clostridiales; f__Peptoniphilaceae; g__Peptoniphilaceae_[G-1]; s__sp._oral_taxon_113	0.9999999798583021
97a9ab4a1a2ab32c3faf2cd9ff517c49	k__Bacteria; p__Bacteroidetes; c__Bacteroidetes_[C-1]; o__Bacteroidetes_[O-1]; f__Bacteroidetes_[F-1]; g__Bacteroidetes_[G-5]; s__sp._oral_taxon_505	0.9998656982242009
ff8a335e0c3bfeac0d4c1b642158ac2c	k__Bacteria; p__Firmicutes; c__Bacilli; o__Bacillales; f__Bacillaceae	0.9995503376210797
5a3b743ca44488a9e3b4bd6271d2c7e0	k__Bacteria; p__Proteobacteria; c__Gammaproteobacteria; o__Pasteurellales; f__Pasteurellaceae	0.999999999999475
da7f0169bdab9c8bbbe4d609a4e85356	k__Bacteria; p__Spirochaetes; c__Spirochaetia; o__Spirochaetales; f__Spirochaetaceae; g__Treponema; s__socranskii	0.9142394701259259
a7805d4b361279477b91274adb3b96e6	k__Bacteria; p__Bacteroidetes; c__Bacteroidia; o__Bacteroidales; f__Bacteroidales_[F-2]; g__Bacteroidales_[G-2]; s__sp._oral_taxon_274	0.9999962413545385
4f16726cc7b3c77654662729766890a8	k__Bacteria; p__Spirochaetes; c__Spirochaetia; o__Spirochaetales; f__Spirochaetaceae; g__Treponema; s__sp._oral_taxon_226	0.9316808994501783
6c1377c8feb8f39abc13f97111aaa0bd	k__Bacteria; p__Proteobacteria; c__Betaproteobacteria; o__Neisseriales; f__Neisseriaceae; g__Kingella; s__sp._oral_taxon_012	0.9908337310069114
f31b0dac21089b29b4c51009f0f99a66	k__Bacteria; p__Spirochaetes; c__Spirochaetes; o__Spirochaetales; f__Spirochaetaceae; g__Treponema; s__amylovorum	0.9871772031857065
1487f5fb383faf02b3df71a77553483c	k__Bacteria; p__Bacteroidetes; c__Bacteroidia; o__Bacteroidales; f__Prevotellaceae; g__Prevotella; s__pallens	0.995328726635173
4f18b7ff1611c1497c4eae1eef7089a4	k__Bacteria; p__Proteobacteria; c__Gammaproteobacteria; o__Pasteurellales; f__Pasteurellaceae	0.999999999999579
3f2be0f7b894ec93ed8568f431267b68	k__Bacteria; p__Bacteroidetes; c__Bacteroidia; o__Bacteroidales; f__Prevotellaceae; g__Prevotella; s__fusca	0.9704249232675969
6c98796179cad658ed5ece0ae501b1f2	k__Bacteria; p__Fusobacteria; c__Fusobacteriia; o__Fusobacteriales; f__Leptotrichiaceae; g__Leptotrichia; s__sp._oral_taxon_215	0.7292897910719582
1103e7afd45a9447aeacded9e02d4a9a	k__Bacteria; p__Fusobacteria; c__Fusobacteriia; o__Fusobacteriales; f__Leptotrichiaceae; g__Leptotrichia	0.9999999999998929
6ba392fcf05213d2df69f1f15b398e47	k__Bacteria; p__Spirochaetes; c__Spirochaetia; o__Spirochaetales; f__Spirochaetaceae; g__Treponema	0.9998002709644843
d59f0c8dae28e7d9a043bb1d73d34ef8	k__Bacteria; p__Bacteroidetes; c__Bacteroidia; o__Bacteroidales; f__Prevotellaceae; g__Prevotella; s__oris	0.9999686271279443
7b961c2695041d073cadb1b2a3812d5f	k__Bacteria; p__Proteobacteria; c__Alphaproteobacteria; o__Rhizobiales; f__Hyphomicrobiaceae; g__; s__	0.9971577376826014
442f8b3614304acf8ed61d7738071ca8	k__Bacteria; p__Firmicutes; c__Bacilli; o__Lactobacillales; f__Streptococcaceae; g__Streptococcus; s__pyogenes	0.9857137495301418
5872b2c76283f98c53acd533886ea9ca	k__Bacteria; p__Firmicutes	0.9999999999999576
560f3ba69be7c9cfc18e5742290c61ec	k__Bacteria; p__Bacteroidetes; c__Bacteroidia; o__Bacteroidales; f__Prevotellaceae; g__Alloprevotella; s__sp._oral_taxon_473	0.9999703047313987
136d39904622e950dbfb5bfb54c5e587	k__Bacteria; p__Firmicutes; c__Clostridia; o__Clostridiales; f__Lachnospiraceae	0.9952200485016821
4c907fa3f5386aa6e9ac84b957351ec9	k__Bacteria; p__Bacteroidetes; c__Bacteroidia; o__Bacteroidales; f__Prevotellaceae; g__Prevotella	1.0000000000000058
9c07350a28b4b0a7992a8867b35862bf	k__Bacteria; p__Bacteroidetes; c__Bacteroidia; o__Bacteroidales; f__Prevotellaceae; g__Prevotella; s__	0.9340395942325057
995417b433f0ade763f4949338dd15e0	k__Bacteria; p__Spirochaetes; c__Spirochaetia; o__Spirochaetales; f__Spirochaetaceae; g__Treponema; s__sp._oral_taxon_227	0.9995170553439595
6e6e1eb946a51fbd3eb700978c96c347	k__Bacteria; p__Firmicutes; c__Bacilli; o__Lactobacillales; f__Lactobacillaceae; g__Lactobacillus; s__crispatus	0.9739617645190906
0d53d2648bd66b032964aa2525f3a96c	k__Bacteria; p__Firmicutes; c__Clostridia; o__Clostridiales; f__Lachnospiraceae	0.9298902616286513
554130820bb16dc87d1b1d3e2973a361	k__Bacteria; p__Fusobacteria; c__Fusobacteriia; o__Fusobacteriales; f__Leptotrichiaceae; g__Leptotrichia; s__sp._oral_taxon_417	0.7968682577144195
4602ad4ccac5ffb32d297ee279b05afe	k__Bacteria; p__Firmicutes; c__Bacilli; o__Lactobacillales; f__Carnobacteriaceae; g__Granulicatella; s__adiacens	0.7413909789878949
cd62763f65dfc794cfd7d13961f38db7	k__Bacteria; p__Bacteroidetes; c__Bacteroidia; o__Bacteroidales; f__Prevotellaceae; g__Prevotella; s__melaninogenica	0.7086733264665608
e0319109b316dfd1b5bbab890d8cc341	k__Bacteria; p__Firmicutes; c__Clostridia; o__Clostridiales; f__Lachnospiraceae; g__Catonella; s__	0.7125547964529929
25243b24d7da824dcb039b24cb72c3f9	k__Bacteria; p__Bacteroidetes; c__Bacteroidia; o__Bacteroidales; f__Porphyromonadaceae; g__Tannerella	0.9999998437716986
f1e4b70865b6b7ff161b3130b2fc41be	k__Bacteria; p__Proteobacteria; c__Betaproteobacteria; o__Neisseriales; f__Neisseriaceae; g__Kingella; s__	0.8315357381829304
41a9db900d6b8c98cae1a8464eb7e654	k__Bacteria; p__Firmicutes	0.9999999999997081
c1909c9ccf2db6b1c41dc8eeb6141d85	k__Bacteria; p__Fusobacteria; c__Fusobacteriia; o__Fusobacteriales; f__Fusobacteriaceae; g__Fusobacterium	0.9994364593519509
ae2f7ce408c276a1156248d6a4ea43ac	k__Bacteria; p__Bacteroidetes; c__Bacteroidia; o__Bacteroidales; f__Prevotellaceae; g__Prevotella; s__oris	0.9999933152171716
2b6ea25880bd88f28c921ecb73931976	k__Bacteria; p__Bacteroidetes; c__Bacteroidia; o__Bacteroidales; f__Prevotellaceae; g__Prevotella	0.9999999900935901
c0c57cc43471d38cbf9181efe7f93ae5	k__Bacteria; p__Proteobacteria; c__Gammaproteobacteria; o__Pasteurellales; f__Pasteurellaceae	0.9999999999985121
18594a9b93ea8ae73f91271ce3cdc7a2	k__Bacteria; p__Spirochaetes; c__Spirochaetia; o__Spirochaetales; f__Spirochaetaceae; g__Treponema; s__sp._oral_taxon_239	0.9998684923488399
ae6122b88747579875ebe97ee3821800	k__Bacteria; p__Proteobacteria; c__Epsilonproteobacteria; o__Campylobacterales; f__Helicobacteraceae; g__Wolinella; s__succinogenes	0.9997662401968346
0a01d582a38ce5dc3262c69e0b9ca359	k__Bacteria; p__Firmicutes; c__Bacilli; o__Lactobacillales; f__Streptococcaceae; g__Streptococcus; s__salivarius	0.864528458450684
7c12f2a10ef1b91a79900a728ff65293	k__Bacteria; p__Firmicutes; c__Clostridia; o__Clostridiales; f__Lachnospiraceae; g__; s__	0.8499745014836062
c044b8ba4302d3ec1cfabc7b7a66efda	k__Bacteria; p__Spirochaetes; c__Spirochaetia; o__Spirochaetales; f__Spirochaetaceae; g__Treponema; s__sp._oral_taxon_254	0.9458972447034931
e97a0d834910a1d3ca7ba7aa9e581479	k__Bacteria; p__Fusobacteria; c__Fusobacteriia; o__Fusobacteriales; f__Fusobacteriaceae; g__Fusobacterium	0.9977200130067411
3f54d6435c8c309926dcdf1702a73d4a	k__Bacteria; p__Firmicutes; c__Clostridia; o__Clostridiales	0.9999999999991166
5e138469c7816d8c2cd96ab5ef74edba	k__Bacteria; p__Actinobacteria; c__Actinobacteria; o__Actinomycetales; f__Actinomycetaceae; g__Actinomyces; s__sp._oral_taxon_180	0.7197031021850766
a74d6e4d385cdfa407c403dec272afb1	k__Bacteria; p__Firmicutes; c__Mollicutes; o__Mollicutes_[O-1]; f__Mollicutes_[F-1]; g__Mollicutes_[G-1]; s__sp._oral_taxon_504	0.9999858662315776
9364c335bcec3acdcb1ae365fcfb4b07	k__Bacteria; p__Firmicutes	0.9999999999780484
b79167afc9ea34317a75a8b92ed18ad7	k__Bacteria; p__Firmicutes; c__Clostridia; o__Clostridiales; f__Ruminococcaceae; g__; s__	0.8800683936019448
8e602ce6f4bd726e7342a2547bb91ed9	k__Bacteria; p__Bacteroidetes; c__Bacteroidetes_[C-1]; o__Bacteroidetes_[O-1]; f__Bacteroidetes_[F-1]; g__Bacteroidetes_[G-3]; s__sp._oral_taxon_281	0.8568992340768322
27b60395c6981bebccf50f5af4a1b7ea	k__Bacteria; p__Firmicutes; c__Clostridia; o__Clostridiales; f__Lachnospiraceae_[XIV]; g__Lachnoanaerobaculum; s__sp._oral_taxon_089	0.9999278697503243
35bfe35e79e3268af73575672128984c	k__Bacteria; p__Bacteroidetes; c__Bacteroidia; o__Bacteroidales; f__Prevotellaceae; g__Prevotella	0.9999999999999601
a1e7d18428a1815b0d6bdb126ce49b1b	k__Bacteria; p__Fusobacteria; c__Fusobacteriia; o__Fusobacteriales; f__Fusobacteriaceae; g__Fusobacterium	0.9996725548478058
a467e213c9b71a4d14b58ef50b471137	k__Bacteria; p__Bacteroidetes; c__Bacteroidia; o__Bacteroidales; f__Prevotellaceae; g__Prevotella; s__denticola	0.9666592447325607
dc6ebc94df3aab742c6dbfc6fbde154c	k__Bacteria; p__Bacteroidetes; c__Bacteroidia; o__Bacteroidales; f__Prevotellaceae; g__Prevotella; s__sp._oral_taxon_376	0.9997121721430539
78c1a3e59d5479b990db863d4492ed46	k__Bacteria; p__Bacteroidetes; c__Bacteroidia; o__Bacteroidales; f__Prevotellaceae; g__Prevotella; s__veroralis	0.782905077620464
60a998fc96df16e4b7d4d985b5222da8	k__Bacteria; p__Bacteroidetes; c__Bacteroidia; o__Bacteroidales; f__Prevotellaceae; g__Prevotella; s__pallens	0.9999541623109411
8bac08e9813b5c4c461abf70bfe7975e	k__Bacteria; p__Spirochaetes; c__Spirochaetia; o__Spirochaetales; f__Spirochaetaceae; g__Treponema; s__sp._oral_taxon_242	0.9708366406172649
b87697004f68c41598ef34461545c1db	k__Bacteria; p__Actinobacteria; c__Actinobacteria; o__Actinomycetales; f__Microbacteriaceae; g__; s__	0.9146559175740906
f8911e0ad67217d26bbd3bcda3846cf6	k__Bacteria	0.9998210796719076
2dacf80ba084d2cd95ca26e90b0bb2ad	k__Bacteria; p__Proteobacteria; c__Alphaproteobacteria; o__Rhizobiales; f__Hyphomicrobiaceae; g__Rhodoplanes; s__	0.9952767691432916
5a6a0687021d49a5a72d97b254b451df	k__Bacteria; p__Firmicutes; c__Negativicutes; o__Selenomonadales; f__Veillonellaceae; g__Selenomonas	0.9995603374626882
ffbe495fe53ef1e8d04877a9bd5a6cc8	k__Bacteria; p__Firmicutes; c__Clostridia; o__Clostridiales; f__Lachnospiraceae_[XIV]; g__Stomatobaculum; s__longum	0.8551979603725867
f89dd714614a328a8b1c29faa4d3697c	k__Bacteria; p__Firmicutes	0.999999999999866
dcf85fd59e9391faecf7e4de3b395705	k__Bacteria; p__Gracilibacteria_(GN02); c__GN02_[C-2]; o__GN02_[O-2]; f__GN02_[F-2]; g__GN02_[G-2]; s__sp._oral_taxon_873	0.99999999999892
24b889226e4de89aea6311e6b8515fcd	k__Bacteria; p__Proteobacteria; c__Alphaproteobacteria; o__Rhodobacterales; f__Rhodobacteraceae	0.9999868317908429
25c6d3ee4585d5cbf5b536ff7a5ad95c	k__Bacteria; p__Chloroflexi; c__Anaerolineae; o__SHA-20; f__; g__; s__	0.9147489668502504
46eda14233ced20f841d5bd55bbf0557	k__Bacteria; p__Firmicutes; c__Bacilli; o__Lactobacillales; f__Streptococcaceae; g__Streptococcus	0.9999989232126396
2f4ae48935d120e8850380db7eb89b4e	k__Bacteria; p__Proteobacteria; c__Deltaproteobacteria; o__Desulfovibrionales; f__Desulfovibrionaceae; g__Bilophila; s__	0.9999999417453881
656f73c54eba6025dbca74b64a28dd05	k__Bacteria; p__Bacteroidetes; c__Flavobacteriia; o__Flavobacteriales; f__Flavobacteriaceae; g__Capnocytophaga	0.9999999972648739
7cb9cd437e3fbc4efc40efe9a0dd5a80	k__Bacteria; p__Firmicutes; c__Bacilli; o__Gemellales; f__Gemellaceae	0.722703898881395
8ff788ceb5e82e97fe9717293430491f	k__Bacteria; p__Spirochaetes; c__Spirochaetia; o__Spirochaetales; f__Spirochaetaceae; g__Treponema; s__sp._oral_taxon_508	0.9996478931131297
f816ee524dc4ee887205f9bf38d0eb5e	k__Bacteria; p__Actinobacteria; c__Actinobacteria; o__Actinomycetales; f__Actinomycetaceae; g__Actinomyces; s__sp._oral_taxon_896	0.9612705008868214
ef30843579bd25a911585dfe8cb16946	k__Bacteria; p__Fusobacteria; c__Fusobacteriia; o__Fusobacteriales; f__Fusobacteriaceae; g__Fusobacterium; s__nucleatum_subsp._vincentii	0.7277041014516409
9bdb2381dbb7130207b45346f5bd31af	k__Bacteria; p__Fusobacteria; c__Fusobacteriia; o__Fusobacteriales; f__Leptotrichiaceae; g__Leptotrichia; s__sp._oral_taxon_215	0.7357239471241983
fa2bc9a1d8021a64a0d75913b13b79bb	k__Bacteria; p__Fusobacteria; c__Fusobacteriia; o__Fusobacteriales; f__Fusobacteriaceae; g__Fusobacterium; s__periodonticum	0.8672756489971819
6e32b73d590ce8a7adc1679f6a668e5f	k__Bacteria; p__Fusobacteria; c__Fusobacteriia; o__Fusobacteriales; f__Fusobacteriaceae; g__Fusobacterium	0.9997550727786758
bcd1759146d6166688c62a4597148e77	k__Bacteria; p__Firmicutes; c__Clostridia; o__Clostridiales; f__Lachnospiraceae; g__Coprococcus; s__eutactus	0.9999990570401036
f1f1ea75acf48259b5ae5cdfa21f52c4	k__Bacteria; p__Proteobacteria; c__Betaproteobacteria; o__Neisseriales; f__Neisseriaceae; g__; s__	0.9999642010240307
0638c36b1981b9b864fe7c2f70424780	k__Bacteria; p__Firmicutes; c__Bacilli	0.999999999998103
0becb7ba682c50503c879122096b07f3	k__Bacteria; p__Bacteroidetes; c__Flavobacteriia; o__Flavobacteriales; f__Flavobacteriaceae; g__Capnocytophaga; s__haemolytica	0.9952681858146211
c799bf40ea1e5084bedfb8cc14d751df	k__Bacteria; p__Bacteroidetes; c__Bacteroidia; o__Bacteroidales; f__Prevotellaceae; g__Prevotella; s__nanceiensis	0.9999997029366071
283e2310e0b25327620c8d640351e866	k__Bacteria; p__Bacteroidetes; c__Bacteroidia; o__Bacteroidales; f__Prevotellaceae; g__Prevotella; s__marshii	0.9999999929879237
a5cec055768e99e6fe27241c7caf4489	k__Bacteria; p__Actinobacteria; c__Actinobacteria; o__Actinomycetales; f__Micrococcaceae; g__Rothia; s__mucilaginosa	0.9325224009041824
42245d9fa481e11d5ff1437f75ffd48d	k__Bacteria; p__Proteobacteria; c__Betaproteobacteria; o__Burkholderiales; f__Burkholderiaceae; g__Lautropia; s__	0.8571676296274722
1ee4374c1fac1724a80d7b5e8b28b095	k__Bacteria; p__Spirochaetes; c__Spirochaetia; o__Spirochaetales; f__Spirochaetaceae; g__Treponema	0.9999960956040664
789cadba7d8dee2dabe9700a2c5b5d58	k__Bacteria; p__Proteobacteria; c__Gammaproteobacteria; o__Xanthomonadales; f__Sinobacteraceae	0.9417609697547962
cb561d5e03bea973ef24dfe46348aea2	k__Bacteria; p__Chloroflexi; c__Anaerolineae; o__GCA004; f__; g__; s__	0.9999505117076464
a163b54bb2472a243042da43defb15a6	k__Bacteria; p__Proteobacteria; c__Betaproteobacteria; o__Neisseriales; f__Neisseriaceae; g__Neisseria	0.9994539410691737
51870dad71a1418914700741db1ffcb3	k__Bacteria; p__Bacteroidetes; c__Bacteroidia; o__Bacteroidales; f__Prevotellaceae; g__Prevotella; s__pleuritidis	0.9999989728811886
1a1c2a7dca8642fdb6bd4e3fe6aa8937	k__Bacteria; p__Bacteroidetes; c__Bacteroidia; o__Bacteroidales; f__Prevotellaceae; g__Prevotella; s__sp._oral_taxon_396	0.9997640548408427
1366e6c983fce0e2bf03e8854c796e38	k__Bacteria; p__Proteobacteria; c__Epsilonproteobacteria; o__Campylobacterales; f__Campylobacteraceae; g__Campylobacter; s__sp._oral_taxon_044	0.9509353386443292
ea6dbabbc411b4516e9bfd419c0c0e4e	k__Bacteria; p__Actinobacteria; c__Actinobacteria; o__Actinomycetales; f__Actinomycetaceae; g__Actinomyces; s__georgiae	0.7886931300584439
950479d1345704a4ba65c2cab8d1d3eb	k__Bacteria; p__Bacteroidetes; c__Bacteroidia; o__Bacteroidales; f__Prevotellaceae; g__Prevotella; s__melaninogenica	0.9963631394107804
00da69c2a1a860a9b28bc6d857036ae0	k__Bacteria; p__Fusobacteria; c__Fusobacteriia; o__Fusobacteriales; f__Leptotrichiaceae; g__Leptotrichia	0.9999999999864484
930fd455bbd6683af7c737a157639e38	k__Bacteria; p__Actinobacteria; c__Actinobacteria; o__Actinomycetales; f__Pseudonocardiaceae; g__Pseudonocardia; s__	0.9836826428554303
b7d07c30153fa6dfdc43c2138bca7db4	k__Bacteria; p__Spirochaetes; c__Spirochaetia; o__Spirochaetales; f__Spirochaetaceae; g__Treponema; s__sp._oral_taxon_258	0.9770455088996514
439d7394dc7fd3ef1514a6b8fea0c9f8	k__Bacteria; p__Spirochaetes; c__Spirochaetia; o__Spirochaetales; f__Spirochaetaceae; g__Treponema; s__sp._oral_taxon_230	0.8088992667080512
fceb5cdf913922f0c7e2bf2b452fa3a5	k__Bacteria; p__Firmicutes; c__Clostridia; o__Clostridiales; f__Lachnospiraceae; g__Coprococcus; s__eutactus	0.9999993872108662
edeaa016aa1dfc4293022c51e6c34e63	k__Bacteria; p__Spirochaetes; c__Spirochaetes; o__Spirochaetales; f__Spirochaetaceae; g__Treponema; s__amylovorum	0.9958646547730325
a98e8ef2e63462183051826a32ce0a6b	k__Bacteria; p__Actinobacteria; c__Actinobacteria; o__Actinomycetales; f__Corynebacteriaceae; g__Corynebacterium; s__	0.987730916391342
8cabd9aa5fe1eec600d12be549579d8d	k__Bacteria; p__Bacteroidetes; c__Bacteroidia; o__Bacteroidales; f__Prevotellaceae; g__Prevotella; s__sp._oral_taxon_820	0.9999996624202937
abc529720c995256c828f0811b7fcbed	k__Bacteria; p__Bacteroidetes; c__Bacteroidia; o__Bacteroidales; f__Prevotellaceae; g__Prevotella	0.9999999999999933
6c46f7ae83776c2529baa47f000507fb	k__Bacteria; p__Bacteroidetes; c__Bacteroidia; o__Bacteroidales; f__Prevotellaceae; g__Alloprevotella; s__tannerae	0.8589245675561507
963416e3273ac4fd3863ab1794f43d45	k__Bacteria; p__Actinobacteria; c__Thermoleophilia; o__Gaiellales; f__; g__; s__	0.9998849666211694
1ef769fe25ea4785bb07b6bf832daa1d	k__Bacteria; p__Cyanobacteria; c__Chloroplast; o__; f__; g__; s__	0.9997908322530876
cfcff8583ad3daa58156b98e0c34947a	k__Bacteria; p__Firmicutes; c__Clostridia; o__Clostridiales; f__Lachnospiraceae_[XIV]; g__Lachnoanaerobaculum; s__sp._oral_taxon_083	0.9999335411373598
d9267907ef52a8dd0974e5cd2525ee31	k__Bacteria; p__Firmicutes; c__Negativicutes; o__Selenomonadales; f__Veillonellaceae; g__Selenomonas; s__sputigena	0.9261668349202388
e8fb0cd08fbcee2c6e0a3ea359108943	k__Bacteria; p__Proteobacteria; c__Deltaproteobacteria; o__Desulfovibrionales; f__Desulfomicrobiaceae; g__Desulfomicrobium; s__orale	0.9999970441013974
7106e2c4ed278421937a210230864ea2	k__Bacteria; p__Bacteroidetes; c__Bacteroidia; o__Bacteroidales; f__Prevotellaceae; g__Prevotella; s__intermedia	0.9999994295844125
7001fb0a2621a6872a87ea6c9bba4b76	k__Bacteria; p__Chloroflexi; c__Anaerolineae; o__GCA004; f__; g__; s__	0.9999345708981155
8fa020cad0d9255173b57206b55033fa	k__Bacteria; p__Planctomycetes; c__Planctomycetia; o__Pirellulales; f__Pirellulaceae; g__; s__	0.9999998004453999
3d83364f39a675542e6f579e5e608c3b	k__Bacteria; p__Bacteroidetes; c__Bacteroidia; o__Bacteroidales; f__[Paraprevotellaceae]; g__[Prevotella]; s__tannerae	0.9865446043254869
83327cef4d0364903ee8ff8b7fab3765	k__Bacteria; p__Fusobacteria; c__Fusobacteriia; o__Fusobacteriales; f__Leptotrichiaceae; g__Leptotrichia	0.9999999999973648
19183cfeed17e5bad3375287465f11de	k__Bacteria; p__Tenericutes; c__Mollicutes; o__Acholeplasmatales; f__Acholeplasmataceae; g__Acholeplasma; s__	0.9977997695257191
29a6c438315f77a990b70c46dd310974	k__Bacteria; p__Bacteroidetes; c__Bacteroidia; o__Bacteroidales; f__Prevotellaceae; g__Prevotella; s__sp._oral_taxon_396	0.9986069354638019
d356c904f783de6d9033f1934b348652	k__Bacteria; p__Actinobacteria; c__Actinobacteria; o__Actinomycetales; f__Micrococcaceae; g__Rothia; s__mucilaginosa	0.8078050713149431
d7c2220e39d0a50b38017e3b3fa2cd75	k__Bacteria; p__Firmicutes; c__Clostridia; o__Clostridiales	0.9999999999999427
48895fa82c23b62696476a2380bcd306	k__Bacteria; p__Fusobacteria; c__Fusobacteriia; o__Fusobacteriales; f__Leptotrichiaceae; g__Leptotrichia; s__sp._oral_taxon_417	0.7923478609415425
177f4cf27e478ef3394c04e680cbf46e	k__Bacteria; p__SR1; c__SR1_[C-1]; o__SR1_[O-1]; f__SR1_[F-1]; g__SR1_[G-1]; s__sp._oral_taxon_345	0.9499040596678126
61d9fdee031e8ee4397a3fa0c9a8130d	k__Bacteria; p__Fusobacteria; c__Fusobacteriia; o__Fusobacteriales; f__Fusobacteriaceae; g__Fusobacterium	0.9994676508927074
925f238f1b7422421bd110ebc9b316f5	k__Bacteria; p__Proteobacteria; c__Betaproteobacteria; o__Neisseriales; f__Neisseriaceae; g__Neisseria; s__oralis	0.999249658011083
a9236b204429e6aabd091c0557016940	k__Bacteria; p__Bacteroidetes; c__Bacteroidia; o__Bacteroidales; f__Prevotellaceae; g__Prevotella; s__sp._oral_taxon_526	0.9999999999600675
e9fa2c65839e34aea88c30bcdbecb28d	k__Bacteria; p__Bacteroidetes; c__Flavobacteriia; o__Flavobacteriales; f__Flavobacteriaceae; g__Capnocytophaga	0.999999999998984
de871206abf493819a564f765d931a4e	k__Bacteria; p__Proteobacteria; c__Gammaproteobacteria; o__Cardiobacteriales; f__Cardiobacteriaceae; g__Cardiobacterium	0.952628011527556
03d05bf09e7f407b1e7c81321180382c	k__Bacteria; p__Fusobacteria; c__Fusobacteriia; o__Fusobacteriales; f__Leptotrichiaceae; g__Leptotrichia	0.9999999999786148
30d2ed0f04a6b256c63bb91236952328	k__Bacteria; p__Bacteroidetes; c__Bacteroidetes_[C-1]; o__Bacteroidetes_[O-1]; f__Bacteroidetes_[F-1]; g__Bacteroidetes_[G-3]; s__sp._oral_taxon_280	0.9999941496094105
8e124237e2a2e5679d7c171e33d5922d	k__Bacteria; p__Cyanobacteria; c__Oscillatoriophycideae; o__Chroococcales	0.982957309650353
28f723d1b4d5678cfa08585b79b5bf8c	k__Bacteria; p__Proteobacteria; c__Epsilonproteobacteria; o__Campylobacterales; f__Campylobacteraceae; g__Campylobacter; s__curvus	0.9949179863005371
8d8cce713e4ac2c79e9e2d0b2ad8ccbc	k__Bacteria; p__Firmicutes	0.9999999999998104
df3fda5b82238b014c1764f380986df4	k__Bacteria; p__Firmicutes; c__Clostridia; o__Clostridiales; f__Lachnospiraceae; g__Coprococcus; s__	0.9998122177491919
f5a43a2d3ee4b4718c7b1fab53ccce8f	k__Bacteria; p__Spirochaetes; c__Spirochaetia; o__Spirochaetales; f__Spirochaetaceae; g__Treponema; s__sp._oral_taxon_258	0.9995479689060892
43c69f0ba9d0cbf1c137c8e30e0d6f17	k__Bacteria; p__Bacteroidetes; c__Flavobacteriia; o__Flavobacteriales	0.99999971404178
042cc635bc5894502bb184f2d713e91b	k__Bacteria; p__Actinobacteria; c__Actinobacteria; o__Actinomycetales; f__Actinomycetaceae; g__Actinomyces; s__sp._oral_taxon_897	0.7541305948615928
7884387da8d22b90aab5e84bd39ba20e	k__Bacteria; p__Actinobacteria; c__Actinobacteria; o__Actinomycetales; f__Actinomycetaceae; g__Actinomyces; s__sp._oral_taxon_180	0.7086343501651459
47db6d5fd5d987df30d269926ab2d484	k__Bacteria; p__Fusobacteria; c__Fusobacteriia; o__Fusobacteriales; f__Leptotrichiaceae; g__Leptotrichia; s__sp._oral_taxon_498	0.9966784682123856
f7ef1b4e8a3424f3c3bc8044ed298610	k__Bacteria; p__Fusobacteria; c__Fusobacteriia; o__Fusobacteriales; f__Fusobacteriaceae; g__Fusobacterium; s__sp._oral_taxon_203	0.8285174549294086
9d937c879005e3523350377585daf89c	k__Bacteria; p__Actinobacteria; c__Acidimicrobiia; o__Acidimicrobiales; f__; g__; s__	0.9245496768916736
a6ab695edbda5f57d43e83ffe7d8470e	k__Bacteria; p__Proteobacteria; c__Gammaproteobacteria; o__Chromatiales; f__Chromatiaceae; g__; s__	0.9857218004862058
8f3fc30eaf5c30441a0fd755c90333bf	k__Bacteria; p__Proteobacteria; c__Epsilonproteobacteria; o__Campylobacterales; f__Helicobacteraceae; g__; s__	0.9999999749794742
61d8da0d6359a6e513d96f1272367005	k__Bacteria; p__Firmicutes; c__Bacilli; o__Lactobacillales; f__Streptococcaceae; g__Streptococcus	0.9999999875853598
26ab471bd05aa04c12684db40144cb35	k__Bacteria; p__Bacteroidetes; c__Flavobacteriia; o__Flavobacteriales; f__Flavobacteriaceae; g__Capnocytophaga	0.9999999984577617
69cb10564860e24ebe62a70531c05b97	k__Bacteria; p__Firmicutes; c__Bacilli; o__Lactobacillales; f__Leuconostocaceae; g__; s__	0.7029131012206263
19c9ebe51215e82a565b907dff4c08a4	k__Bacteria; p__Actinobacteria; c__Coriobacteriia; o__Coriobacteriales; f__Atopobiaceae; g__Olsenella; s__sp._oral_taxon_807	0.9981625750017443
2437ca63e057d59959c33a680911572b	k__Bacteria; p__Spirochaetes; c__Spirochaetia; o__Spirochaetales; f__Spirochaetaceae; g__Treponema; s__sp._oral_taxon_508	0.9999474317974298
70f8fb05cc59b300108096bf8c9fb313	k__Bacteria; p__Proteobacteria; c__Gammaproteobacteria; o__Pasteurellales; f__Pasteurellaceae; g__Actinobacillus	0.9277380098288542
c4ad863a091a8b895df214e1aefb96b6	k__Bacteria; p__Bacteroidetes; c__Bacteroidia; o__Bacteroidales; f__Prevotellaceae; g__Alloprevotella; s__rava	0.99973734194165
e442685b8e8915a70a49ec664f6d21f5	k__Bacteria; p__Firmicutes; c__Bacilli; o__Lactobacillales; f__Carnobacteriaceae; g__Granulicatella; s__adiacens	0.752024054703688
5344231cd8374da8f8b308e1fa1c5135	k__Bacteria; p__Proteobacteria; c__Alphaproteobacteria; o__Rhizobiales	0.9999426263926341
4e39b481b17a24f44d82100b41a989d3	k__Bacteria; p__Proteobacteria; c__Gammaproteobacteria; o__Pasteurellales; f__Pasteurellaceae; g__Aggregatibacter; s__	0.8659122064411329
ebb550bd604d0eeb6f29caa4b1a238f5	k__Bacteria; p__Firmicutes; c__Bacilli; o__Bacillales; f__Gemellaceae; g__Gemella	0.8037490965746404
1ea0985e71f34c07335b026d84322e3c	k__Bacteria; p__Bacteroidetes; c__Bacteroidia; o__Bacteroidales; f__Prevotellaceae; g__Prevotella; s__melaninogenica	0.8107047483518988
08e93abe6c85181191713342376a1874	k__Bacteria; p__Bacteroidetes; c__Bacteroidia; o__Bacteroidales; f__Prevotellaceae; g__Prevotella; s__melaninogenica	0.9265960893851064
4d951552b3cb9f8145337211c8c14c36	k__Bacteria; p__Firmicutes; c__Bacilli; o__Lactobacillales; f__Streptococcaceae; g__Streptococcus	0.9999995767342839
90af9cf2dc185bd5340cb508e09b1413	k__Bacteria; p__Firmicutes	0.9999999999998392
0977d7bae26ae151402595029487f9e1	k__Bacteria; p__Firmicutes; c__Clostridia; o__Clostridiales; f__Lachnospiraceae	0.9938832609271543
586b02648c4b5da30394e70bccf39561	k__Bacteria; p__Firmicutes; c__Clostridia; o__Clostridiales; f__Lachnospiraceae_[XIV]; g__Lachnospiraceae_[G-3]; s__sp._oral_taxon_100	0.9999998849269569
6379b8efa71a6b60ac298087134d70da	k__Bacteria; p__Fusobacteria; c__Fusobacteriia; o__Fusobacteriales; f__Leptotrichiaceae; g__; s__	0.99860967773886
a6dab9bbee2f1f6f75d9d54a3fa4dc87	k__Bacteria; p__Tenericutes; c__Mollicutes; o__RF39; f__; g__; s__	0.9999999862158263
967e77a90b0c2c20e1a4e13d202742c2	k__Bacteria; p__Proteobacteria; c__Deltaproteobacteria; o__Desulfovibrionales; f__Desulfomicrobiaceae; g__; s__	0.9999994019134787
d36a43a3d5e7c307a0c6a981f2f14666	k__Bacteria; p__Proteobacteria; c__Gammaproteobacteria; o__Enterobacteriales; f__Enterobacteriaceae	0.9996213883859724
d73725c2977fbd64056742ac04ba828f	k__Bacteria; p__Bacteroidetes; c__Bacteroidia; o__Bacteroidales; f__Prevotellaceae; g__Prevotella; s__melaninogenica	0.8507495891182633
2667e723d480567669f0291a045048cd	k__Bacteria; p__Actinobacteria; c__Actinobacteria; o__Actinomycetales; f__Actinomycetaceae; g__Actinomyces	0.9999998159057564
56095fe3f874d57285aed69592436f7d	k__Bacteria; p__Bacteroidetes; c__Bacteroidia; o__Bacteroidales; f__Prevotellaceae; g__Prevotella; s__melaninogenica	0.781464184911233
6e331321490bd8162b819185248e7cbf	k__Bacteria; p__Proteobacteria; c__Gammaproteobacteria; o__Chromatiales; f__Chromatiaceae; g__; s__	0.9973608481102193
4501063952c81380237fe05c9426b2a6	k__Bacteria; p__Firmicutes; c__Bacilli; o__Lactobacillales; f__Streptococcaceae; g__Streptococcus	0.999999985348021
493b9c832e96c7927d57f491e448b4a1	k__Bacteria; p__Bacteroidetes; c__Bacteroidia; o__Bacteroidales; f__Prevotellaceae; g__Prevotella	0.999999999999994
df9089621cf4e9801ae9b708c5d01211	k__Bacteria; p__Firmicutes; c__Clostridia; o__Clostridiales; f__Lachnospiraceae; g__Roseburia; s__	0.9681553088143868
c28c707c95871fbde0341ba25235f421	k__Bacteria; p__Fusobacteria; c__Fusobacteriia; o__Fusobacteriales; f__Leptotrichiaceae; g__Leptotrichia; s__sp._oral_taxon_498	0.9993497650156097
7eb6eb5ed744ba76f965f060439d951f	k__Bacteria; p__Bacteroidetes; c__Bacteroidia; o__Bacteroidales; f__Prevotellaceae; g__Prevotella; s__melaninogenica	0.893691189244531
cfdc0ee6f24672dbeb738a450e9e6f51	k__Bacteria; p__Actinobacteria; c__Coriobacteriia; o__Coriobacteriales; f__Coriobacteriaceae; g__Atopobium; s__	0.8311104019576465
4aa187dbd72a38928241f8507cd12833	k__Bacteria; p__Actinobacteria; c__Thermoleophilia; o__Solirubrobacterales; f__; g__; s__	0.9992890987682084
b581a0fd425af9bdac2238f29a21bd15	k__Bacteria; p__Planctomycetes; c__Planctomycetia; o__Pirellulales; f__Pirellulaceae; g__; s__	0.9657978210894019
a015d55f110d443ec247dc3c0a0dce73	k__Bacteria; p__Cyanobacteria; c__Chloroplast; o__Chlorophyta; f__Trebouxiophyceae; g__; s__	0.9999999997952926
bb9daaa5a5fcffc75eba1266a68c988c	k__Bacteria; p__Proteobacteria; c__Alphaproteobacteria; o__Rhodobacterales; f__Rhodobacteraceae	0.9996567363875115
a280da78cc088e4c3e28d29765d952c9	k__Bacteria; p__Saccharibacteria_(TM7); c__TM7_[C-1]; o__TM7_[O-1]; f__TM7_[F-1]; g__TM7_[G-3]; s__sp._oral_taxon_351	0.8107763117542413
d7705f99fb2e4df2bf5f71ed720300f9	k__Bacteria; p__Firmicutes; c__Clostridia; o__Clostridiales; f__Lachnospiraceae_[XIV]; g__Oribacterium; s__sp._oral_taxon_102	0.8280828276208962
65d894257df6a3b0617c5ab41d064d1b	k__Bacteria; p__Fusobacteria; c__Fusobacteriia; o__Fusobacteriales; f__Leptotrichiaceae; g__Leptotrichia; s__	0.8992331919659411
23bbdbbc0ada6a293971fb082ae4da4a	k__Bacteria; p__Gracilibacteria_(GN02); c__GN02_[C-1]; o__GN02_[O-1]; f__GN02_[F-1]; g__GN02_[G-1]; s__sp._oral_taxon_872	0.9999932680789032
dac14a087b035391fe1fb8498fb212a7	k__Bacteria; p__Firmicutes; c__Clostridia; o__Clostridiales; f__Lachnospiraceae_[XIV]; g__Oribacterium; s__asaccharolyticum	0.9748776389895104
4f6162582d47cd9f22d725062477902e	k__Bacteria; p__Proteobacteria; c__Gammaproteobacteria; o__Pseudomonadales; f__Pseudomonadaceae; g__Pseudomonas; s__fragi	0.9251473266434657
d3290ee5528ebb6d4d2ab67bfb58d4d2	k__Bacteria; p__Tenericutes; c__Mollicutes; o__RF39; f__; g__; s__	0.9999999804016115
67594b3a772ff0f57c3cd94b3822f5b3	k__Bacteria; p__Actinobacteria; c__Actinobacteria; o__Actinomycetales; f__Actinomycetaceae; g__Actinomyces; s__graevenitzii	0.9999751248293413
82a2d4454bcceea2f45b5b6aa62707fe	k__Bacteria; p__Firmicutes; c__Clostridia; o__Clostridiales; f__Lachnospiraceae_[XIV]; g__Lachnoanaerobaculum; s__saburreum	0.8260773629809937
65e2062fc7720eaeb720fb086259fa32	k__Bacteria; p__Spirochaetes; c__Spirochaetia; o__Spirochaetales; f__Spirochaetaceae; g__Treponema	0.9999999174453122
e0ad541bac9d4b7ccabf72faaa0bc8cd	k__Bacteria	0.9993429559946683
adff3ab29a8a714785795e7e82642d60	k__Bacteria; p__Firmicutes; c__Clostridia; o__Clostridiales; f__Lachnospiraceae_[XIV]; g__Stomatobaculum; s__sp._oral_taxon_910	0.8253712326919312
4823f226879dd4fec3f3aeffed33f9f5	k__Bacteria; p__Firmicutes; c__Negativicutes; o__Selenomonadales; f__Veillonellaceae; g__Megasphaera; s__sp._oral_taxon_841	0.9469352768270004
a9f2fc679583333cca89861620bb9e05	k__Bacteria; p__Bacteroidetes; c__Bacteroidetes_[C-2]; o__Bacteroidetes_[O-2]; f__Bacteroidetes_[F-2]; g__Bacteroidetes_[G-6]; s__sp._oral_taxon_516	0.9999999647607332
94fb23e1380a329f71b4e7d18eb27b45	k__Bacteria; p__Firmicutes; c__Clostridia; o__Clostridiales; f__Peptostreptococcaceae_[XI]; g__Mogibacterium; s__timidum	0.9151937434684256
a639a470bfa2380295d9337e5274c275	k__Bacteria; p__Spirochaetes; c__Spirochaetia; o__Spirochaetales; f__Spirochaetaceae; g__Treponema; s__sp._oral_taxon_238	0.9316202795294262
cdf7404021a00d88f008a72ed7441882	k__Bacteria; p__Proteobacteria; c__Gammaproteobacteria; o__Pasteurellales; f__Pasteurellaceae; g__Aggregatibacter; s__actinomycetemcomitans	0.9966909332639139
9ae7fb2d95fdd41238d903550f98e55c	k__Bacteria; p__Proteobacteria; c__Betaproteobacteria; o__Neisseriales; f__Neisseriaceae; g__Eikenella; s__	0.7248645218775778
a72a28e5bdaa4404b3c339e75820dacd	k__Bacteria; p__Proteobacteria; c__Gammaproteobacteria; o__Pasteurellales; f__Pasteurellaceae	0.9999999999995282
ceb4c64079d078f364eb8bd65a24a1c9	k__Bacteria; p__Bacteroidetes; c__Bacteroidetes_[C-1]; o__Bacteroidetes_[O-1]; f__Bacteroidetes_[F-1]; g__Bacteroidetes_[G-3]; s__sp._oral_taxon_436	0.9999997248353575
4bc9289b52a1e9600adf65aa36efb2d7	k__Bacteria; p__Firmicutes; c__Negativicutes; o__Selenomonadales; f__Veillonellaceae; g__Veillonella; s__sp._oral_taxon_780	0.7802595813773493
3947c8a617ccc70b63931ea2be0fa161	k__Bacteria; p__Cyanobacteria; c__Chloroplast; o__; f__; g__; s__	0.9999293782453398
94dd6a510cbbbebee49b9dc3c2a842e0	k__Bacteria; p__Actinobacteria; c__Thermoleophilia; o__Gaiellales; f__; g__; s__	0.9999995536046243
6a5421733e128bc56bae4548b98159ba	k__Bacteria; p__Bacteroidetes; c__Bacteroidia; o__Bacteroidales; f__Prevotellaceae; g__Prevotella; s__oris	0.9998524791990097
ec74242bace9876d378ae0fb050c9ac5	k__Bacteria; p__Actinobacteria; c__Actinobacteria; o__Actinomycetales; f__Pseudonocardiaceae; g__; s__	0.9923814192211537
e9ce3ec638bfd272e556a1e615a0276f	k__Bacteria; p__SR1; c__SR1_[C-1]; o__SR1_[O-1]; f__SR1_[F-1]; g__SR1_[G-1]; s__sp._oral_taxon_875	0.897033606115092
b7a05c399b9ff72c07c5dd4ced90b293	k__Bacteria; p__Firmicutes; c__Bacilli; o__Gemellales; f__Gemellaceae	0.8341944011046241
ad79c6aa0883f37669cc1e2fb366671d	k__Bacteria; p__Proteobacteria; c__Gammaproteobacteria; o__Pasteurellales; f__Pasteurellaceae; g__Haemophilus; s__parainfluenzae	0.779917005171206
c2da950b79b01123c6f1bc593975aed3	k__Bacteria; p__Firmicutes; c__Clostridia; o__Clostridiales; f__Lachnospiraceae_[XIV]; g__Lachnospiraceae_[G-2]; s__sp._oral_taxon_096	0.999852796248931
d392ef5fbd6d72ee956b04adccd595b9	k__Bacteria; p__Fusobacteria; c__Fusobacteriia; o__Fusobacteriales; f__Leptotrichiaceae; g__Leptotrichia; s__	0.9912355859969336
001ed0e49fa6dff8e04101a6ca288d7d	k__Bacteria; p__Saccharibacteria_(TM7); c__TM7_[C-1]; o__TM7_[O-1]; f__TM7_[F-2]; g__TM7_[G-5]; s__sp._oral_taxon_356	0.9963353295668652
4d4c80688f07030a0f3621ecfc4d16f5	k__Bacteria; p__Proteobacteria; c__Betaproteobacteria; o__Burkholderiales; f__Comamonadaceae	0.9992887053245891
5cb4e757ed6f0162b448abe45f6751aa	k__Bacteria; p__Bacteroidetes; c__Bacteroidia; o__Bacteroidales; f__Prevotellaceae; g__Prevotella; s__sp._oral_taxon_317	0.7654618304470436
b9649454ca8f91d20d2d7a0b15c0b6a9	k__Bacteria; p__Proteobacteria; c__Gammaproteobacteria; o__Pasteurellales; f__Pasteurellaceae; g__Haemophilus	0.9763822883385155
f5e60c83f7d51924142f921806a1453c	k__Bacteria; p__Actinobacteria; c__Actinobacteria; o__Bifidobacteriales; f__Bifidobacteriaceae; g__Parascardovia; s__denticolens	0.8703079130268189
e215e9e7bcc8bf049400d105d6f4cf0d	k__Bacteria; p__Bacteroidetes; c__Bacteroidia; o__Bacteroidales; f__Prevotellaceae; g__Prevotella	0.9999999999999674
200cb5e8f8d52278157c21e2e0afc511	k__Bacteria; p__Cyanobacteria; c__Chloroplast	0.999997054205559
438ec27e8a49621a084bbabdbf08f325	k__Bacteria; p__Firmicutes; c__Bacilli	0.9999999999986159
d71054df69f779c4ea01b7d2eaa7f9ab	k__Bacteria; p__Fusobacteria; c__Fusobacteriia; o__Fusobacteriales; f__Fusobacteriaceae; g__Fusobacterium	0.9997890342282643
b3dffe951f4e59e3f05de4ff4fe4989d	k__Bacteria; p__Proteobacteria; c__Gammaproteobacteria; o__Chromatiales; f__Chromatiaceae; g__; s__	0.8586660275528011
aad48ea881bf4dd91570c0618f532548	k__Bacteria; p__Bacteroidetes; c__Bacteroidia; o__Bacteroidales; f__Prevotellaceae; g__Alloprevotella; s__sp._oral_taxon_912	0.957012240893231
8a0981b94f2ebcf0b436530b030bc819	k__Bacteria; p__Bacteroidetes; c__Bacteroidia; o__Bacteroidales; f__Rikenellaceae; g__Blvii28; s__	0.9480413106972814
6d422a2a0863140c4c1d23f6c1d9c21f	k__Bacteria; p__Saccharibacteria_(TM7); c__TM7_[C-1]; o__TM7_[O-1]; f__TM7_[F-1]; g__TM7_[G-1]; s__sp._oral_taxon_346	0.8956248170597423
22526526d629b17e2188129d47a36c6f	k__Bacteria; p__Bacteroidetes; c__Flavobacteriia; o__Flavobacteriales; f__Flavobacteriaceae; g__Bergeyella; s__sp._oral_taxon_931	0.9653837870494171
bb272e9823603a338be0fe5f784495ab	k__Bacteria; p__Bacteroidetes; c__Bacteroidia; o__Bacteroidales; f__Prevotellaceae; g__Prevotella	0.9999999999999849
e63ee563eaceac422778d5a0d14de819	k__Bacteria; p__Bacteroidetes; c__Bacteroidia; o__Bacteroidales; f__Prevotellaceae; g__Prevotella; s__sp._oral_taxon_942	0.8848754756453674
cd2773fe406734721e5c58b01e3fe32a	k__Bacteria; p__Spirochaetes; c__Spirochaetes; o__Spirochaetales; f__Spirochaetaceae; g__Treponema; s__amylovorum	0.9743036605264968
13221ff058e14d0981c5bf7dd615c0e2	k__Bacteria; p__Bacteroidetes; c__Bacteroidia; o__Bacteroidales; f__Prevotellaceae; g__Prevotella; s__oris	0.9999008547321984
788eb81f48cdbd6b6602b2cb6fc96ed8	k__Bacteria; p__Firmicutes; c__Clostridia; o__Clostridiales; f__Lachnospiraceae_[XIV]; g__Oribacterium; s__parvum	0.9926228036378536
6e5f52212f5d604d9cc66f57d70fcb5f	k__Bacteria; p__Bacteroidetes; c__Bacteroidia; o__Bacteroidales; f__Porphyromonadaceae; g__Porphyromonas; s__endodontalis	0.9853120802443415
149d23e5630ffa6c5064beffd3f5f699	k__Bacteria; p__Chloroflexi; c__Ellin6529; o__; f__; g__; s__	0.999999821794704
338d3a91eb6153500bc2370bf40e48bc	k__Bacteria; p__Fusobacteria; c__Fusobacteriia; o__Fusobacteriales; f__Fusobacteriaceae; g__Fusobacterium	0.9985370297316272
55167927bf6928d38333e06437dcbefc	k__Bacteria; p__Fusobacteria; c__Fusobacteriia; o__Fusobacteriales; f__Fusobacteriaceae; g__Fusobacterium; s__	0.9470636564799702
e8d5e4e6838d83eaf416aeeec8b555ce	k__Bacteria; p__Cyanobacteria; c__Chloroplast; o__Streptophyta; f__; g__; s__	0.9999999999001972
830d1f3271de7b4cf6a72085454ad3fa	k__Bacteria; p__Bacteroidetes; c__Bacteroidia; o__Bacteroidales; f__Prevotellaceae; g__Prevotella	0.9999999999999879
3516872339f419ded8f208d0ceb964b0	k__Bacteria; p__Firmicutes; c__Clostridia; o__Clostridiales; f__; g__; s__	0.818461061839099
b78ce08d24f3eaea687ffac9e4b4e114	k__Bacteria; p__Actinobacteria; c__Actinobacteria; o__Bifidobacteriales; f__Bifidobacteriaceae; g__Gardnerella; s__	0.9770116672873298
3f6cccc36fbdc8c6c7b7a5d15ddd7c90	k__Bacteria; p__Bacteroidetes; c__Flavobacteriia; o__Flavobacteriales; f__Flavobacteriaceae; g__Bergeyella; s__sp._oral_taxon_322	0.7951930963664984
a8436bf71b1c9206436184323cd8150e	k__Bacteria; p__Bacteroidetes; c__Bacteroidia; o__Bacteroidales; f__Prevotellaceae; g__Prevotella; s__sp._oral_taxon_475	0.9999986855537456
2904d9e294126ff90128a19920f16ec0	k__Bacteria; p__Cyanobacteria; c__Chloroplast; o__; f__; g__; s__	0.9999385327180901
52202e82c77a3acc54cac160c349bf5d	k__Bacteria; p__Bacteroidetes; c__Bacteroidia; o__Bacteroidales; f__Prevotellaceae; g__Prevotella; s__oulorum	0.9371468326416822
5f9ef611d3bb6d4a5a7f6b873951256b	k__Bacteria; p__Firmicutes; c__Clostridia; o__Clostridiales; f__Ruminococcaceae; g__Ruminococcaceae_[G-1]; s__sp._oral_taxon_075	0.9999999997162661
9940b2a1891b176fc809e0ecfcc6e210	k__Bacteria; p__Proteobacteria; c__Epsilonproteobacteria; o__Campylobacterales; f__Campylobacteraceae; g__Campylobacter; s__concisus	0.7128652337288851
971c140412cf237c089ec4a140e47e7b	k__Bacteria; p__Firmicutes; c__Clostridia; o__Clostridiales; f__Lachnospiraceae_[XIV]; g__Lachnoanaerobaculum; s__orale	0.8841705366358443
1a58b913575bcbba23d506d0e2d79afb	k__Bacteria; p__Firmicutes; c__Clostridia; o__Clostridiales	0.9999999999992839
d6fc18218cd5d493cb9ec464bf762b95	k__Bacteria; p__Firmicutes; c__Negativicutes; o__Selenomonadales; f__Veillonellaceae; g__Veillonella	0.9057816825357663
f7d27dcdec1ae6c21287b1542acaed3b	k__Bacteria; p__Fusobacteria; c__Fusobacteriia; o__Fusobacteriales; f__Leptotrichiaceae; g__Leptotrichia	0.9999999999996491
4f9bcbfe89625540fa6b85d1704320c8	k__Bacteria; p__Proteobacteria; c__Gammaproteobacteria; o__Cardiobacteriales; f__Cardiobacteriaceae; g__Cardiobacterium; s__	0.7379367025370623
f8fe8c6bd7f937d22185e3e339eb30ad	k__Bacteria; p__Spirochaetes; c__Spirochaetia; o__Spirochaetales; f__Spirochaetaceae; g__Treponema; s__sp._oral_taxon_249	0.9836025277156727
3f648b342a766123a320cf570995f59c	k__Bacteria; p__Fusobacteria; c__Fusobacteriia; o__Fusobacteriales; f__Leptotrichiaceae; g__Leptotrichia	0.9999999999858736
4d3dc731b4fac6db337c7eb9e690be20	k__Bacteria; p__Proteobacteria; c__Alphaproteobacteria; o__Rhizobiales; f__Hyphomicrobiaceae; g__; s__	0.9974509092155861
a4fe31a499ae2d14385ddac6f9fa1f4d	k__Bacteria; p__Actinobacteria; c__Actinobacteria; o__Actinomycetales; f__; g__; s__	0.9999776799110639
4042f0e4339b713a46fd1e3b0b6a2a73	k__Bacteria; p__Bacteroidetes; c__Bacteroidia; o__Bacteroidales; f__Prevotellaceae; g__Prevotella	0.9999999999999731
83f16e9d286bf491fd9cf4496b06405a	k__Bacteria; p__Bacteroidetes; c__Bacteroidia; o__Bacteroidales; f__Prevotellaceae; g__Alloprevotella; s__sp._oral_taxon_473	0.9999415669698787
8deff3345d3c5ef0595b9ef769766106	k__Bacteria; p__Firmicutes; c__Bacilli; o__Bacillales	0.9999643580004277
a04fb77cb5e67414e73b522b7a4da960	k__Bacteria; p__Actinobacteria; c__OPB41; o__; f__; g__; s__	0.9999905711606802
5bbf27ad7aecbf90deeac8f97202453d	k__Bacteria; p__Actinobacteria; c__Actinobacteria; o__Actinomycetales; f__Pseudonocardiaceae; g__; s__	0.9812998659046062
d0784595e3f6e1c1631ca23b39d27147	k__Bacteria; p__Proteobacteria; c__Betaproteobacteria; o__Neisseriales; f__Neisseriaceae	0.999999999947883
ce7a35281c5a3cccc6f56e0dd8dc66cc	k__Bacteria; p__Firmicutes; c__Clostridia; o__Clostridiales	0.9999999999995997
0ce85ad9998877ba4f832c8105391cb9	k__Bacteria; p__Spirochaetes; c__Spirochaetia; o__Spirochaetales; f__Spirochaetaceae; g__Treponema; s__sp._oral_taxon_271	0.9999999965352941
3464b437ee3a78b54119140cda1566bf	k__Bacteria; p__Chloroflexi; c__Anaerolineae; o__Anaerolineales; f__Anaerolineaceae; g__Anaerolineae_[G-1]; s__sp._oral_taxon_439	0.9999386023204846
f7512409610af6eaa3d154d968087be5	k__Bacteria; p__Firmicutes	0.9999999998118319
b523780b213fd3c8fc65d7f1650d61e6	k__Bacteria; p__Spirochaetes; c__Spirochaetia; o__Spirochaetales; f__Spirochaetaceae; g__Treponema	0.999999760147535
0943c0949fba99323737ba72e2271995	k__Bacteria; p__Proteobacteria; c__Alphaproteobacteria	0.9423246898623724
13e5c121dcd90659e79484b76146ebf7	k__Bacteria; p__Fusobacteria; c__Fusobacteriia; o__Fusobacteriales; f__Leptotrichiaceae; g__Leptotrichia; s__sp._oral_taxon_847	0.999970455093576
3d49ea2e0b995ebf981fc088e542dd1c	k__Bacteria; p__Actinobacteria; c__Actinobacteria; o__Actinomycetales; f__; g__; s__	0.9997725895992738
9a32c9b075bfab0bb447dac9a9ad9f8c	k__Bacteria; p__Firmicutes; c__Clostridia; o__Clostridiales; f__Ruminococcaceae; g__Faecalibacterium; s__prausnitzii	0.999853082210895
5ba1f2092f48b3150e59cb3fc388100c	k__Bacteria; p__Firmicutes; c__Clostridia; o__Clostridiales; f__Lachnospiraceae_[XIV]; g__Stomatobaculum; s__sp._oral_taxon_097	0.999943954671821
400c89d86466605beac70ef7ff3020d5	k__Bacteria; p__Proteobacteria; c__Alphaproteobacteria; o__Rhizobiales; f__; g__; s__	0.8973348025908822
b3b7b2dec0b5a83b782e11df66116bad	k__Bacteria; p__Proteobacteria; c__Betaproteobacteria; o__Neisseriales; f__Neisseriaceae; g__Eikenella; s__	0.71323624170085
7651b73c29ef6f93da7f617e7a173837	k__Bacteria; p__Bacteroidetes; c__Bacteroidia; o__Bacteroidales; f__Prevotellaceae; g__Prevotella; s__salivae	0.9999246013831353
44629fa6430229dbb3f3fd1f7ddbf0ab	k__Bacteria; p__Bacteroidetes; c__Bacteroidia; o__Bacteroidales; f__Prevotellaceae; g__Alloprevotella; s__sp._oral_taxon_914	0.8643380490477061
2eea4211f330ee5e95be9c8c9547f358	k__Bacteria; p__Firmicutes; c__Mollicutes; o__Mycoplasmatales; f__Mycoplasmataceae; g__Mycoplasma; s__faucium	0.7347680591990675
8fad183276caa26c540a843fc68fff15	k__Bacteria; p__Bacteroidetes; c__Bacteroidia; o__Bacteroidales	0.9999999999999987
85abe4b44178941f6eb9a0b1e48413b8	k__Bacteria; p__Bacteroidetes; c__Bacteroidia; o__Bacteroidales; f__Prevotellaceae; g__Prevotella; s__fusca	0.867201116824027
7ce6be1c72e399105e0fcadd2e747f46	k__Bacteria; p__Proteobacteria; c__Gammaproteobacteria; o__Alteromonadales; f__[Chromatiaceae]; g__Alishewanella; s__	0.7762873977156161
c91a625651b64773d9b620c5b629fd56	k__Bacteria; p__Proteobacteria; c__Gammaproteobacteria; o__Legionellales; f__Coxiellaceae; g__; s__	0.9050926291536703
3671965a21a833068fb81ecb2a26cd8b	k__Bacteria; p__Bacteroidetes; c__Flavobacteriia; o__Flavobacteriales; f__[Weeksellaceae]; g__; s__	0.7327254471397825
be14f6b8056f1d49461b201d2711ba58	k__Bacteria; p__Firmicutes; c__Bacilli	0.8503201503696194
8a77fe8be338e6d650df5008390ca7a2	k__Bacteria; p__Proteobacteria; c__Gammaproteobacteria; o__Chromatiales; f__Chromatiaceae; g__; s__	0.9988038688590708
f1136ddd48f24392db66d2b8f4096d25	k__Bacteria; p__Cyanobacteria; c__Chloroplast; o__Chlorophyta; f__; g__; s__	0.9599816835210362
cb33e5c884403778cce5a1b06356db9c	k__Bacteria; p__Cyanobacteria; c__Oscillatoriophycideae; o__Oscillatoriales; f__Phormidiaceae; g__; s__	0.999843015044535
55bca7886a819486adcc6a0fb81bd600	k__Bacteria; p__Spirochaetes	0.9999999999999984
290644e15daed4b2fa808d241c9378b8	k__Bacteria; p__Proteobacteria; c__Gammaproteobacteria; o__Pasteurellales; f__Pasteurellaceae; g__Aggregatibacter	0.9617309675712853
6583910b0f2e9953bdcb1f99a96e2b24	k__Bacteria; p__Spirochaetes; c__Spirochaetia; o__Spirochaetales; f__Spirochaetaceae; g__Treponema	0.9999931921485756
66607f22eac587375195996809229f1a	k__Bacteria; p__Firmicutes; c__Clostridia; o__Clostridiales; f__Ruminococcaceae; g__Ruminococcaceae_[G-1]; s__sp._oral_taxon_075	0.9834172840040316
5431786d3d2398e4c886b20f40a36284	k__Bacteria; p__Bacteroidetes; c__Bacteroidia; o__Bacteroidales; f__Prevotellaceae; g__Prevotella; s__enoeca	0.9999999960678849
2ea8e61be5fcb32ce95d8d09f855af9a	k__Bacteria; p__Proteobacteria; c__Betaproteobacteria; o__Neisseriales; f__Neisseriaceae; g__Neisseria	0.9978967340227385
81b5944dbfaa35ac653a8945929d2945	k__Bacteria; p__Proteobacteria; c__Betaproteobacteria; o__Burkholderiales; f__Comamonadaceae; g__Brachymonas; s__denitrificans	0.9214921712027258
5090ac348cb0107e9763b3fdf0b6a942	k__Bacteria; p__Firmicutes; c__Bacilli; o__Lactobacillales; f__Carnobacteriaceae; g__Granulicatella	0.7866629558890177
2514190de7b808ac5aed77414e059e25	k__Bacteria; p__Bacteroidetes; c__Bacteroidia; o__Bacteroidales; f__Prevotellaceae; g__Prevotella; s__melaninogenica	0.9423951347732122
3bdd0d0cba55a83c1c304e9509f3e87e	k__Bacteria; p__Proteobacteria; c__Alphaproteobacteria; o__; f__; g__; s__	0.9810696616450216
4ae507b4338aad2ca015e18b8fa18f22	k__Bacteria; p__Proteobacteria; c__Alphaproteobacteria; o__Rickettsiales; f__mitochondria; g__Lupinus; s__luteus	0.8508846001136066
9f3b9a0eac3ea34956ac8064d6986c5a	k__Bacteria; p__Proteobacteria; c__Deltaproteobacteria; o__Syntrophobacterales; f__Syntrophaceae; g__Desulfobacca; s__	0.9967751576586736
50040bd8fe6642b791f708d84a93ab90	k__Bacteria; p__Actinobacteria; c__Actinobacteria; o__Actinomycetales; f__; g__; s__	0.999967251523497
30ea7a5ad7998d18ffc54811a88197fb	k__Bacteria; p__Actinobacteria; c__Acidimicrobiia; o__Acidimicrobiales; f__; g__; s__	0.9944137505720345
5a14c82cd68a2775a6bc572cd8382ec4	k__Bacteria; p__Firmicutes; c__Bacilli; o__Bacillales; f__Bacillaceae; g__Bacillus; s__muralis	0.7673847526334551
af32aa87a04176ff40af8e7771ea7351	k__Bacteria; p__Proteobacteria; c__Gammaproteobacteria; o__Chromatiales; f__Chromatiaceae; g__; s__	0.8025453550236809
9ab3c4769b63065c8a633b64da1b6041	k__Bacteria; p__Firmicutes; c__Clostridia; o__Clostridiales; f__Ruminococcaceae; g__Ruminococcaceae_[G-2]; s__sp._oral_taxon_085	0.9999999967789392
6c0e46d9d24a0c8bcf21bb8e67a7939d	k__Bacteria; p__Firmicutes; c__Bacilli; o__Lactobacillales; f__Streptococcaceae; g__Streptococcus; s__anginosus	0.9848723619020292
2768f549d3e0dd1de722922fc2c5ed25	k__Bacteria; p__Spirochaetes; c__Spirochaetia; o__Spirochaetales; f__Spirochaetaceae; g__Treponema	0.9997870213364534
d8d13264ac9edc4d7284fbef6f3e6f11	k__Bacteria; p__Firmicutes; c__Clostridia; o__Clostridiales; f__Lachnospiraceae; g__[Ruminococcus]; s__	0.9981938344508654
b45348591049260e87ce8bc060f17b59	k__Bacteria	0.9437403977897952
8b0616e4ec46ebb5ecd4d8f48a33bf2d	k__Bacteria; p__Bacteroidetes; c__Bacteroidia; o__Bacteroidales; f__Prevotellaceae; g__Alloprevotella; s__sp._oral_taxon_914	0.864520603708767
2c527d0d6b69ea9625f5878f6b3f6a24	k__Bacteria; p__Bacteroidetes; c__Bacteroidetes_[C-1]; o__Bacteroidetes_[O-1]; f__Bacteroidetes_[F-1]; g__Bacteroidetes_[G-3]; s__sp._oral_taxon_503	0.9999999999641034
c81eef2940b3066de7e810ddc227f218	k__Bacteria; p__Bacteroidetes; c__Flavobacteriia; o__Flavobacteriales; f__Flavobacteriaceae; g__Bergeyella; s__sp._oral_taxon_322	0.9702893524043219
467bb5f1b07452faab56be388fd605a7	k__Bacteria; p__Bacteroidetes; c__Bacteroidia; o__Bacteroidales; f__Prevotellaceae; g__Alloprevotella; s__sp._oral_taxon_912	0.956211271715143
1d810cc3c315eec05d4309d8e7ed8e95	k__Bacteria; p__Proteobacteria; c__Gammaproteobacteria; o__Legionellales; f__Coxiellaceae; g__; s__	0.9999700149619172
17b9292784b1955500561973ddc05d64	k__Bacteria; p__Proteobacteria; c__Alphaproteobacteria; o__; f__; g__; s__	0.9054087993905185
9d0daf2ef4a5a5c7463c12838d0ae0ec	k__Bacteria; p__Firmicutes; c__Clostridia; o__Clostridiales; f__Clostridiaceae; g__Clostridium; s__	0.9970244487244158
7c742223e04ac0ebf9a4a58450baf821	k__Bacteria; p__Proteobacteria; c__Deltaproteobacteria; o__Syntrophobacterales; f__Syntrophaceae; g__Desulfomonile; s__	0.9983850259538344
7ba7a2458dfd809c88ca190a0e4220e2	k__Bacteria; p__Bacteroidetes; c__Bacteroidia; o__Bacteroidales; f__Prevotellaceae; g__Prevotella; s__oulorum	0.9681354517776598
b24dda3dde6df22781f80f24a0ece343	k__Bacteria; p__Actinobacteria; c__Coriobacteriia; o__Coriobacteriales; f__Coriobacteriaceae; g__Slackia; s__exigua	0.9994115636768475
f68708a943e56457e451ae261d5cda59	k__Bacteria; p__Bacteroidetes; c__Flavobacteriia; o__Flavobacteriales; f__Flavobacteriaceae; g__Capnocytophaga; s__ochracea	0.8581078647712352
2c9e4e8c531768fdf85f3f864c352ceb	k__Bacteria; p__Bacteroidetes; c__Bacteroidia; o__Bacteroidales; f__Prevotellaceae; g__Prevotella; s__fusca	0.9417190050256797
e7babf5644ada8d946d35c9d18f8d1e3	k__Bacteria; p__Firmicutes; c__Clostridia; o__Clostridiales; f__Clostridiaceae; g__; s__	0.9963831472319362
10b40d258372c12cceff34932c6d516b	k__Bacteria	0.9997706364371064
0deba6bdfa096eb13b6ad7e57a312fb3	k__Bacteria; p__Proteobacteria	0.762359302096607
4b378f4b36ce2f71863bf789d6cec135	k__Bacteria; p__Proteobacteria; c__Epsilonproteobacteria; o__Campylobacterales; f__Campylobacteraceae; g__Campylobacter; s__	0.9466816087713588
984f2bafdbfa26a755de79a65033b0d3	k__Bacteria; p__Fusobacteria; c__Fusobacteriia; o__Fusobacteriales; f__Leptotrichiaceae; g__Leptotrichia	0.9999999999957159
8108e15bc8a77a316a53572bd6c95f81	k__Bacteria; p__Firmicutes; c__Clostridia; o__Clostridiales; f__Peptostreptococcaceae; g__Filifactor; s__	0.9927742988871423
bb2a7de5c65a71e2c93a8e5cdaaff791	k__Bacteria; p__Actinobacteria; c__Coriobacteriia; o__Coriobacteriales; f__Coriobacteriaceae; g__Atopobium; s__sp._oral_taxon_416	0.9999881517682246
af10358e48597144a66e7c3b4873217c	k__Bacteria; p__Firmicutes; c__Clostridia; o__Clostridiales; f__Lachnospiraceae_[XIV]; g__Lachnoanaerobaculum; s__orale	0.757739673198523
e2a3828d0b51aaf6a1ea7809ab19ddd3	k__Bacteria; p__Firmicutes	0.9999999999999685
d9237ba50864f8701dbc7bda7948bb14	k__Bacteria; p__Bacteroidetes; c__Bacteroidetes_[C-1]; o__Bacteroidetes_[O-1]; f__Bacteroidetes_[F-1]; g__Bacteroidetes_[G-3]; s__sp._oral_taxon_281	0.941025997926051
4b956c1b1d2c0d2bc9dcd1607a030f47	k__Bacteria; p__Fusobacteria; c__Fusobacteriia; o__Fusobacteriales; f__Leptotrichiaceae; g__Leptotrichia; s__hongkongensis	0.9402672953553605
ef03614f0780f428942c075ca939dbda	k__Bacteria; p__Spirochaetes; c__Spirochaetes; o__Spirochaetales; f__Spirochaetaceae; g__Treponema; s__amylovorum	0.9919579179161223
a016251defbabe08eef01c50a4b38d0d	k__Bacteria; p__Bacteroidetes; c__Flavobacteriia; o__Flavobacteriales; f__Flavobacteriaceae; g__Flavobacterium	0.999980990524519
5ac3026eb556bc3794626b99f2580b58	k__Bacteria; p__Firmicutes; c__Clostridia; o__Clostridiales; f__Ruminococcaceae; g__; s__	0.9141514116990498
f53c93bc495a16eb99eb996c1a083fd9	k__Bacteria; p__Firmicutes; c__Clostridia; o__Clostridiales	0.9974426838627392
0d09d10012e1b30d89154f3a244cce8f	k__Bacteria; p__Firmicutes; c__Bacilli; o__Lactobacillales; f__Lactobacillaceae; g__Lactobacillus	0.9954282143770697
fb24afbb776574d456065f8e3517d957	k__Bacteria; p__Cyanobacteria; c__Chloroplast; o__Chlorophyta; f__Trebouxiophyceae; g__; s__	0.9999999999894555
e748808c6dc881257f2dfcd1d2fe4307	k__Bacteria; p__Fusobacteria; c__Fusobacteriia; o__Fusobacteriales; f__Leptotrichiaceae; g__Leptotrichia; s__sp._oral_taxon_218	0.9998011980464796
4b6d967acab284f5075d9a3f92c1b9e6	k__Bacteria; p__Bacteroidetes; c__Bacteroidia; o__Bacteroidales; f__Porphyromonadaceae; g__Tannerella	0.9999998833301369
cc6d159fcf502be17511c1ffd998e450	k__Bacteria; p__Cyanobacteria; c__Chloroplast; o__Chlorophyta; f__; g__; s__	0.963885687467255
1ad945b974c0eafe66abd92900db1400	k__Bacteria; p__Proteobacteria	0.781674552237359
5e302208e1dae6ec146f17f072259040	k__Bacteria; p__Fusobacteria; c__Fusobacteriia; o__Fusobacteriales; f__Fusobacteriaceae; g__Fusobacterium	0.9997410823494971
d10c82655ab9478a8d33af109f17d2f1	k__Bacteria; p__Firmicutes; c__Negativicutes; o__Selenomonadales; f__Veillonellaceae; g__Megasphaera; s__micronuciformis	0.943686166945204
b58917e148d38e85c0a1014b615a2f5d	k__Bacteria; p__Fusobacteria; c__Fusobacteriia; o__Fusobacteriales; f__Leptotrichiaceae; g__Leptotrichia	0.9999999999999578
0092c2f49cca6e86c1033f9540784890	k__Bacteria; p__Firmicutes; c__Clostridia; o__Clostridiales; f__Peptostreptococcaceae_[XI]; g__Mogibacterium	0.8991984407722085
734258aa5a481322aabcc428c3f31914	k__Bacteria; p__Proteobacteria; c__Gammaproteobacteria; o__Legionellales; f__Coxiellaceae; g__; s__	0.9999685852269488
bbe5b755b8f446b56f4e239dff6ee6d0	k__Bacteria; p__Firmicutes; c__Clostridia; o__Clostridiales; f__Peptoniphilaceae; g__Peptoniphilus; s__lacrimalis	0.9889182329473128
90c4350e23332e8095d838bdfe05be1b	k__Bacteria; p__Bacteroidetes; c__Flavobacteriia; o__Flavobacteriales	0.9999860275480267
cd063cab1724ceb5bcb9577ee47139fc	k__Bacteria; p__Spirochaetes; c__Spirochaetia; o__Spirochaetales; f__Spirochaetaceae; g__Treponema	0.8018451569063102
522cf87fa22267aca6ea05f2e075a64a	k__Bacteria; p__Firmicutes; c__Bacilli; o__Lactobacillales; f__Leuconostocaceae; g__Leuconostoc; s__	0.9999603225416287
cc69bc1d51c7811f695b51bb9eda5727	k__Bacteria; p__Verrucomicrobia; c__Verrucomicrobiae; o__Verrucomicrobiales; f__Verrucomicrobiaceae; g__Akkermansia; s__muciniphila	0.9999999999999716
e94c1a5d688865d7e22fe85a397215a9	k__Bacteria; p__Bacteroidetes; c__Flavobacteriia; o__Flavobacteriales; f__Flavobacteriaceae; g__Capnocytophaga; s__ochracea	0.8396538457789428
e25d61d80ee595bc6278b68226c3cfa0	k__Bacteria; p__Fusobacteria; c__Fusobacteriia; o__Fusobacteriales; f__Fusobacteriaceae; g__Fusobacterium	0.9998309612587903
d228839a3a3738ebd82bda680980e66b	k__Bacteria	0.9997283295680266
a9e502ccdea93118257f3793b15dad8f	k__Bacteria; p__Cyanobacteria; c__Chloroplast; o__Chlorophyta; f__Chlamydomonadaceae; g__; s__	0.9999999984619024
04c95f24fdab2416a4861a0c7dd44c60	k__Bacteria; p__Bacteroidetes; c__Bacteroidia; o__Bacteroidales; f__Prevotellaceae; g__Prevotella; s__multisaccharivorax	0.9999999951190404
43369c8ce15548efbf51f209d48d810f	k__Bacteria; p__Chloroflexi; c__Anaerolineae; o__DRC31; f__; g__; s__	0.9999088758942036
7a66c679f533daef086218976a5e773d	k__Bacteria; p__Bacteroidetes; c__Flavobacteriia; o__Flavobacteriales; f__Flavobacteriaceae; g__Capnocytophaga; s__gingivalis	0.9784687972438898
8891175a8befa87e87c825482920a6ef	k__Bacteria; p__Proteobacteria; c__Alphaproteobacteria; o__Rhodospirillales; f__Acetobacteraceae; g__; s__	0.9749627029467995
3479f0dadbd220af392faf7b63220e1b	k__Bacteria; p__Spirochaetes; c__Spirochaetia; o__Spirochaetales; f__Spirochaetaceae; g__Treponema; s__sp._oral_taxon_246	0.8572615252241614
703f8e2ce3142e7129ab2f1771a3e0a4	k__Bacteria; p__Bacteroidetes; c__Bacteroidia; o__Bacteroidales; f__Prevotellaceae; g__Alloprevotella; s__sp._oral_taxon_912	0.9074155642357569
f8a13d1d3a76b92001672bbb5ac78a79	k__Bacteria; p__Spirochaetes; c__Spirochaetia; o__Spirochaetales; f__Spirochaetaceae; g__Treponema; s__amylovorum	0.9961978381561222
dd1227986d686bf4015823769624dff3	k__Bacteria; p__Fusobacteria; c__Fusobacteriia; o__Fusobacteriales; f__Leptotrichiaceae; g__Leptotrichia; s__	0.9623722785447258
2ac8ecbd1932e748a5f72fda47a35c7d	k__Bacteria; p__Firmicutes; c__Clostridia; o__Clostridiales; f__Lachnospiraceae_[XIV]; g__Lachnospiraceae_[G-2]; s__sp._oral_taxon_088	0.999903057799965
ee2dc8a27d5ece6444eee16967224096	k__Bacteria; p__Firmicutes; c__Clostridia; o__Clostridiales; f__Peptostreptococcaceae_[XI]; g__Mogibacterium; s__timidum	0.9607175689735975
0170b5e47ddaa5fec8714f5ca7a9632f	k__Bacteria; p__Firmicutes; c__Negativicutes; o__Selenomonadales; f__Veillonellaceae; g__Selenomonas; s__sputigena	0.7742722985112974
a81d99cf97fc1d23b01e714d191dadec	k__Bacteria; p__Tenericutes; c__Mollicutes; o__Mycoplasmatales; f__Mycoplasmataceae; g__Mycoplasma; s__	0.9999741410050512
bb7a9fb3b334ce27170dc0e4b21d1e82	k__Bacteria; p__Actinobacteria; c__Actinobacteria; o__Actinomycetales; f__; g__; s__	0.9997346066368471
87aaae2b91898219897474a4baaca3a2	k__Bacteria; p__Actinobacteria; c__Acidimicrobiia; o__Acidimicrobiales; f__koll13; g__; s__	0.9999995483855767
2280903680c04c62f8cfc68ebcc63f99	k__Bacteria; p__Chloroflexi; c__Anaerolineae; o__Caldilineales; f__Caldilineaceae; g__; s__	0.9925407845514252
73c8bb25a2f9699d65ef70f24deee7c7	k__Bacteria; p__Firmicutes	0.9999999999999023
a0bbe14c715ec75a3497ae9a8926d8b2	k__Bacteria; p__Fusobacteria; c__Fusobacteriia; o__Fusobacteriales; f__Leptotrichiaceae; g__Leptotrichia; s__	0.7359569416627483
befdf95e341045a84c770118f907277e	k__Bacteria; p__Proteobacteria; c__Alphaproteobacteria; o__Rhizobiales	0.9986679860819031
4553e242948dbd6eb077633e43ef6a6a	k__Bacteria; p__Proteobacteria; c__Deltaproteobacteria; o__Syntrophobacterales; f__Syntrophaceae; g__Desulfobacca; s__	0.9999887981610699
ac834b5c70e218ada751545bbe3573b1	k__Bacteria; p__Cyanobacteria; c__Synechococcophycideae; o__Synechococcales; f__Synechococcaceae; g__Synechococcus; s__	0.750310712532271
8a464039a95aeaaf4ad1d93084190a64	k__Bacteria; p__Firmicutes; c__Clostridia; o__Clostridiales; f__Lachnospiraceae; g__; s__	0.9795781062566107
56af221c034e10dfcf4a489a11994e7d	k__Bacteria; p__Firmicutes; c__Clostridia; o__Clostridiales; f__Lachnospiraceae; g__[Ruminococcus]; s__	0.9452587335143262
00081b45a66c49d004c03a25d97486c2	k__Bacteria; p__Spirochaetes; c__Spirochaetia; o__Spirochaetales; f__Spirochaetaceae; g__Treponema	0.9999999906081154
76eb49c386ff14220a8b77e7f6b0ce24	k__Bacteria; p__Bacteroidetes; c__Bacteroidia; o__Bacteroidales; f__Prevotellaceae; g__Prevotella; s__multisaccharivorax	0.9999999998274518
39aca5cbeda1f18570c1ee4abf8e4ebf	k__Bacteria; p__Bacteroidetes; c__Flavobacteriia; o__Flavobacteriales; f__Flavobacteriaceae; g__Capnocytophaga; s__haemolytica	0.9994528367273348
6ef4a6bcf7efcff760e5c0b25f9330d9	k__Bacteria; p__Fusobacteria; c__Fusobacteriia; o__Fusobacteriales; f__Leptotrichiaceae; g__Leptotrichia; s__	0.9837670060162791
3a888468b0853f4f0f1a26c2d7a7eb06	k__Bacteria; p__Firmicutes; c__Clostridia; o__Clostridiales; f__[Tissierellaceae]; g__; s__	0.9999964918479097
8c8f1f43bc889d76ad052aad25bb5f74	k__Bacteria; p__Bacteroidetes; c__Bacteroidia; o__Bacteroidales; f__Prevotellaceae; g__Prevotella; s__sp._oral_taxon_304	0.9999957898632581
e79d7cacbde7deb25a8832c79270db98	k__Bacteria; p__Firmicutes; c__Clostridia; o__Clostridiales; f__Lachnospiraceae; g__[Ruminococcus]; s__gnavus	0.7426445692882131
60148584e105fb287f8f07d4c64d9286	k__Bacteria; p__Cyanobacteria; c__Synechococcophycideae; o__Synechococcales; f__Synechococcaceae; g__Synechococcus; s__	0.7632334511098174
84a54fd03df05ab4530aa95b52eceab3	k__Bacteria; p__Firmicutes	0.9999999980874497
e5338fd5fd5fea4d4be1cf1033daffa0	k__Bacteria; p__Chloroflexi; c__Anaerolineae; o__DRC31; f__; g__; s__	0.9999950966347333
246036f0998ac58bdd407972c893bb08	k__Bacteria; p__Cyanobacteria; c__Oscillatoriophycideae; o__Chroococcales; f__; g__; s__	0.9715993552225525
be339bf1600d16cec7d6121723008cd4	k__Bacteria; p__Fusobacteria; c__Fusobacteriia; o__Fusobacteriales; f__Fusobacteriaceae; g__Fusobacterium; s__sp._oral_taxon_203	0.8153712207312601
18e64a2b5ced1559ca2aad63ec668abd	k__Bacteria; p__Bacteroidetes; c__Bacteroidia; o__Bacteroidales; f__Bacteroidaceae; g__Bacteroides; s__uniformis	0.9986100149732948
08668b666a706dbc3558018f837f5bca	k__Bacteria; p__Spirochaetes; c__Spirochaetia; o__Spirochaetales; f__Spirochaetaceae; g__Treponema; s__sp._oral_taxon_518	0.9952846982799717
44a04a7e1a32ef61902279935189add9	k__Bacteria; p__Fusobacteria; c__Fusobacteriia; o__Fusobacteriales; f__Leptotrichiaceae; g__Leptotrichia	0.9999999999999547
0193a44de0c27ec4f812d267e54fd727	k__Bacteria; p__Firmicutes; c__Negativicutes; o__Selenomonadales; f__Veillonellaceae; g__Dialister; s__sp._oral_taxon_119	0.979850173534391
78d4864ed17d4caf0eb9437cecb0d03f	k__Bacteria	0.961853867233856
a7091d48d52b629d2a95c25acd3b5df1	k__Bacteria; p__Bacteroidetes; c__Bacteroidia; o__Bacteroidales; f__Prevotellaceae; g__Prevotella; s__oris	0.9999630517404365
86d1d7d307ed0beb6a829f4873d369c1	k__Bacteria; p__Spirochaetes; c__Spirochaetia; o__Spirochaetales; f__Spirochaetaceae; g__Treponema; s__socranskii	0.9131367648613204
24c7bd745f1e6dd193e765c517fcbfb7	k__Bacteria; p__Fusobacteria; c__Fusobacteriia; o__Fusobacteriales; f__Fusobacteriaceae; g__Fusobacterium; s__periodonticum	0.7094226211238239
59b32774a076ea99374746347224f879	k__Bacteria; p__Bacteroidetes; c__Bacteroidia; o__Bacteroidales; f__Prevotellaceae; g__Prevotella; s__shahii	0.8233964919237362
cd12af5dcd373b6dff2217dac087950b	k__Bacteria; p__Firmicutes; c__Clostridia; o__Clostridiales; f__Lachnospiraceae_[XIV]; g__Oribacterium; s__asaccharolyticum	0.9674057900839625
61be771c0e9a21e316110804e840cde7	k__Bacteria; p__Bacteroidetes; c__Bacteroidia; o__Bacteroidales; f__Prevotellaceae; g__Prevotella; s__sp._oral_taxon_300	0.8412038819368703
28176c2645328add7b66762173e57895	k__Bacteria; p__Firmicutes; c__Clostridia; o__Clostridiales; f__Lachnospiraceae	0.9511179675919025
4ed6c8acbf9f41c8ef757fe26f69cc15	k__Bacteria	0.9999990058820386
cd97eff06807228711b963992244e7d4	k__Bacteria; p__Fusobacteria; c__Fusobacteriia; o__Fusobacteriales; f__Leptotrichiaceae; g__Leptotrichia; s__sp._oral_taxon_498	0.9977356038917375
e70007024dcaa8768b97c7c79e6af8d6	k__Bacteria; p__Proteobacteria; c__Gammaproteobacteria; o__Chromatiales; f__Chromatiaceae; g__; s__	0.910000365111992
81729bfafba03fb1b1ebca05d3514edb	k__Bacteria; p__Proteobacteria; c__Alphaproteobacteria; o__Rhodobacterales; f__Rhodobacteraceae; g__Loktanella; s__salsilacus	0.8843825995060546
9858c2a67ae71ec0d453726ea79c9a1f	k__Bacteria; p__Bacteroidetes; c__Bacteroidia; o__Bacteroidales; f__Prevotellaceae; g__Prevotella; s__salivae	0.9999942898845433
050fe92caf546493322de7360fe9e148	k__Bacteria; p__Firmicutes; c__Clostridia; o__Clostridiales; f__Peptostreptococcaceae_[XI]; g__Peptostreptococcaceae_[XI][G-1]; s__[Eubacterium]_sulci	0.8643365219683196
8a34f8a781b3c081b24a7fc59baaa39c	k__Bacteria; p__Firmicutes; c__Mollicutes; o__Mollicutes_[O-2]; f__Mollicutes_[F-2]; g__Mollicutes_[G-2]; s__sp._oral_taxon_906	0.9999956437013496
a97fcddb66ac8d13cb91204124c47209	k__Bacteria; p__Firmicutes; c__Clostridia; o__Clostridiales	0.9898117691447703
5534f17dd11011ad7d4a640d222b8fa7	k__Bacteria; p__SR1; c__SR1_[C-1]; o__SR1_[O-1]; f__SR1_[F-1]; g__SR1_[G-1]; s__sp._oral_taxon_345	0.9987421882668047
9f786789dad4bdb9c4b307d923d22416	k__Bacteria; p__Spirochaetes; c__Spirochaetia; o__Spirochaetales; f__Spirochaetaceae; g__Treponema	0.7911838064347578
0eaa86a883a2b287acb4c14afc40ff55	k__Bacteria; p__Firmicutes; c__Clostridia; o__Clostridiales; f__Peptostreptococcaceae_[XI]; g__Mogibacterium	0.9238646827033711
1d0396955df67ae1315105d99a7aa0df	k__Bacteria; p__Chloroflexi; c__Anaerolineae; o__Caldilineales; f__Caldilineaceae; g__; s__	0.9998294850658025
f748620cbd475b6faaa3c6572b9c9e25	k__Bacteria; p__Firmicutes; c__Clostridia; o__Clostridiales; f__Peptostreptococcaceae; g__Clostridium; s__ruminantium	0.7657666577247129
24608418179fb129560668198ca7ee30	k__Bacteria; p__Firmicutes; c__Clostridia; o__Clostridiales; f__Lachnospiraceae; g__; s__	0.8217890369095332
613e1ab61b45d780c1dd9193ddc7b324	k__Bacteria; p__Actinobacteria; c__Actinobacteria; o__Actinomycetales; f__Intrasporangiaceae	0.9999848767055632
a81eb18722604bd7e02119bc59f65e55	k__Bacteria; p__Bacteroidetes; c__Bacteroidia; o__Bacteroidales; f__Prevotellaceae; g__Prevotella; s__enoeca	0.9999999902642998
3b187795c0e73581ab6990ebcfbf02a8	k__Bacteria; p__Firmicutes; c__Clostridia; o__Clostridiales; f__Peptostreptococcaceae; g__; s__	0.8824333958766954
6225e22e0159e02ffe1c5d40db5c9870	k__Bacteria; p__Proteobacteria; c__Deltaproteobacteria; o__Spirobacillales; f__; g__; s__	0.9998944376960299
79078cecc0b6a1456b9f9d223dd366cd	k__Bacteria; p__Proteobacteria; c__Gammaproteobacteria; o__Chromatiales; f__Chromatiaceae	0.9999960526621559
45abce1cd35ff3f9c99704e5d8018ddb	k__Bacteria; p__Actinobacteria; c__Thermoleophilia; o__Solirubrobacterales; f__; g__; s__	0.9999998733916238
3aaa5d214c6ac8f8204b6b08f1df18fc	k__Bacteria; p__Actinobacteria; c__Actinobacteria; o__Actinomycetales; f__; g__; s__	0.9991780926266965
9835a25f41a10586bac43eb84347e897	k__Bacteria; p__Firmicutes; c__Clostridia; o__Clostridiales; f__Lachnospiraceae_[XIV]; g__Oribacterium; s__parvum	0.9820678590618428
483ec7e66974b508c4eac2f8cdc6fc3b	k__Archaea; p__Euryarchaeota; c__Methanobacteria; o__Methanobacteriales; f__Methanobacteriaceae; g__Methanobacterium; s__	0.9996254628805866
2e13095c5d21f360294dfa2042ea0735	k__Bacteria; p__Cyanobacteria; c__Chloroplast; o__Stramenopiles; f__; g__; s__	0.9999999999814122
b53a153e5d7b6a0d882a1f6cfe6e751f	k__Bacteria; p__Firmicutes; c__Clostridia; o__Clostridiales; f__Peptococcaceae; g__; s__	0.9996294502635282
dd257477cd574493da1043a655f16dd2	k__Bacteria; p__Firmicutes; c__Clostridia; o__Clostridiales; f__Lachnospiraceae_[XIV]; g__Lachnoanaerobaculum	0.9446386813014424
3247741a2c3e05bc5922804b92a5ca1e	k__Bacteria; p__Gracilibacteria_(GN02); c__GN02_[C-2]; o__GN02_[O-2]; f__GN02_[F-2]; g__GN02_[G-2]; s__sp._oral_taxon_873	0.9999999999994742
b3733e0f3ce234523abaf5c33087edc8	k__Bacteria; p__Bacteroidetes; c__Bacteroidia; o__Bacteroidales; f__Prevotellaceae; g__Prevotella; s__bivia	0.9999997868371878
754452586f3cdb9f650e5ffc5daa53bd	k__Bacteria; p__Firmicutes; c__Bacilli; o__Bacillales	0.7057368784072856
219d6b5c9c1b48e30dce94c9c9c4143a	k__Bacteria; p__Fusobacteria; c__Fusobacteriia; o__Fusobacteriales; f__Leptotrichiaceae; g__Leptotrichia	0.9999999999990801
45533affafa406ba8d2550f73a240f3c	k__Bacteria; p__Firmicutes; c__Clostridia; o__Clostridiales; f__[Tissierellaceae]; g__Parvimonas; s__	0.863225683029018
4df174a5f8aa6cb7e9ea680bf69bc8ac	k__Bacteria; p__Firmicutes; c__Clostridia; o__Clostridiales; f__Lachnospiraceae_[XIV]; g__Lachnospiraceae_[G-3]; s__sp._oral_taxon_100	0.9999999804833382
1159938dfdd0d16186a817abb1bc56d1	k__Bacteria; p__Firmicutes; c__Clostridia; o__Clostridiales; f__Lachnospiraceae_[XIV]; g__Lachnospiraceae_[G-2]; s__sp._oral_taxon_088	0.7527208403919705
1047b665dd9a320d83cecc9e1445ed4b	k__Bacteria; p__Fusobacteria; c__Fusobacteriia; o__Fusobacteriales; f__Fusobacteriaceae; g__Fusobacterium	0.9995511242691175
8ad17351399e6c6382d3914505081045	k__Bacteria; p__Fusobacteria; c__Fusobacteriia; o__Fusobacteriales; f__Leptotrichiaceae; g__Leptotrichia	0.9999999999941831
c9883c608ed5da4b034a075eaf0f87bf	k__Bacteria; p__Spirochaetes; c__Spirochaetia; o__Spirochaetales; f__Spirochaetaceae; g__Treponema; s__sp._oral_taxon_508	0.9985617239435771
5e4b02e5a2f8e614b7e4571a1926b11b	k__Bacteria; p__Bacteroidetes; c__Cytophagia; o__Cytophagales; f__Cytophagaceae; g__Leadbetterella; s__	0.9999999999995026
e11c98a5ceb92a4e7603851794256cbe	k__Bacteria; p__Proteobacteria; c__Betaproteobacteria; o__Neisseriales; f__Neisseriaceae; g__Kingella; s__	0.9810292085917598
45a2cb8f3cb2c7eb9d0f4838b5a4d09b	k__Bacteria; p__Firmicutes; c__Bacilli; o__Bacillales; f__Staphylococcaceae; g__Staphylococcus; s__	0.7046699106957863
59ccde9d246b5bd9ea30800822d44ae9	k__Bacteria; p__Proteobacteria; c__Betaproteobacteria; o__Neisseriales; f__Neisseriaceae; g__Neisseria; s__oralis	0.9989390430158492
aafe5b4867b8d7746d6e9f263b6123d9	k__Bacteria; p__Actinobacteria; c__Acidimicrobiia; o__Acidimicrobiales; f__C111; g__; s__	0.9999891634835014
c6c253cdab4f7d43b134845954df3fce	k__Bacteria; p__Proteobacteria; c__Gammaproteobacteria; o__Oceanospirillales; f__Halomonadaceae; g__Halomonas; s__	0.7705786448280151
e50cd22c097b18755502502f92b21691	k__Bacteria; p__Proteobacteria; c__Alphaproteobacteria; o__Rhodospirillales; f__Rhodospirillaceae; g__; s__	0.9457476690964213
d0c072bcb8e5e32df89811385c695986	k__Bacteria; p__Proteobacteria; c__Gammaproteobacteria; o__Chromatiales; f__Chromatiaceae; g__; s__	0.8248672080682052
1a4f9a5212de889d4ba3a7daea888664	k__Bacteria; p__Proteobacteria; c__Gammaproteobacteria; o__Chromatiales; f__Chromatiaceae; g__Halochromatium; s__	0.9835353342937971
80a1934974ab55d4e727de5ac2cd0053	k__Bacteria; p__Bacteroidetes; c__Flavobacteriia; o__Flavobacteriales; f__Flavobacteriaceae; g__Capnocytophaga; s__granulosa	0.9718990964338612
431ed3e3346476c00d548cf78b8a8400	k__Bacteria; p__Cyanobacteria; c__Synechococcophycideae; o__Synechococcales; f__Synechococcaceae; g__Synechococcus; s__	0.9843258767711093
ba3d6199b6dcb9ef785ef113b4fb95d5	k__Bacteria; p__Chloroflexi; c__Ellin6529; o__; f__; g__; s__	0.9999993572184215
bf57960248fee9f99a739c71d3bb9708	k__Bacteria; p__Proteobacteria; c__Gammaproteobacteria; o__Methylococcales; f__Methylococcaceae; g__Methylocaldum; s__	0.9933001274378628
b18f26ecc39a3f8fc4d691e4fbf18d09	k__Bacteria; p__Proteobacteria; c__Gammaproteobacteria; o__Xanthomonadales; f__Sinobacteraceae; g__; s__	0.9840650026916987
41ac9b6bdf6d7e6ec20f47ab324e880a	k__Bacteria; p__Proteobacteria; c__Alphaproteobacteria; o__Rhizobiales; f__Methylocystaceae; g__; s__	0.9206059870952077
d4461caf9376aed3cf686a704410599f	k__Bacteria; p__Firmicutes; c__Clostridia; o__Clostridiales	0.9999999999995122
72f04860fbc3c63752c96b7d1c5e98b0	k__Bacteria; p__Fusobacteria; c__Fusobacteriia; o__Fusobacteriales; f__Leptotrichiaceae; g__Leptotrichia; s__shahii	0.7411996946203685
a3151620db0efdd988d40dbd2995571b	k__Bacteria; p__Fusobacteria; c__Fusobacteriia; o__Fusobacteriales; f__Fusobacteriaceae; g__Fusobacterium	0.9997902434890895
26596365621072466b601a7e05a9bc27	k__Bacteria; p__Bacteroidetes; c__Bacteroidia; o__Bacteroidales; f__Prevotellaceae; g__Prevotella; s__oris	0.9999929351072745
1291a45502afd42f8c374c19319b65a3	k__Bacteria; p__Firmicutes; c__Clostridia; o__Clostridiales; f__Lachnospiraceae; g__[Ruminococcus]; s__	0.9962683012947995
4a4ad920a682c6b2fc2c4fdc40c7a1c4	k__Bacteria; p__Firmicutes; c__Bacilli; o__Lactobacillales; f__Streptococcaceae; g__Streptococcus	0.9999998999339752
a74d748de4eae18978573b319e56d7bd	k__Bacteria; p__Fusobacteria; c__Fusobacteriia; o__Fusobacteriales; f__Fusobacteriaceae; g__Fusobacterium	0.9998020709175514
31b8bb75b569591dbdfe4843080a64fc	k__Bacteria; p__Bacteroidetes; c__Bacteroidia; o__Bacteroidales; f__Prevotellaceae; g__Prevotella; s__oris	0.9999927657887517
f4fe7e6afac33c049d6906aef9e10a6d	k__Bacteria; p__Proteobacteria; c__Alphaproteobacteria; o__; f__; g__; s__	0.9208127511458958
c13a319be80aed8d590cb7778a9849a8	k__Bacteria; p__Firmicutes; c__Clostridia; o__Clostridiales; f__Ruminococcaceae; g__Faecalibacterium; s__prausnitzii	0.9999033627049387
c164308eefa8f1b603af66dbb2abbbd4	k__Bacteria; p__Bacteroidetes; c__Bacteroidia; o__Bacteroidales; f__Prevotellaceae; g__Prevotella; s__oris	0.9999562640066122
e39b1b0abccecca6f0817fea31b20a68	k__Bacteria; p__Bacteroidetes; c__Bacteroidia; o__Bacteroidales; f__Porphyromonadaceae; g__Tannerella	0.9999996209642256
174505e517e3c6b8fdf35204ab739ec2	k__Bacteria; p__Proteobacteria; c__Betaproteobacteria; o__Neisseriales; f__Neisseriaceae; g__Eikenella	0.9579688427201088
423c2b6eec612e31bd2a458c494805ce	k__Bacteria; p__Fusobacteria; c__Fusobacteriia; o__Fusobacteriales; f__Leptotrichiaceae; g__Leptotrichia; s__sp._oral_taxon_225	0.9922558460716667
bb5faa62c71c8f9cac7e838df93352e0	k__Bacteria; p__Proteobacteria; c__Betaproteobacteria; o__Neisseriales; f__Neisseriaceae; g__Kingella	0.9957716587210668
a0be1b3f5836882d5bb3723e1185fdbc	k__Bacteria; p__Cyanobacteria; c__Chloroplast; o__Stramenopiles; f__; g__; s__	0.9995097325110095
d7d7d586f58540715bbf8d7db31075aa	k__Bacteria; p__Proteobacteria; c__Alphaproteobacteria; o__Rhizobiales; f__Hyphomicrobiaceae; g__Hyphomicrobium; s__	0.8776946253579629
eae89af2abff25316c3ad4646665b3bf	k__Bacteria; p__Bacteroidetes; c__Flavobacteriia; o__Flavobacteriales; f__Flavobacteriaceae; g__Bergeyella; s__sp._oral_taxon_907	0.9764575711364788
75fd57992ae22559d586f71843eb73f1	k__Bacteria; p__Firmicutes; c__Erysipelotrichi; o__Erysipelotrichales; f__Erysipelotrichaceae	0.9300703860990196
1111699c1c68abecd7d88b4be0ab6f42	k__Bacteria; p__Proteobacteria; c__Betaproteobacteria; o__Neisseriales; f__Neisseriaceae	0.9999999998845405
a5c718c3bd06f33703c4f1519e7ebc71	k__Bacteria; p__Bacteroidetes; c__Bacteroidia; o__Bacteroidales; f__Prevotellaceae; g__Prevotella; s__sp._oral_taxon_526	0.9999999999293152
e3a4cdaeff5d271de5ef4b415009ad3c	k__Bacteria; p__Bacteroidetes; c__Bacteroidia; o__Bacteroidales; f__Prevotellaceae; g__Prevotella	0.9999999999841628
468cbf86f3f7ab20d97cc5397b81f20c	k__Bacteria; p__Firmicutes; c__Clostridia; o__Clostridiales; f__Lachnospiraceae_[XIV]; g__Lachnospiraceae_[G-3]; s__sp._oral_taxon_100	0.9999998658119386
c57b51d492998697fe94405a45da7026	k__Bacteria; p__Bacteroidetes; c__Flavobacteriia; o__Flavobacteriales; f__Flavobacteriaceae; g__Bergeyella; s__sp._oral_taxon_907	0.8989653193584614
ff14e09434244ff8d6bfa7e0a079e8a3	k__Bacteria; p__Gracilibacteria_(GN02); c__GN02_[C-1]; o__GN02_[O-1]; f__GN02_[F-1]; g__GN02_[G-1]; s__sp._oral_taxon_871	0.9999657691437318
c23dc72df348eee9197fc13a9c2207f3	k__Bacteria; p__Proteobacteria; c__Betaproteobacteria; o__Neisseriales; f__Neisseriaceae; g__Kingella; s__	0.9474924204688283
f0bf15cd22b21215ca27b1e07c975986	k__Bacteria; p__Proteobacteria; c__Alphaproteobacteria; o__Sphingomonadales; f__Sphingomonadaceae; g__Novosphingobium; s__	0.9960019713299559
705cf23f1cd5d9f417b815cab6553ca6	k__Bacteria; p__Proteobacteria; c__Betaproteobacteria; o__Neisseriales; f__Neisseriaceae; g__Kingella; s__	0.8416846999511761
185073cddce1de7bc68a6ab9aba50060	k__Bacteria; p__Firmicutes; c__Negativicutes; o__Selenomonadales; f__Veillonellaceae; g__Selenomonas; s__dianae	0.8288594044207735
364f15c4d34d8855bd7373fab4e358cd	k__Bacteria; p__Actinobacteria; c__Actinobacteria; o__Actinomycetales; f__Actinomycetaceae; g__Actinomyces; s__sp._oral_taxon_897	0.9835999946133211
8cb19e816cce371480c0e86c7a4a1a55	k__Bacteria; p__Firmicutes; c__Clostridia; o__Clostridiales; f__Lachnospiraceae_[XIV]; g__Lachnoanaerobaculum; s__umeaense	0.9870228923766152
8259dcefe48f97fdb4d02ece748dead7	k__Bacteria	0.9731318629710267
d0458dc86e93e900985cfb7cfdd2fc4a	k__Bacteria; p__Firmicutes; c__Clostridia; o__Clostridiales; f__Clostridiaceae; g__Clostridium; s__butyricum	0.9999883492256314
b197da3ebd37b042d7b73c663fd8dce5	k__Bacteria; p__Firmicutes; c__Bacilli; o__Lactobacillales; f__Lactobacillaceae; g__Lactobacillus; s__aviarius	0.9938548864130259
47180c5e6a873f9c845897e6b8999afb	k__Bacteria; p__Actinobacteria; c__Acidimicrobiia; o__Acidimicrobiales; f__; g__; s__	0.999760779722721
73e2c126b5210814a12afd0f198739f6	k__Bacteria; p__Bacteroidetes; c__Bacteroidia; o__Bacteroidales; f__Porphyromonadaceae; g__Tannerella; s__forsythia	0.8149547699317408
57ae6729bfbbfd63cb4e0f431939604e	k__Bacteria; p__Firmicutes; c__Clostridia; o__Clostridiales; f__Peptostreptococcaceae_[XI]; g__Peptostreptococcaceae_[XI][G-7]; s__sp._oral_taxon_081	0.9999998231450903
c911eeca58ad8ff9259ace0138ef4a19	k__Bacteria; p__Actinobacteria; c__Thermoleophilia; o__Gaiellales; f__; g__; s__	0.9999999940548747
ebf2ba92c91521d862f4a6957571a0ab	k__Bacteria; p__Bacteroidetes; c__Bacteroidia; o__Bacteroidales; f__Prevotellaceae; g__Prevotella; s__sp._oral_taxon_317	0.7611275103467663
bafa19c43c3cf1ecb20c2bfa0a014fa4	k__Bacteria; p__Cyanobacteria; c__Chloroplast; o__Stramenopiles; f__; g__; s__	0.9999999320246099
e41bf80679aca7558099ea21ba61fbd0	k__Bacteria; p__Planctomycetes; c__Planctomycetia; o__Gemmatales; f__Isosphaeraceae; g__; s__	0.9999583261903329
52628d66bfed29006331255bc8ff0428	k__Bacteria; p__Actinobacteria; c__Acidimicrobiia; o__Acidimicrobiales; f__EB1017; g__; s__	0.9999990432609309
b31c325ffc27d9325fd73d49775d8351	k__Bacteria; p__Chloroflexi; c__Anaerolineae; o__Caldilineales; f__Caldilineaceae; g__; s__	0.9993174787865343
315570570d7c6b58c6d35b7c7fe19fc7	k__Bacteria; p__Proteobacteria; c__Alphaproteobacteria; o__Rhodobacterales; f__Rhodobacteraceae	0.9996729436528755
0f771f8f498372c9670fc773b5f60615	k__Bacteria; p__Fusobacteria; c__Fusobacteriia; o__Fusobacteriales; f__Leptotrichiaceae; g__Leptotrichia	0.9999999999970689
cc287154f5c94f63a04b5bcd53c0d9f9	k__Bacteria; p__Planctomycetes; c__Planctomycetia; o__Pirellulales; f__Pirellulaceae; g__; s__	0.9999999753051586
3363d231bbe840cec0cd30f5d8e9d593	k__Bacteria; p__Spirochaetes; c__Spirochaetia; o__Spirochaetales; f__Spirochaetaceae; g__Treponema; s__denticola	0.9786307593154078
848d455931fc03ef9056adf5360151c1	k__Bacteria; p__Bacteroidetes; c__Bacteroidia; o__Bacteroidales; f__Prevotellaceae; g__Prevotella; s__melaninogenica	0.7121659468325554
831fa61af7799b9999e8630a9afc7ae5	k__Bacteria; p__Fusobacteria; c__Fusobacteriia; o__Fusobacteriales; f__Leptotrichiaceae; g__Leptotrichia	0.9999999999996355
07639eb4466d762be2a331b4e95fbdf8	k__Bacteria; p__Actinobacteria; c__Actinobacteria; o__Bifidobacteriales; f__Bifidobacteriaceae; g__Bifidobacterium; s__adolescentis	0.8922071881882773
0f736e94a53ff3c32bb2407095e7665b	k__Bacteria; p__Firmicutes; c__Clostridia; o__Clostridiales; f__Lachnospiraceae; g__Dorea; s__	0.9684008993903719
138645760f0ade37f7bb224c58dced27	k__Bacteria; p__GN02; c__BD1-5; o__; f__; g__; s__	0.996353566007507
8eb4b8652c64fe24ed7d5f78d6a68e22	k__Bacteria; p__Actinobacteria; c__Coriobacteriia; o__Coriobacteriales; f__Coriobacteriaceae; g__Atopobium; s__vaginae	0.9343579416214668
148f94c4de8f5b0b3d782a827086931a	k__Bacteria; p__Bacteroidetes; c__[Saprospirae]; o__[Saprospirales]; f__Chitinophagaceae; g__Lacibacter; s__cauensis	0.9999938729130359
da5d97a557f439d049251f892b5fb052	k__Bacteria; p__Firmicutes; c__Clostridia; o__Clostridiales; f__Peptostreptococcaceae_[XI]; g__Peptostreptococcaceae_[XI][G-7]; s__sp._oral_taxon_081	0.9802861095815133
1d50e8660a512ad5be5e299e19598aa6	k__Bacteria; p__Actinobacteria; c__Actinobacteria; o__Corynebacteriales; f__Corynebacteriaceae; g__Corynebacterium; s__matruchotii	0.9872806894847515
e8891ba07d7796b114dac7903c103df3	k__Bacteria; p__Bacteroidetes; c__Flavobacteriia; o__Flavobacteriales; f__Flavobacteriaceae; g__Flavobacterium; s__	0.9927622073544212
64b9ed4ad96ec247db6f699c6b2b584a	k__Bacteria; p__Firmicutes; c__Negativicutes; o__Selenomonadales; f__Veillonellaceae; g__Selenomonas	0.9279640726840264
00d02605e6fbe29f532756ac7c010fb0	k__Bacteria; p__Bacteroidetes; c__Bacteroidia; o__Bacteroidales; f__Prevotellaceae; g__Prevotella; s__	0.8926502572330125
e5541b0c6b2a4a642cada479482d8502	k__Bacteria; p__Actinobacteria; c__Coriobacteriia; o__Coriobacteriales; f__Atopobiaceae; g__Olsenella; s__uli	0.999311405683989
718733f0b92f1c0eecec8fc32b3f3daa	k__Bacteria; p__Proteobacteria; c__Alphaproteobacteria; o__; f__; g__; s__	0.8129273796881753
e516c9f774d65e5a2484cc2f1dd1b232	k__Bacteria; p__Actinobacteria; c__Actinobacteria; o__Actinomycetales; f__; g__; s__	0.9994443781861783
09b0a28828b68bb7fa847ebacd1804ac	k__Bacteria; p__Cyanobacteria; c__Chloroplast; o__Stramenopiles; f__; g__; s__	0.9872664489313803
77955bbc3846cec66bc69bbc473157b4	k__Bacteria	0.9723256102764838
ad92c9a2d19da925bd76b8219a68f0dc	k__Bacteria; p__Proteobacteria; c__Alphaproteobacteria; o__Rickettsiales; f__mitochondria; g__; s__	0.9985390787339883
09dd405976d98ba16c1082cdb9808b31	k__Bacteria; p__Firmicutes; c__Bacilli; o__Bacillales	0.8538178178294998
019799b36313022b1cfa21952d165105	k__Bacteria; p__Fusobacteria; c__Fusobacteriia; o__Fusobacteriales; f__Leptotrichiaceae; g__Leptotrichia	0.9999999999999378
0c68af16ac2b615176804be4bff61d78	k__Bacteria; p__Firmicutes; c__Bacilli; o__Lactobacillales; f__Streptococcaceae; g__Lactococcus; s__	0.9997712737897053
a5f8bb2fab642f3e1288740dd89140ec	k__Bacteria; p__Actinobacteria; c__Coriobacteriia; o__Coriobacteriales; f__Coriobacteriaceae; g__Atopobium; s__sp._oral_taxon_416	0.999753231393426
cfc9c5acfb81098d8d03aa0bebd3ec79	k__Bacteria; p__Actinobacteria; c__Acidimicrobiia; o__Acidimicrobiales; f__; g__; s__	0.9999458326269823
dbd4c4ca6645e6dd9bb576469c569d08	k__Bacteria; p__Proteobacteria; c__Betaproteobacteria; o__Burkholderiales; f__Comamonadaceae; g__Rhodoferax; s__	0.8697671741801847
cf925a33b383ab7fb3922bc8df11795d	k__Bacteria; p__Proteobacteria	0.8145543160016653
fe1b3d8660262d2a7264357c289ce0e4	k__Bacteria; p__Spirochaetes; c__Spirochaetia; o__Spirochaetales; f__Spirochaetaceae; g__Treponema; s__sp._oral_taxon_228	0.704437212256272
99e07ea07e4516a4230b56e62056367d	k__Bacteria; p__Proteobacteria; c__Epsilonproteobacteria; o__Campylobacterales; f__Campylobacteraceae; g__Campylobacter	0.9999999999999915
b37965d052355d378fa85c68d3594db1	k__Bacteria; p__Firmicutes; c__Bacilli; o__Lactobacillales; f__Lactobacillaceae; g__Lactobacillus; s__zeae	0.9394811731086495
d764ae1434c08dfc57711f82d5ab8d14	k__Bacteria; p__Spirochaetes; c__Spirochaetia; o__Spirochaetales; f__Spirochaetaceae; g__Treponema; s__sp._oral_taxon_268	0.7135541560678698
bd362464d07361dca5319b759cd324ef	k__Bacteria; p__Proteobacteria; c__Gammaproteobacteria; o__Cardiobacteriales; f__Cardiobacteriaceae; g__Cardiobacterium; s__	0.9120165927510248
5935eb49df5d050cd92bef4b030874cc	k__Bacteria; p__Fusobacteria; c__Fusobacteriia; o__Fusobacteriales; f__Fusobacteriaceae; g__Fusobacterium	0.9980358798062288
6313670e07c8b3cecbd8b4725f82824c	k__Bacteria; p__Firmicutes; c__Bacilli; o__Lactobacillales; f__Streptococcaceae; g__Streptococcus	0.9999969945827941
9ae33033596eaf80699fa1e7c44f4e2d	k__Bacteria; p__Proteobacteria; c__Epsilonproteobacteria; o__Campylobacterales; f__Campylobacteraceae; g__Campylobacter	0.9999999070646537
6c3e9d86a804547061a0091e98c64a39	k__Bacteria; p__Firmicutes; c__Bacilli; o__Lactobacillales; f__Streptococcaceae; g__Streptococcus	0.9999999123181796
94dc02ba5480602903495f39ee788c82	k__Bacteria; p__Firmicutes	0.999999999997156
7e51161d647fc6e7edc3179d6dc9bb26	k__Bacteria; p__Proteobacteria; c__Epsilonproteobacteria; o__Campylobacterales; f__Campylobacteraceae; g__Campylobacter; s__sp._oral_taxon_044	0.9156515366240982
bf50ac35ccdad8b6f1f812fec44751cf	k__Bacteria; p__Firmicutes; c__Bacilli; o__Lactobacillales; f__Streptococcaceae; g__Streptococcus	0.9999997254917086
ab40f087142588b301c2dac854c65653	k__Bacteria; p__Bacteroidetes; c__Bacteroidia; o__Bacteroidales; f__Porphyromonadaceae; g__Dysgonomonas; s__	0.9928267308559531
4ca51637fb9dd13da3a75b31fac5d5c8	k__Bacteria; p__Firmicutes; c__Bacilli; o__Lactobacillales; f__Streptococcaceae; g__Streptococcus	0.9999859486450442
ea495403877f739a94bd76d5d03e336b	k__Bacteria; p__Fusobacteria; c__Fusobacteriia; o__Fusobacteriales; f__Leptotrichiaceae; g__Leptotrichia; s__sp._oral_taxon_498	0.9986800730996385
dbc6082f609a4c41b2de7ba278d428f4	k__Bacteria; p__Proteobacteria; c__Alphaproteobacteria; o__Rhizobiales; f__Phyllobacteriaceae; g__Phyllobacterium; s__	0.9922870505887048
5b9e1aa6a373956dfac8127aba2a1180	k__Bacteria; p__Proteobacteria; c__Betaproteobacteria; o__Neisseriales; f__Neisseriaceae; g__Eikenella; s__	0.7777869394191418
795341f4ceff2e94acb1e3a259846b1d	k__Bacteria; p__Firmicutes; c__Clostridia; o__Clostridiales; f__Lachnospiraceae	0.9843219271124363
0bad3b71267a876960a4743093720c48	k__Bacteria; p__Spirochaetes; c__Spirochaetia; o__Spirochaetales; f__Spirochaetaceae; g__Treponema; s__sp._oral_taxon_234	0.9953205464876669
df3536828e3296a2dd69c736ad5c815e	k__Bacteria; p__Proteobacteria; c__Deltaproteobacteria; o__Desulfovibrionales; f__Desulfomicrobiaceae; g__; s__	0.9999997590496298
35518e21a526b2fad08a742b09bdcecb	k__Bacteria; p__Firmicutes	0.9999999999998341
1f6dfe7639c43b36e3ead130633fb163	k__Bacteria; p__Bacteroidetes; c__Bacteroidia; o__Bacteroidales; f__Prevotellaceae; g__Prevotella; s__sp._oral_taxon_315	0.9999999891637686
4cdee64503e6fbcc67fb922a73e33844	k__Bacteria; p__Fusobacteria; c__Fusobacteriia; o__Fusobacteriales; f__Leptotrichiaceae; g__Leptotrichia	0.9999999999998549
b5bd94bc19816e9bb2cfaeecb4965bbd	k__Bacteria; p__Firmicutes; c__Bacilli; o__Lactobacillales; f__Lactobacillaceae; g__Lactobacillus	0.9787904198237958
ce3a33446171b9baa3908b322617e4a4	k__Bacteria	0.9619616754190634
2cefa802c9bf95d1b2aad2f7a6aa965c	k__Bacteria; p__Spirochaetes; c__Spirochaetia; o__Spirochaetales; f__Spirochaetaceae; g__Treponema; s__sp._oral_taxon_235	0.9590193844260269
5246be5e798836c510f1ea793f16b6b1	k__Bacteria; p__Gracilibacteria_(GN02); c__GN02_[C-2]; o__GN02_[O-2]; f__GN02_[F-2]; g__GN02_[G-2]; s__sp._oral_taxon_873	0.9999999999949409
85ce00993b029aae03964e14b77240db	k__Bacteria; p__Cyanobacteria; c__Synechococcophycideae; o__Synechococcales; f__Synechococcaceae; g__Synechococcus; s__	0.9995746783001797
7d3335120175d5b619c85330fb0ba978	k__Bacteria; p__Proteobacteria; c__Alphaproteobacteria; o__Rickettsiales; f__mitochondria; g__; s__	0.9984338961102961
0b72832d7116636f013aa59847dae138	k__Bacteria; p__Bacteroidetes; c__Bacteroidia; o__Bacteroidales	1.000000000000003
e6b005fbf957b327d1a9f07fb72ad9b8	k__Bacteria; p__Firmicutes	0.9999999999996426
2ddd1029588f97146eb0488969ee14ab	k__Bacteria; p__Firmicutes; c__Clostridia; o__Clostridiales; f__Lachnospiraceae_[XIV]; g__Lachnoanaerobaculum; s__saburreum	0.9465191888900215
c380f7bd11796e4ae1e543fa9fc1dfa0	k__Bacteria; p__Bacteroidetes; c__Bacteroidia; o__Bacteroidales; f__Porphyromonadaceae; g__Tannerella; s__	0.7107121690347346
5a16cace1e0d3cf9d2c7913140e645ae	k__Bacteria	0.998168336684951
b970f7f2416daee38b7a106de6f7428b	k__Bacteria; p__Chloroflexi; c__Anaerolineae; o__GCA004; f__; g__; s__	0.999951923971031
01e6df2a4059ed2db38b4d68f75f9de8	k__Bacteria; p__Proteobacteria; c__Deltaproteobacteria; o__Syntrophobacterales; f__Syntrophaceae; g__Desulfobacca; s__	0.9999649804916249
0a780d728a9198af2afefc7999fe7332	k__Bacteria; p__Planctomycetes; c__Planctomycetia; o__Pirellulales; f__Pirellulaceae; g__; s__	0.9999933898523402
82b1b01f9feb56f4420f29f4ddf30a97	k__Bacteria; p__Proteobacteria; c__Gammaproteobacteria; o__Chromatiales; f__Chromatiaceae; g__; s__	0.996594687853878
c5b29da6be13ab14fc4880706fc97e50	k__Bacteria; p__Fusobacteria; c__Fusobacteriia; o__Fusobacteriales; f__Leptotrichiaceae; g__Leptotrichia	0.9999999999999788
033e092c243567e615b87828e5838fcb	k__Bacteria; p__Cyanobacteria; c__Chloroplast; o__Stramenopiles; f__; g__; s__	0.9999999606347395
53d1f0104f5dfedf33aa5e323a8402c3	k__Bacteria; p__Spirochaetes; c__Spirochaetes; o__Spirochaetales; f__Spirochaetaceae; g__Treponema; s__amylovorum	0.9811770768422363
45fdb6f27e1db74e47cb235d58f176b2	k__Bacteria; p__Bacteroidetes; c__Bacteroidia; o__Bacteroidales; f__Porphyromonadaceae; g__Tannerella	0.9999997907174143
73ed59be2cafcfa34fc80658bdbc70bb	k__Bacteria; p__Tenericutes; c__Mollicutes; o__Acholeplasmatales; f__Acholeplasmataceae; g__Acholeplasma; s__	0.9915599557018964
118e164e29f7fae9e0dcffb985444c27	k__Bacteria; p__Fusobacteria; c__Fusobacteriia; o__Fusobacteriales; f__Leptotrichiaceae; g__Leptotrichia; s__sp._oral_taxon_498	0.9979741821434834
bdb78f5a7181a2bbb5d0d8420988d874	k__Bacteria; p__Spirochaetes; c__Spirochaetia; o__Spirochaetales; f__Spirochaetaceae; g__Treponema; s__parvum	0.9999999538332542
49f083a439b0c6166791518eb6bb26f0	k__Bacteria; p__Firmicutes; c__Clostridia; o__Clostridiales; f__Ruminococcaceae; g__Ruminococcus; s__callidus	0.9993028740405815
8ba38a24a931566df76425da554d29d4	k__Archaea; p__Euryarchaeota; c__Methanobacteria; o__Methanobacteriales; f__Methanobacteriaceae; g__Methanobrevibacter; s__	0.9999999964097555
29d52e003ce5d69a93300b9559dfb273	k__Bacteria; p__Bacteroidetes; c__Bacteroidia; o__Bacteroidales; f__Prevotellaceae; g__Prevotella; s__	0.9900578197083921
78a220becea00cd2859befdd4c0e8e37	k__Bacteria; p__Fusobacteria; c__Fusobacteriia; o__Fusobacteriales; f__Leptotrichiaceae; g__Leptotrichia; s__buccalis	0.8175614779739335
d6cbdb19db50991547a8ed4badae6949	k__Bacteria; p__Proteobacteria; c__Betaproteobacteria; o__Neisseriales; f__Neisseriaceae; g__Neisseria	0.9931500773352933
7e1da87f32070a9916fa97d7757af69a	k__Bacteria; p__Proteobacteria; c__Epsilonproteobacteria; o__Campylobacterales; f__Campylobacteraceae; g__Campylobacter	0.9999999999998987
573499797fa48cd8bf00e8b7869e26cc	k__Bacteria; p__Firmicutes; c__Clostridia; o__Clostridiales; f__Veillonellaceae; g__Dialister	0.7683058251347903
5c4a637d54f9b59f25ad2222519ffb65	k__Bacteria; p__Bacteroidetes; c__Flavobacteriia; o__Flavobacteriales; f__Flavobacteriaceae; g__Flavobacterium; s__	0.9997996962399995
8968643f3c69b497ea595086c33d00aa	k__Bacteria; p__Firmicutes; c__Bacilli	0.9999999999896981
dfd68e7c8d98bb7711a40191768da23b	k__Bacteria; p__Spirochaetes; c__Spirochaetes; o__Spirochaetales; f__Spirochaetaceae; g__Treponema; s__amylovorum	0.9901734567681558
808b73c1bdfb06f507b42d781e802f2b	k__Bacteria; p__Bacteroidetes	0.9999999999515743
b044ed267beca7ebd7612d41eb6e8e75	k__Bacteria; p__Proteobacteria; c__Alphaproteobacteria; o__Rhodobacterales; f__Rhodobacteraceae; g__Amaricoccus; s__	0.7121900894265302
cd23dde7c11fda7f676821c50cf80b6d	k__Bacteria; p__Chloroflexi; c__Anaerolineae; o__GCA004; f__; g__; s__	0.9998126415196302
6008800fc766b498bd6e9e3ee66cba13	k__Bacteria; p__Proteobacteria; c__Epsilonproteobacteria; o__Campylobacterales; f__Campylobacteraceae; g__Campylobacter; s__sp._oral_taxon_044	0.8417131599775495
2d28271835751121b9e2902cf5256f73	k__Bacteria; p__Cyanobacteria; c__Chloroplast; o__Streptophyta; f__; g__; s__	0.9999999995678337
02d18ab048dd1deeb638fc508045a2e9	k__Bacteria; p__Firmicutes; c__Clostridia; o__Clostridiales; f__Ruminococcaceae; g__Ruminococcaceae_[G-2]; s__sp._oral_taxon_085	0.9999999995306297
352dd75910222be7debcc33e538244b5	k__Bacteria; p__Bacteroidetes; c__Bacteroidia; o__Bacteroidales; f__Prevotellaceae; g__Prevotella; s__denticola	0.9958935109141558
a00f24de27c0e04edb1aefde98c3caa9	k__Bacteria; p__Bacteroidetes; c__Bacteroidia; o__Bacteroidales; f__Prevotellaceae; g__Prevotella; s__sp._oral_taxon_526	0.9999999999856328
3b36900c5fb4528b2bcb4c1f14276b36	k__Bacteria; p__Fusobacteria; c__Fusobacteriia; o__Fusobacteriales; f__Leptotrichiaceae; g__Leptotrichia; s__sp._oral_taxon_417	0.7836290974606753
7cd1134b9dff8b236f6346d38a4a1c87	k__Bacteria; p__Bacteroidetes; c__Bacteroidetes_[C-1]; o__Bacteroidetes_[O-1]; f__Bacteroidetes_[F-1]; g__Bacteroidetes_[G-3]	0.9999999983893207
92e05730e87f6a637048de6864943260	k__Bacteria; p__Firmicutes; c__Clostridia; o__Clostridiales; f__Clostridiaceae; g__Clostridium; s__	0.9959917646329474
c70ed14f2d076dac96955b4e3195b92b	k__Bacteria; p__Actinobacteria; c__Actinobacteria; o__Actinomycetales; f__Corynebacteriaceae; g__Corynebacterium; s__	0.9999635427629662
4e93f737b8cc8385c11ac0bffe60d211	k__Bacteria; p__Proteobacteria; c__Epsilonproteobacteria; o__Campylobacterales; f__; g__; s__	0.9999969456554572
58a363c7f1671d0700264c77fbfa9980	k__Bacteria; p__Firmicutes; c__Clostridia; o__Clostridiales; f__Peptostreptococcaceae_[XI]; g__Peptostreptococcaceae_[XI][G-7]; s__[Eubacterium]_yurii_subsps._yurii_&_margaretiae	0.7558270928279737
e984940264d104170f20d548fd31973b	k__Bacteria; p__Synergistetes; c__Synergistia; o__Synergistales; f__Synergistaceae; g__Fretibacterium	0.9510638435777663
95044bb2c00534ed0d5c1b85e5cbb118	k__Bacteria; p__Firmicutes; c__Negativicutes; o__Selenomonadales; f__Veillonellaceae; g__Selenomonas; s__artemidis	0.7415552736213481
9286afa594638d9b949c60b5d8088b42	k__Bacteria; p__Firmicutes	0.9999999999998884
2de7375b4fe2f9da6ee78de2268a6a09	k__Bacteria; p__Bacteroidetes; c__Bacteroidia; o__Bacteroidales; f__Porphyromonadaceae; g__Tannerella	0.9999994290832852
7264c722b2e49fc0823800720351a5ff	k__Bacteria; p__Bacteroidetes; c__Bacteroidia; o__Bacteroidales; f__Prevotellaceae; g__Prevotella; s__buccae	0.9999999983878922
09b69800d4ed53ebd31b77874ce55911	k__Bacteria; p__Bacteroidetes; c__Bacteroidia; o__Bacteroidales; f__Prevotellaceae; g__Alloprevotella; s__tannerae	0.916777604502452
af90e26dbe50735bda19f0e79fb629ef	k__Bacteria; p__Firmicutes; c__Clostridia; o__Clostridiales; f__Peptostreptococcaceae_[XI]; g__Peptostreptococcaceae_[XI][G-6]; s__[Eubacterium]_minutum	0.7348204153820878
6c194b92587a08db9e99431ec622e8b1	k__Bacteria	0.9563066374499247
8f36a48f2d9cbbb61ce1f2595d621bf2	k__Bacteria; p__Proteobacteria; c__Alphaproteobacteria; o__Rhodobacterales; f__Rhodobacteraceae	0.9999788364307771
4d0d0d465d4a7fe48f75ed8996219551	k__Bacteria; p__Firmicutes; c__Bacilli; o__Bacillales; f__; g__; s__	0.9946236353294688
6af6730bb4fc300746e4907cad3f9d5f	k__Bacteria; p__Bacteroidetes; c__Bacteroidia; o__Bacteroidales; f__Prevotellaceae; g__Prevotella; s__melaninogenica	0.9418250093094558
22e5771d7c3b54459c119c4705899f9e	k__Bacteria; p__Proteobacteria; c__Gammaproteobacteria; o__Pasteurellales; f__Pasteurellaceae	0.9999937828394502
26f764143a534a4a770fb665e4c190bb	k__Bacteria; p__Actinobacteria; c__Actinobacteria; o__Actinomycetales; f__; g__; s__	0.9943257430727628
8a3220841e76e02a444181caafe4eb5f	k__Bacteria; p__Proteobacteria; c__Gammaproteobacteria; o__Cardiobacteriales; f__Cardiobacteriaceae; g__Cardiobacterium	0.998009084583044
0b14b9e4f5c951bae70099b7450b6fb9	k__Bacteria; p__Bacteroidetes; c__Bacteroidia; o__Bacteroidales; f__Prevotellaceae; g__Prevotella; s__denticola	0.9970904506787633
1b711927cef4a549f7d601b948a0287a	k__Bacteria; p__Proteobacteria; c__Betaproteobacteria; o__Neisseriales; f__Neisseriaceae	0.9999999991658056
e4f90c0213add785c325fdedc1e2c9e0	k__Bacteria; p__Actinobacteria; c__Thermoleophilia; o__Gaiellales; f__AK1AB1_02E; g__; s__	0.9999999992594866
1d3d2273705bdd14d5814a4b45c76391	k__Bacteria; p__Proteobacteria; c__Deltaproteobacteria; o__Spirobacillales; f__; g__; s__	0.9999335731913797
e7120da4ef4f11b417e42463eccf20f4	k__Bacteria; p__Proteobacteria; c__Gammaproteobacteria; o__Chromatiales; f__Ectothiorhodospiraceae; g__; s__	0.9098310560726844
4d2afe5396b7c881c4992d5a446064f6	k__Bacteria; p__Planctomycetes; c__Planctomycetia; o__Pirellulales; f__Pirellulaceae; g__; s__	0.9998039732323429
383f4080e47d39e7d7d4e17bc8f73bc6	k__Bacteria; p__Firmicutes; c__Negativicutes; o__Selenomonadales; f__Veillonellaceae; g__Veillonella; s__sp._oral_taxon_780	0.9330131083498712
961ff0bbb93e3ba1610ef28fcdf10786	k__Bacteria; p__Bacteroidetes; c__Bacteroidia; o__Bacteroidales; f__Prevotellaceae; g__Prevotella; s__sp._oral_taxon_443	0.9997906323954169
0ac4e50e3aa266f06b3105f3721a89c8	k__Bacteria; p__Bacteroidetes; c__Bacteroidia; o__Bacteroidales; f__Prevotellaceae; g__Prevotella; s__salivae	0.9327760255223356
6c4265e76dfd3b2845a887684c87bae1	k__Bacteria; p__Bacteroidetes; c__Bacteroidia; o__Bacteroidales; f__Prevotellaceae; g__Prevotella; s__oris	0.9999707560118998
f6a32cbb61273e9902ce1f2152d8fceb	k__Bacteria	0.9637885145013709
69839feb4d6ef601bae33f422978dc11	k__Bacteria; p__Firmicutes; c__Clostridia; o__Clostridiales	0.9999999999673808
8c23f0214de6045538d0d6a6f4152060	k__Bacteria; p__Saccharibacteria_(TM7); c__TM7_[C-1]; o__TM7_[O-1]; f__TM7_[F-1]; g__TM7_[G-6]; s__sp._oral_taxon_870	0.9772030528016172
3c52e1d38e4c0c0b48c81d63d6216077	k__Bacteria; p__Proteobacteria; c__Betaproteobacteria; o__Burkholderiales; f__Comamonadaceae; g__Hydrogenophaga; s__	0.9926238985616873
4dbf2f453791f43dbe272d01d5be05b1	k__Bacteria; p__Proteobacteria; c__Alphaproteobacteria; o__Rickettsiales; f__mitochondria	1.0000000000000044
e609335e8939544fd1c7e283fc5ba2b0	k__Bacteria; p__Firmicutes; c__Mollicutes; o__Mycoplasmatales; f__Mycoplasmataceae; g__Mycoplasma; s__lipophilum	0.9917510222278865
d49136c6bc7f22ed23812102c9e26201	k__Bacteria; p__Firmicutes; c__Erysipelotrichi; o__Erysipelotrichales; f__Erysipelotrichaceae; g__RFN20; s__	0.9784830108767385
02b758778fb727fd5efff7d0ba83d5aa	k__Bacteria; p__Firmicutes; c__Clostridia; o__Clostridiales; f__Ruminococcaceae; g__Ruminococcaceae_[G-1]; s__sp._oral_taxon_075	0.9999999994261657
331af8b5fed9330ae6669791cb3e28e2	k__Bacteria; p__Firmicutes; c__Clostridia; o__Clostridiales; f__Clostridiales_[F-1]; g__Clostridiales_[F-1][G-2]; s__sp._oral_taxon_402	0.9999999998620268
29be3316142cdff8ddfac388791d0a4f	k__Bacteria; p__Proteobacteria; c__Gammaproteobacteria; o__Pasteurellales; f__Pasteurellaceae; g__Haemophilus; s__parainfluenzae	0.8237850732755126
1bb65ae30110875fa6ed1e72fe36d476	k__Bacteria; p__Proteobacteria; c__Alphaproteobacteria; o__Rhodobacterales; f__Rhodobacteraceae	0.9909890078237298
038eeaf18f77b24fcd1fd3e9d8fb0502	k__Bacteria; p__Firmicutes; c__Bacilli; o__Bacillales; f__Thermoactinomycetaceae; g__; s__	0.891043835753821
dd13334b2d2f025cd20e1517eb41ae22	k__Bacteria; p__Actinobacteria; c__Actinobacteria; o__Actinomycetales; f__ACK-M1; g__; s__	0.9999999753530492
ad07b313140ed4258ba7e39a979a04e7	k__Bacteria; p__Firmicutes; c__Bacilli; o__Bacillales; f__Staphylococcaceae; g__Macrococcus	0.7674544346884621
86a13460a68a0cba7f32aae536b848a9	k__Bacteria; p__Actinobacteria; c__Acidimicrobiia; o__Acidimicrobiales; f__C111; g__; s__	0.9999999935694177
dde2fd5b1f978716857608a029c4d29d	k__Bacteria; p__Planctomycetes; c__Planctomycetia; o__Pirellulales; f__Pirellulaceae; g__; s__	0.9999979172318891
859f5bf707e9dc9c05035c8f4117a093	k__Bacteria; p__Planctomycetes; c__Planctomycetia; o__Pirellulales; f__Pirellulaceae; g__; s__	0.9998049658941828
bbcaf14fd1aea799ab12878d1662b7ca	k__Bacteria; p__Bacteroidetes; c__Flavobacteriia; o__Flavobacteriales; f__Flavobacteriaceae	0.7493023446714048
728e69196b909176fb4e2020ad1142b3	k__Bacteria; p__Tenericutes; c__Mollicutes; o__Mycoplasmatales; f__Mycoplasmataceae; g__Mycoplasma; s__spermatophilum	0.9999948957264405
97824201ecb2f347f6e0bec6452a4e98	k__Bacteria; p__Actinobacteria; c__Actinobacteria; o__Actinomycetales; f__; g__; s__	0.9999618801640151
b497c85c8b77b976faeb610dca7c82b2	k__Bacteria; p__Actinobacteria; c__Actinobacteria; o__Actinomycetales; f__Sanguibacteraceae; g__Sanguibacter; s__	0.9710087417517692
0407e3477744b468aae46b6b254a4a14	k__Bacteria; p__Actinobacteria; c__Actinobacteria; o__Actinomycetales; f__Micrococcaceae; g__Rothia; s__mucilaginosa	0.9402948470995193
aea4162cda5cf1d371d4a5cd77172a32	k__Bacteria; p__Cyanobacteria; c__Chloroplast; o__Chlorophyta; f__; g__; s__	0.9703302288353459
9badbf4fc926b8a74dfa1271005423f1	k__Bacteria; p__Actinobacteria; c__OPB41; o__; f__; g__; s__	0.9999999712751593
b7e97bb878b7962267485780256a6289	k__Bacteria; p__Actinobacteria; c__Acidimicrobiia; o__Acidimicrobiales; f__Microthrixaceae; g__; s__	0.9999968126700685
05862359c6426a437ac01dfa473e518b	k__Bacteria; p__Proteobacteria; c__Alphaproteobacteria; o__Rhizobiales; f__Hyphomicrobiaceae; g__; s__	0.999355665117725
625d8317e8c82164bf1498b758caac7f	k__Bacteria; p__Firmicutes; c__Clostridia; o__Clostridiales; f__Veillonellaceae; g__Schwartzia; s__	0.9648233648515773
e4b0606aa238d2b8323d9d4bea091146	k__Bacteria; p__Proteobacteria; c__Betaproteobacteria; o__Burkholderiales; f__Oxalobacteraceae; g__Ralstonia; s__	0.8790749863268931
401567ffc015da77aac5ebf05db37a1b	k__Bacteria; p__Bacteroidetes; c__Flavobacteriia; o__Flavobacteriales; f__Flavobacteriaceae; g__Capnocytophaga; s__sp._oral_taxon_338	0.9994984640735379
72585e7830f66063c8dacf40c05a959c	k__Bacteria; p__Firmicutes; c__Bacilli; o__Lactobacillales; f__Streptococcaceae; g__Streptococcus	0.999992685558253
5096b4b1d34a1d91f6ae6c28ba0dbdc4	k__Bacteria; p__Proteobacteria; c__Deltaproteobacteria; o__Desulfovibrionales; f__Desulfovibrionaceae; g__Desulfovibrio; s__sp._oral_taxon_040	0.9740630766029452
732c050f60ed22700dcc32bdae381c4d	k__Bacteria; p__Bacteroidetes; c__Bacteroidia; o__Bacteroidales; f__p-2534-18B5; g__; s__	0.9999398394599065
bed86f1738784b6ec82c8ff276778182	k__Bacteria; p__Bacteroidetes; c__Cytophagia; o__Cytophagales; f__Cytophagaceae; g__Flectobacillus; s__	0.9999999993043502
da2bf7384396793926c2b91755a4411d	k__Bacteria; p__Proteobacteria; c__Alphaproteobacteria; o__; f__; g__; s__	0.9078587671848332
27a24a435c242c2f50f4d44941e62811	k__Bacteria; p__Bacteroidetes; c__Flavobacteriia; o__Flavobacteriales; f__Flavobacteriaceae; g__Bergeyella	0.7307928185527228
536d72236e11d646a841a385b7ffe901	k__Bacteria; p__Bacteroidetes; c__Flavobacteriia; o__Flavobacteriales; f__Flavobacteriaceae; g__Capnocytophaga	0.9999999999979631
14794157adb2944eade6a6ff63415c7d	k__Bacteria; p__Bacteroidetes; c__Bacteroidia; o__Bacteroidales; f__Prevotellaceae; g__Prevotella	0.9999999999999294
6d873abb6000d0e405f8da28019e3b82	k__Bacteria; p__Proteobacteria; c__Epsilonproteobacteria; o__Campylobacterales; f__Campylobacteraceae; g__Campylobacter; s__sp._oral_taxon_044	0.9371631036298852
6349dbd9dbb7b15709f60e5238a79a0e	k__Bacteria; p__Bacteroidetes; c__Bacteroidia; o__Bacteroidales; f__Prevotellaceae; g__Prevotella; s__oris	0.9999853744243591
01aa564938c92b408f6b0c2e8bc5ca51	k__Bacteria; p__Bacteroidetes; c__Bacteroidia; o__Bacteroidales; f__Porphyromonadaceae; g__Porphyromonas; s__endodontalis	0.9582911408474977
9e6e000ba78494f85b9520818c84ae35	k__Bacteria; p__Bacteroidetes; c__Bacteroidia; o__Bacteroidales; f__Prevotellaceae; g__Prevotella; s__multiformis	0.9813265614649199
9c364fb005ba811c2615728c9f0f417b	k__Bacteria; p__Actinobacteria; c__Thermoleophilia; o__Gaiellales; f__; g__; s__	0.9999999893796031
9020900c0f484c0193db50c6b8b7f921	k__Bacteria; p__Proteobacteria; c__Gammaproteobacteria	0.9955880879712564
e63111892734770893470e85b64c22af	k__Bacteria	0.9772865769084981
d947861a950e7a2b0338b87c06200bc8	k__Bacteria; p__Actinobacteria; c__Acidimicrobiia; o__Acidimicrobiales; f__; g__; s__	0.9998607185466197
24263b883ba5e91d9677c03c8b5b7bb1	k__Bacteria; p__Proteobacteria; c__Alphaproteobacteria; o__Rhodobacterales; f__Rhodobacteraceae	0.993739354905001
331c9adc44e8bbd704ba151195592050	k__Bacteria; p__Proteobacteria; c__Betaproteobacteria; o__Neisseriales; f__Neisseriaceae; g__Kingella	0.9844305859036027
17ae114c47f9b0d10733b95bdf380b52	k__Bacteria; p__Bacteroidetes; c__Bacteroidia; o__Bacteroidales; f__Prevotellaceae; g__Prevotella; s__sp._oral_taxon_315	0.9999999829401959
aec6f57d9b7a866b23d0cfe2616f8474	k__Bacteria; p__Firmicutes; c__Bacilli; o__Lactobacillales; f__Streptococcaceae; g__Streptococcus	0.9996322079905456
7923ca9123bff9b84a0357dc0e9fa85b	k__Bacteria; p__Proteobacteria; c__Betaproteobacteria; o__Neisseriales; f__Neisseriaceae; g__Neisseria	0.9963127503374104
d8cbda8e5d626192b023fc8c7e668f33	k__Bacteria; p__Chloroflexi; c__Anaerolineae; o__Caldilineales; f__Caldilineaceae; g__; s__	0.9942022514439913
29e13d1dbabaaf4b352740e1817e00e2	k__Bacteria; p__Bacteroidetes; c__Bacteroidia; o__Bacteroidales; f__Porphyromonadaceae; g__Paludibacter; s__	0.9999811854152089
3103a4917957744fc2c7fc5de16f962f	k__Bacteria	0.9997663222104457
a7e1142e05e8832366ccb25c0a5684f1	k__Bacteria; p__Firmicutes; c__Clostridia; o__Clostridiales; f__Lachnospiraceae_[XIV]; g__Lachnoanaerobaculum; s__orale	0.8859489695115351
558e881afe0eff5552468479eb62fce0	k__Bacteria; p__Firmicutes; c__Clostridia; o__Clostridiales; f__Lachnospiraceae_[XIV]; g__Lachnoanaerobaculum; s__orale	0.8642653841682962
7fc3c3fc0b8f3eea68f27245f96dc7df	k__Bacteria; p__Firmicutes	0.9999999999981326
721ee614acddb480dc6ee53dcebcae1f	k__Bacteria; p__Proteobacteria; c__Epsilonproteobacteria; o__Campylobacterales; f__Campylobacteraceae; g__Campylobacter; s__sp._oral_taxon_044	0.9384648338118335
58a5476a53062a9ef73c29b358d1ad1c	k__Bacteria; p__Firmicutes; c__Clostridia; o__Clostridiales; f__Lachnospiraceae_[XIV]; g__Stomatobaculum; s__longum	0.7843960151328311
437f92a8845e2c771999102085b2d59e	k__Bacteria; p__Spirochaetes; c__Spirochaetia; o__Spirochaetales; f__Spirochaetaceae; g__Treponema; s__sp._oral_taxon_237	0.7114060328885261
b933536fc1f25dbaa197e38518940865	k__Bacteria; p__Firmicutes; c__Negativicutes; o__Selenomonadales; f__Veillonellaceae; g__Veillonella; s__sp._oral_taxon_780	0.9472427902958744
c2bfe1c0e02ec10dc4914e78b1274362	k__Bacteria; p__Proteobacteria; c__Gammaproteobacteria; o__Pseudomonadales; f__Pseudomonadaceae; g__Pseudomonas; s__pseudoalcaligenes	0.8975337498693257
64f09e345bdd8ec5698a72c7b1a7a4c0	k__Bacteria; p__Proteobacteria; c__Betaproteobacteria; o__Neisseriales; f__Neisseriaceae; g__Neisseria	0.9981510977195679
ed8a94dc1c10dad5c717d75cbf7f13a7	k__Bacteria	0.948424088467358
da44363b147cee85deb67ac059a5205c	k__Bacteria; p__Proteobacteria; c__Gammaproteobacteria; o__Enterobacteriales; f__Enterobacteriaceae	0.9998991667884481
323a26c3a4082e39ccf23a71104d2fdc	k__Bacteria; p__Spirochaetes; c__Spirochaetia; o__Spirochaetales; f__Spirochaetaceae; g__Treponema	0.9999999730946845
70fa98216a44cc25cc705b3371ee15d6	k__Bacteria; p__Actinobacteria; c__Coriobacteriia; o__Coriobacteriales; f__Coriobacteriaceae; g__Atopobium	0.9156425072529146
978df1ac3e12c8775d0d9b57eb903c0b	k__Bacteria; p__Firmicutes	0.999993257636786
80c0bd65f54e71d7ab38fafbaafebc11	k__Bacteria; p__Firmicutes; c__Clostridia; o__Clostridiales; f__Peptostreptococcaceae_[XI]; g__Peptostreptococcaceae_[XI][G-3]; s__sp._oral_taxon_495	0.9990891434781051
d83ab3d8fb240e7ed0c06d3b59929608	k__Bacteria; p__Firmicutes; c__Bacilli; o__Lactobacillales; f__Streptococcaceae; g__Streptococcus	0.9999989026309883
cebe6f5edf6eb87cc96cf6bc8345e63c	k__Bacteria; p__Bacteroidetes; c__Flavobacteriia; o__Flavobacteriales; f__Flavobacteriaceae; g__Capnocytophaga	0.9999999999452538
7bd00ea22c3386a0ae99f1084ff878fe	k__Bacteria; p__Bacteroidetes; c__[Saprospirae]; o__[Saprospirales]; f__Chitinophagaceae; g__Sediminibacterium; s__	0.999902222203929
26908c45e1d5c6a4233482772100bb05	k__Bacteria; p__Bacteroidetes; c__Bacteroidia; o__Bacteroidales; f__Prevotellaceae; g__Prevotella; s__enoeca	0.9999999887216263
efc48edc13ab71edfbe131845373355f	k__Bacteria; p__Proteobacteria; c__Gammaproteobacteria; o__Pseudomonadales; f__Moraxellaceae; g__Moraxella; s__	0.9507183639410313
f97ac7f9f83a6cf3fbceb30e15a38a3d	k__Bacteria; p__Actinobacteria; c__Actinobacteria; o__Actinomycetales; f__Actinomycetaceae; g__Actinomyces	0.9999999954123582
e8924c720907bcac2ac186e5f65ffc92	k__Bacteria; p__Spirochaetes; c__Spirochaetes; o__Spirochaetales; f__Spirochaetaceae; g__Treponema; s__amylovorum	0.9894863463752404
0240b0ff892fc4c50bb5f3f289be5a04	k__Bacteria; p__Firmicutes; c__Bacilli; o__Lactobacillales; f__Streptococcaceae; g__Streptococcus	0.9997488703091871
ea2e749f669845b3557ffdb5f5675bfc	k__Bacteria; p__Fusobacteria; c__Fusobacteriia; o__Fusobacteriales; f__Leptotrichiaceae; g__Leptotrichia; s__buccalis	0.7049482759980646
990a4a1ae87eaab495a3fb2786104baa	k__Bacteria; p__Firmicutes; c__Clostridia; o__Clostridiales; f__Lachnospiraceae_[XIV]; g__Johnsonella; s__sp._oral_taxon_166	0.9999778757792135
0884089e0b0b0fd4403dd41d4b3742f4	k__Bacteria; p__Bacteroidetes; c__Bacteroidia; o__Bacteroidales; f__Prevotellaceae; g__Prevotella; s__amnii	0.7796270249635905
e5675aba05bcd458e22806eac1b72362	k__Bacteria; p__Bacteroidetes; c__Cytophagia; o__Cytophagales; f__Cytophagaceae; g__; s__	0.9878765079298292
45de73a932441b609557394db52c5999	k__Bacteria; p__Bacteroidetes; c__Bacteroidia; o__Bacteroidales; f__Marinilabiaceae; g__Cytophaga; s__xylanolytica	0.7752732877912767
0db5ac8d9f25b25bbc978ad12a4763a7	k__Bacteria; p__Proteobacteria; c__Gammaproteobacteria; o__Legionellales; f__Coxiellaceae; g__Aquicella; s__	0.99999999508222
02676ec0af8ca75cb0844c90f744d9be	k__Bacteria; p__Proteobacteria; c__Gammaproteobacteria; o__Chromatiales; f__Chromatiaceae; g__; s__	0.9748895383591959
c1b14a0c8a6c2315c2f4c2b6e84cc328	k__Bacteria; p__Fusobacteria; c__Fusobacteriia; o__Fusobacteriales; f__Fusobacteriaceae; g__Fusobacterium	0.9998288487613346
d400aacb2424792984bfbd4024c257b9	k__Bacteria; p__Proteobacteria; c__Betaproteobacteria; o__Burkholderiales; f__Burkholderiaceae; g__Lautropia; s__	0.8552321976407724
2abd6f7243f9f578bbf9e8f750f3af7c	k__Bacteria; p__Firmicutes; c__Bacilli; o__Lactobacillales; f__Lactobacillaceae; g__Lactobacillus	0.9999996073711472
0cff10ac1838fcac404b9a649d8a2c6f	k__Bacteria	0.9596431567483851
74627bc000860a3a257ec3c8dc286893	k__Bacteria; p__Firmicutes; c__Clostridia; o__Clostridiales; f__Clostridiaceae; g__Clostridium; s__	0.9986006762471121
839f3d2c8ea77b65212578df7c813c08	k__Bacteria; p__Cyanobacteria; c__Chloroplast; o__Euglenozoa; f__; g__; s__	0.9999999431715895
09868359a3e1f3ae197dbe9a3330c8a8	k__Bacteria; p__Bacteroidetes; c__[Saprospirae]; o__[Saprospirales]; f__; g__; s__	0.9947631614959846
5ef9085326108ae724109d9e6d53d22e	k__Bacteria; p__Chloroflexi; c__Anaerolineae; o__SJA-15; f__; g__; s__	0.9999992255613833
3caa63e2430ed43d1fea4c02ba998f8c	k__Bacteria; p__Acidobacteria; c__Acidobacteria-6; o__CCU21; f__; g__; s__	0.9999999973406943
b2ba5f6e600b0f278bc68f768a592600	k__Bacteria; p__Actinobacteria; c__Acidimicrobiia; o__Acidimicrobiales; f__koll13; g__; s__	0.7653856102795317
2e7617299ac3d5113e0806feb201a6a6	k__Bacteria; p__Proteobacteria; c__Alphaproteobacteria; o__Rhizobiales; f__Phyllobacteriaceae; g__; s__	0.7519601876027631
ab9982ab60ae3e6eb4186bf83d227274	k__Bacteria; p__Proteobacteria; c__Alphaproteobacteria; o__Rhizobiales; f__Hyphomicrobiaceae; g__Hyphomicrobium; s__	0.9260037751230396
25032886473e76b2cc47babba32097ea	k__Bacteria	0.9999992439486735
4ae7db310d8fb0222be94e1e9b1f0a5c	k__Bacteria; p__Bacteroidetes; c__Bacteroidia; o__Bacteroidales; f__Prevotellaceae; g__Alloprevotella; s__sp._oral_taxon_914	0.8632248878286223
21539c2361f24b0085d01d0997d47545	k__Bacteria; p__Fusobacteria; c__Fusobacteriia; o__Fusobacteriales; f__Leptotrichiaceae; g__Leptotrichia	0.9999999999807061
5b76401232d8f9f8f55dfdeb6654777b	k__Bacteria; p__Fusobacteria; c__Fusobacteriia; o__Fusobacteriales; f__Fusobacteriaceae; g__Fusobacterium	0.9979889992152168
ccfe8d5bf7bc7bef01e8d080527399e6	k__Bacteria; p__Bacteroidetes; c__Bacteroidia; o__Bacteroidales; f__Prevotellaceae; g__Prevotella; s__baroniae	0.9999986446431653
a0d6bd984042749f0aad4579705bd00b	k__Bacteria; p__Bacteroidetes; c__Bacteroidia; o__Bacteroidales; f__Prevotellaceae; g__Prevotella	0.999999999999402
ca69f0c49bb91f969478f7bc5b12e8d8	k__Bacteria; p__Bacteroidetes; c__Bacteroidia; o__Bacteroidales; f__Prevotellaceae; g__Alloprevotella; s__sp._oral_taxon_912	0.9542893154879836
63b0348adc073a7736dc987d5cb7531f	k__Bacteria; p__Firmicutes	0.999999999999195
ae4606aae15da8419701475ebf6de3da	k__Bacteria; p__Proteobacteria; c__Betaproteobacteria; o__Neisseriales; f__Neisseriaceae; g__Kingella; s__	0.9953746281475491
32eb2c0021169b71f4f63aaee8a93517	k__Bacteria; p__TM7; c__TM7-3; o__CW040; f__; g__; s__	0.8924762824035081
56c55bebbf5151c00d66c6252e657305	k__Bacteria; p__Bacteroidetes; c__Bacteroidia; o__Bacteroidales; f__Prevotellaceae; g__Prevotella; s__baroniae	0.999999903815824
ec9efe1dc918991595011fa212996967	k__Bacteria; p__Proteobacteria; c__Betaproteobacteria; o__Rhodocyclales; f__Rhodocyclaceae; g__C39; s__	0.992795391361882
be6fb566941c43344b0e03c7f2daedec	k__Bacteria; p__Spirochaetes; c__Spirochaetia; o__Spirochaetales; f__Spirochaetaceae; g__Treponema; s__sp._oral_taxon_239	0.9970449819272055
06fee515cd396230c39c86aa6749facc	k__Bacteria; p__Bacteroidetes; c__Bacteroidia; o__Bacteroidales; f__Prevotellaceae; g__Prevotella; s__sp._oral_taxon_526	0.9999999999769926
d21fcdf26c0289713d7cc22dd74d0177	k__Bacteria; p__Bacteroidetes; c__Flavobacteriia; o__Flavobacteriales; f__Flavobacteriaceae; g__Capnocytophaga; s__gingivalis	0.9789533869685629
626ea0a0faae3ee66924a8a1e875bea2	k__Bacteria; p__Bacteroidetes; c__Bacteroidia; o__Bacteroidales; f__Prevotellaceae; g__Prevotella; s__maculosa	0.9999877238671991
07559fdc6b54cb1893276da1b7bfc359	k__Bacteria; p__Proteobacteria; c__Betaproteobacteria; o__Burkholderiales; f__Oxalobacteraceae; g__Polynucleobacter; s__	0.9997699262927586
e13a4172ac3b5fe1a3a92a8737109a77	k__Bacteria; p__Firmicutes; c__Bacilli; o__Lactobacillales; f__Streptococcaceae; g__Streptococcus	0.9999961496856311
80001a0910c333b316947891376d22a9	k__Bacteria; p__Bacteroidetes; c__Bacteroidia; o__Bacteroidales; f__Prevotellaceae; g__Prevotella; s__sp._oral_taxon_942	0.827837254004506
120845caca1f8678722992fcfc64de92	k__Bacteria; p__Proteobacteria; c__Betaproteobacteria; o__Burkholderiales; f__Comamonadaceae; g__Limnobacter; s__	0.9895765116908611
a2d90a561adbe0747b8b0e5d75257e1c	k__Bacteria; p__Spirochaetes; c__Spirochaetia; o__Spirochaetales; f__Spirochaetaceae; g__Treponema	0.9999951737529079
07356ca0b13935c4fac7e5f02383119f	k__Bacteria; p__Firmicutes; c__Clostridia; o__Clostridiales; f__Peptococcaceae; g__Peptococcus; s__niger	0.9244562732038686
1a8239a82713b62220b767e82bf1cf09	k__Bacteria; p__Proteobacteria; c__Alphaproteobacteria; o__Rhodobacterales; f__Rhodobacteraceae; g__Roseivivax; s__	0.7701591941456533
94ba4bef7a8771cbe71f67f9695d1937	k__Bacteria; p__Firmicutes; c__Clostridia; o__Clostridiales; f__; g__; s__	0.9811274635147109
05eb4ca63e7cef0447753da993abef2a	k__Bacteria; p__Planctomycetes; c__Planctomycetia; o__Pirellulales; f__Pirellulaceae; g__; s__	0.9999969951022037
84105ba8efa53bb5c2a3ad5781e608b3	k__Bacteria; p__Proteobacteria; c__Alphaproteobacteria; o__Rhizobiales; f__Aurantimonadaceae; g__Fulvimarina; s__	0.999998146538628
1054249fd833fb5d566f5e57f71fd517	k__Bacteria; p__Cyanobacteria; c__Chloroplast; o__Chlorophyta; f__Chlamydomonadaceae; g__; s__	0.9999999194239028
306cfbaaaec6c3226f4c37a3380eb2a3	k__Bacteria; p__Chlamydiae; c__Chlamydiia; o__Chlamydiales; f__Rhabdochlamydiaceae; g__CandidatusRhabdochlamydia; s__	0.9999999743947828
92a20f4c4895fb92576e77b9b3937b2b	k__Bacteria; p__Tenericutes; c__CK-1C4-19; o__; f__; g__; s__	0.9924676473620803
fa5531daf306006be94d0bd16591f3ee	k__Bacteria; p__Fusobacteria; c__Fusobacteriia; o__Fusobacteriales; f__Leptotrichiaceae; g__Leptotrichia	0.9999999999905123
85f7966f90cb0e74ed34e0f26df362cd	k__Bacteria; p__Proteobacteria; c__Deltaproteobacteria; o__Desulfovibrionales; f__Desulfovibrionaceae; g__Desulfovibrio	0.9949289944680577
0d751156b740b81e72e4bd6fc3a8e248	k__Bacteria; p__Proteobacteria; c__Alphaproteobacteria; o__Rhodospirillales; f__Rhodospirillaceae; g__; s__	0.9957726894619482
aa1c4de12ad1cb13188fa5fc951e30c1	k__Bacteria; p__Proteobacteria; c__Alphaproteobacteria; o__Rhizobiales; f__Hyphomicrobiaceae; g__; s__	0.7711183021950981
4c5bc7ab23ae289cdbc4c07986d7b57d	k__Bacteria; p__Proteobacteria; c__Betaproteobacteria; o__; f__; g__; s__	0.8561881365251334
b556045670116c87313c9d385502cffc	k__Bacteria; p__Proteobacteria; c__Alphaproteobacteria; o__Rhizobiales; f__Hyphomicrobiaceae; g__; s__	0.9209946371306106
b2e61d9362a959a2abcd7bb03c83a6cc	k__Bacteria; p__Actinobacteria; c__Acidimicrobiia; o__Acidimicrobiales; f__; g__; s__	0.9940155154259184
a5e0ce322f1757965eb21e3b4b75a19a	k__Bacteria; p__Firmicutes; c__Clostridia; o__Clostridiales; f__Peptostreptococcaceae_[XI]; g__Mogibacterium; s__timidum	0.9143969744024126
4fed91688ec7b8a75b73f024ac94b389	k__Bacteria; p__Firmicutes; c__Bacilli; o__Lactobacillales; f__Streptococcaceae; g__Streptococcus	0.9999998898339787
1bac1ce3bff2ea147c44679c3dd6d529	k__Bacteria; p__Fusobacteria; c__Fusobacteriia; o__Fusobacteriales; f__Fusobacteriaceae; g__Fusobacterium	0.9982494495278664
73ff683b70238118048ccd8de6c77d54	k__Bacteria; p__Fusobacteria; c__Fusobacteriia; o__Fusobacteriales; f__Leptotrichiaceae; g__; s__	0.9606289896436977
f721e3bd59d9844972639d4209327a5d	k__Bacteria; p__Bacteroidetes; c__Bacteroidia; o__Bacteroidales; f__Prevotellaceae; g__Prevotella; s__pleuritidis	0.9999998922149929
974c276a36295cd1490b75463b5e8fc6	k__Bacteria; p__Spirochaetes; c__Spirochaetia; o__Spirochaetales; f__Spirochaetaceae; g__Treponema; s__sp._oral_taxon_246	0.8604113921226894
217c7defc08d32b600c1a17250143306	k__Bacteria; p__Cyanobacteria; c__Chloroplast; o__Streptophyta; f__; g__; s__	0.9999999774928343
f8bdae1c49bd3643f94a295b07f4a5f9	k__Bacteria; p__Fusobacteria; c__Fusobacteriia; o__Fusobacteriales; f__Leptotrichiaceae; g__Leptotrichia; s__	0.969574349278491
eb990bcbb4c46edef705d3b5ba38677d	k__Bacteria; p__Firmicutes; c__Clostridia; o__Clostridiales	0.999999999857809
46dc3c422ba2ffdf62e005c4520bd4c8	k__Bacteria; p__Actinobacteria; c__Coriobacteriia; o__Coriobacteriales; f__Atopobiaceae; g__Olsenella; s__profusa	0.9959266411641184
925685eb613bc72938db94ef4327ef01	k__Bacteria; p__Firmicutes; c__Clostridia; o__Clostridiales; f__Lachnospiraceae_[XIV]; g__Lachnospiraceae_[G-9]; s__sp._oral_taxon_924	0.9999894540960681
ff5f44d2ab07d0d3673dd9cf6be7482e	k__Bacteria; p__Bacteroidetes; c__Bacteroidia; o__Bacteroidales; f__Prevotellaceae; g__Prevotella; s__sp._oral_taxon_317	0.9513968249171871
43d24088464460d53f45863ac7e10a43	k__Bacteria; p__Firmicutes; c__Clostridia; o__Clostridiales	0.9999999996907514
bf6ea28e4228360a89708548f7fe260c	k__Bacteria; p__Firmicutes; c__Erysipelotrichia; o__Erysipelotrichales; f__Erysipelotrichaceae; g__Erysipelotrichaceae_[G-1]; s__sp._oral_taxon_905	0.9500491791882166
d43da15a421515f6e664bc3ece83350a	k__Bacteria; p__Fusobacteria; c__Fusobacteriia; o__Fusobacteriales; f__Leptotrichiaceae; g__Leptotrichia; s__sp._oral_taxon_392	0.9581983057409229
cc4f66276572e3f0e887ab78c2a62abd	k__Bacteria; p__Fusobacteria; c__Fusobacteriia; o__Fusobacteriales; f__Fusobacteriaceae; g__Fusobacterium; s__periodonticum	0.8088274852158588
cd54db3091e472d3e3609cfacbe05740	k__Bacteria; p__Spirochaetes; c__Spirochaetes; o__; f__; g__; s__	0.9999998477475573
70561fa4a8ed9ef0602e551517a47a0e	k__Bacteria; p__TM7; c__TM7-3; o__CW040; f__F16; g__; s__	0.7945998866744762
5d51376e3533f609ef59929b005e87bd	k__Bacteria; p__Firmicutes; c__Bacilli	0.9999958931419453
22c2de8cffd8f451bae500f5a2bc890b	k__Bacteria; p__Tenericutes; c__Mollicutes; o__Acholeplasmatales; f__Acholeplasmataceae; g__Acholeplasma; s__	0.9966546777577431
7a5fbd526cb08f87e09c8742525c8eb7	k__Bacteria; p__Firmicutes; c__Clostridia; o__Clostridiales; f__Peptoniphilaceae; g__Peptoniphilaceae_[G-2]; s__sp._oral_taxon_790	0.9999993218302475
4dbee83f0ba1458258286d387b6bd9a1	k__Bacteria; p__Spirochaetes; c__Spirochaetia; o__Spirochaetales; f__Spirochaetaceae; g__Treponema	0.9999989443408126
2b26964c55beab544efd01d6879c1c34	k__Bacteria; p__Bacteroidetes; c__Bacteroidia; o__Bacteroidales; f__Prevotellaceae; g__Prevotella	0.9999977867721446
7a45177825b78e62716411c1a00e73ff	k__Bacteria; p__Cyanobacteria; c__Chloroplast; o__Stramenopiles; f__; g__; s__	0.9999999999972005
b3e59acc8552bbc576233c9c087abafd	k__Bacteria	0.9881296913170223
548c2fc8066ef90ab0fbe16aaa093aae	k__Bacteria; p__Proteobacteria; c__Alphaproteobacteria; o__Sphingomonadales; f__Erythrobacteraceae; g__; s__	0.9019732759129728
c6fab902d1f96aa26f9350688ddc9037	k__Bacteria; p__Actinobacteria; c__Acidimicrobiia; o__Acidimicrobiales; f__C111; g__; s__	0.9999999999959783
ff9dea79c9751a017a8fc80f73190a6d	k__Bacteria; p__Spirochaetes; c__Spirochaetia; o__Spirochaetales; f__Spirochaetaceae; g__Treponema; s__sp._oral_taxon_490	0.9999479879799911
ca044e1544d650dd0cd13e87c6cdef6e	k__Bacteria; p__Actinobacteria; c__Thermoleophilia; o__Gaiellales; f__; g__; s__	0.9999883882761512
8eab3e0bc0f0230c60b26f5820882fb4	k__Bacteria; p__Actinobacteria; c__Actinobacteria; o__; f__; g__; s__	0.9809289257386978
5fd5a051c8e8300abde3d3a2a7f23093	k__Bacteria	0.999522706638169
fa70d99b9380f0c76f718893900f1487	k__Bacteria; p__Bacteroidetes; c__Flavobacteriia; o__Flavobacteriales; f__Cryomorphaceae; g__Crocinitomix; s__	0.9999999771775523
4615b6f76596019c769d0a9627b400fd	k__Bacteria; p__Firmicutes; c__Mollicutes; o__Mycoplasmatales; f__Mycoplasmataceae; g__Mycoplasma; s__lipophilum	0.9994911246638029
bdedc5eeddc17420dba0686b0f32e6a4	k__Bacteria; p__Actinobacteria; c__Thermoleophilia; o__Gaiellales; f__; g__; s__	0.9999713152024139
56a6eec5e313637281365bfc4d15386f	k__Bacteria; p__Proteobacteria; c__Deltaproteobacteria; o__Syntrophobacterales; f__Syntrophaceae; g__Desulfobacca; s__	0.9999988977431506
f98207d0d752f7c8ef4fdbbdf6ac9fad	k__Bacteria; p__Planctomycetes; c__Planctomycetia; o__Pirellulales; f__Pirellulaceae; g__planctomycete; s__DWL3I2	0.9979514098727457
7aea66a943f7d58d73feebdfefafdecb	k__Bacteria; p__Actinobacteria; c__MB-A2-108; o__0319-7L14; f__; g__; s__	0.9999995442289888
9dd516a984f6989bfaa0050bf6a213b0	k__Bacteria; p__Planctomycetes; c__Planctomycetia; o__Pirellulales; f__Pirellulaceae; g__; s__	0.9953491040338093
1672b990fdc21339a7bd7bca50e775d9	k__Bacteria; p__Firmicutes; c__Bacilli; o__Lactobacillales; f__Streptococcaceae; g__Streptococcus	0.9999588558398116
7c0c34de85ca86487c71cc56be57e8c0	k__Bacteria; p__Proteobacteria; c__Alphaproteobacteria; o__Rhizobiales	0.9999330798835382
27beea8a2881320e76abae14b34bbb5a	k__Bacteria; p__Bacteroidetes; c__Bacteroidia; o__Bacteroidales; f__Prevotellaceae; g__Prevotella; s__sp._oral_taxon_526	0.999999999981469
31d780fbd0a4a5627de6823a2f800823	k__Bacteria; p__Firmicutes; c__Bacilli; o__Lactobacillales; f__Streptococcaceae; g__Streptococcus	0.9537465920406432
dd019abedaf9b75f240459b9b971e394	k__Bacteria; p__Bacteroidetes; c__Bacteroidia; o__Bacteroidales; f__Prevotellaceae; g__Prevotella; s__salivae	0.9492106278766778
4580bba6a9b76ec87f29440253c587c4	k__Bacteria; p__Firmicutes; c__Clostridia; o__Clostridiales; f__Lachnospiraceae_[XIV]; g__Lachnoanaerobaculum; s__orale	0.8868853740681142
1036339274133e732b55613f2d756af6	k__Bacteria; p__Spirochaetes; c__Spirochaetia; o__Spirochaetales; f__Spirochaetaceae; g__Treponema	0.7555166890181214
79590541d919fe2feb1c367ff8dd7e22	k__Bacteria; p__Gracilibacteria_(GN02); c__GN02_[C-1]; o__GN02_[O-1]; f__GN02_[F-1]; g__GN02_[G-1]; s__sp._oral_taxon_872	0.999936282555091
76493b834fa9e4f5ea0773160e6755dc	k__Bacteria; p__Bacteroidetes; c__Bacteroidia; o__Bacteroidales; f__Prevotellaceae; g__Alloprevotella; s__sp._oral_taxon_914	0.863551469622117
d2cb63f502bf8140e5f01dbcede6ce07	k__Bacteria; p__Proteobacteria; c__Betaproteobacteria; o__Neisseriales; f__Neisseriaceae	0.99999999948324
0b3ad97f85a616458bd6d8ebe6f7d91c	k__Bacteria; p__Actinobacteria; c__Actinobacteria; o__Bifidobacteriales; f__Bifidobacteriaceae; g__Bifidobacterium; s__	0.8294612665128441
344eec7690a17b930fc6218e8f34e3be	k__Bacteria; p__Firmicutes; c__Bacilli; o__Lactobacillales; f__Lactobacillaceae; g__Lactobacillus; s__crispatus	0.9375617623063512
c92c55fcf00019c446c6ca1c0e951890	k__Bacteria	0.9524022558159129
6818e56d8c4d4437ea02c42e448526d3	k__Bacteria; p__Bacteroidetes; c__Bacteroidia; o__Bacteroidales; f__Prevotellaceae; g__Alloprevotella; s__rava	0.999622959274258
5d6d779b9ed0ffec788d75494fade8ab	k__Bacteria; p__Spirochaetes; c__Spirochaetes; o__Spirochaetales; f__Spirochaetaceae; g__Treponema; s__amylovorum	0.9316546164975663
09db45b70bf9ba1471eb516dc61e4279	k__Bacteria; p__Bacteroidetes; c__Bacteroidetes_[C-1]; o__Bacteroidetes_[O-1]; f__Bacteroidetes_[F-1]; g__Bacteroidetes_[G-3]; s__sp._oral_taxon_436	0.9999999909411912
708080544550a805ae79caf7675a6864	k__Bacteria; p__Bacteroidetes; c__Flavobacteriia; o__Flavobacteriales; f__Flavobacteriaceae; g__Bergeyella; s__sp._oral_taxon_322	0.9834443127115862
ac28ed22b64e1d24bec4132786b20106	k__Bacteria; p__Firmicutes; c__Clostridia; o__Clostridiales; f__Lachnospiraceae_[XIV]; g__Oribacterium; s__parvum	0.981030900788641
5401c88eeed603172d50543977b2422f	k__Bacteria; p__Bacteroidetes; c__Bacteroidia; o__Bacteroidales; f__Prevotellaceae; g__Prevotella; s__sp._oral_taxon_515	0.9999224747665736
c8b6cd7e149796115c62708b5ed8d373	k__Bacteria; p__Cyanobacteria; c__Oscillatoriophycideae; o__Chroococcales; f__Cyanobacteriaceae; g__Cyanobacterium; s__	0.999997693706748
32664da37c003d314aa44d92e4977894	k__Bacteria; p__Actinobacteria; c__Actinobacteria; o__Actinomycetales; f__ACK-M1; g__; s__	0.999999689208883
7876bc062a858a423f1ef6f6103be1ec	k__Bacteria; p__Proteobacteria; c__Alphaproteobacteria; o__Rhodospirillales; f__Rhodospirillaceae; g__; s__	0.992583791514298
2173010226873e65d7918ff47f4c74fe	k__Bacteria; p__Firmicutes; c__Bacilli; o__Bacillales; f__Paenibacillaceae	0.9975295249640509
94eea8ce2430ec4e1bbf6bbac018fc10	k__Bacteria; p__Actinobacteria; c__Actinobacteria; o__Actinomycetales; f__; g__; s__	0.9784519456752223
a90e4e6869500003e62a94fae093562e	k__Bacteria; p__Bacteroidetes; c__Flavobacteriia; o__Flavobacteriales; f__Flavobacteriaceae; g__Capnocytophaga; s__ochracea	0.8833642734941552
e6aebb814065b3d864a2dd4f42ecda32	k__Bacteria; p__Firmicutes; c__Negativicutes; o__Selenomonadales; f__Veillonellaceae; g__Selenomonas; s__sputigena	0.7156933373013308
229c0fcf4ad649c71eead0b775a59e96	k__Bacteria; p__Proteobacteria; c__Gammaproteobacteria; o__HOC36; f__; g__; s__	0.9999911186935616
03236fe4449e52ccf7f40739754dc2ef	k__Bacteria; p__Proteobacteria; c__Betaproteobacteria; o__Neisseriales; f__Neisseriaceae; g__Kingella; s__	0.8632954181924133
43b58ef08e7670221b45eafef6a43684	k__Bacteria; p__Proteobacteria; c__Alphaproteobacteria; o__Rhodobacterales; f__Rhodobacteraceae; g__; s__	0.875780490754302
f3f81b503e63ad8d65c50cb3f6113652	k__Bacteria; p__Proteobacteria; c__Betaproteobacteria; o__SC-I-84; f__; g__; s__	0.9999924589310875
a110327774db534eeb38ee56be891586	k__Bacteria; p__Firmicutes; c__Clostridia; o__Clostridiales; f__Lachnospiraceae	0.9451974756542287
83eecd26ccc6e66e3eaefc9d35aceb54	k__Bacteria; p__Proteobacteria; c__Betaproteobacteria; o__Burkholderiales; f__Comamonadaceae	0.9995315053790426
e16095b10d7a7e67f978467573f0fffb	k__Bacteria; p__Proteobacteria; c__Alphaproteobacteria; o__Sphingomonadales; f__Sphingomonadaceae; g__Sphingobium; s__	0.7355814411636724
bf7b1c763f2ee57988d444f8ac69ac38	k__Bacteria; p__Actinobacteria; c__Actinobacteria; o__Actinomycetales; f__Micrococcaceae; g__Rothia	0.8341975014314003
9ce4a9ceeaea3d255a44d1ee9a790861	k__Bacteria; p__Firmicutes; c__Clostridia; o__Clostridiales; f__Lachnospiraceae_[XIV]; g__Butyrivibrio; s__sp._oral_taxon_455	0.9690128215145083
763288726a19ddbd06e1eb184dc37b04	k__Bacteria; p__Spirochaetes; c__Spirochaetia; o__Spirochaetales; f__Spirochaetaceae; g__Treponema	0.9999989206298754
cbcfce364a96dee39ad27b4e0b5c5baa	k__Bacteria; p__Bacteroidetes; c__Bacteroidia; o__Bacteroidales; f__Prevotellaceae; g__Prevotella; s__salivae	0.9989021790735596
14c3b382f8bdfff6171a99e2449dd9e7	k__Bacteria; p__Bacteroidetes; c__Flavobacteriia; o__Flavobacteriales; f__Flavobacteriaceae; g__Capnocytophaga	0.9999999999985023
0988e0afea0f18a122bb335ed4c90c13	k__Bacteria; p__Actinobacteria; c__Coriobacteriia; o__Coriobacteriales; f__Coriobacteriaceae; g__; s__	0.9999996578605862
1ff34b06c03a0aa471eae39434ebf011	k__Bacteria; p__Firmicutes; c__Bacilli; o__Lactobacillales; f__Streptococcaceae; g__Streptococcus	0.9999962359405095
a856c8547c1e058456383d5fdcb79152	k__Bacteria; p__Bacteroidetes; c__Bacteroidia; o__Bacteroidales; f__Prevotellaceae; g__Prevotella; s__dentalis	0.9999999850260083
de1e0594d23d3e9449645e03ea8ac78c	k__Bacteria; p__Bacteroidetes; c__Flavobacteriia; o__Flavobacteriales; f__Flavobacteriaceae; g__Capnocytophaga	0.9999999679199594
f45398238281ebade08307645eb104cb	k__Bacteria; p__Firmicutes; c__Clostridia; o__Clostridiales; f__Lachnospiraceae; g__[Ruminococcus]; s__gnavus	0.8091373085664614
b21dff4ee01828c18026dc250c2d5e14	k__Bacteria; p__Proteobacteria; c__Betaproteobacteria; o__Burkholderiales; f__Comamonadaceae	0.997762966461424
726d6625df79670259d52e75a848a331	k__Bacteria; p__Firmicutes; c__Bacilli; o__Lactobacillales; f__Lactobacillaceae; g__Lactobacillus; s__crispatus	0.9726832630606299
a00427e6d5ae74702841cfaec4857cd9	k__Bacteria; p__Fusobacteria; c__Fusobacteriia; o__Fusobacteriales; f__Leptotrichiaceae; g__Leptotrichia; s__sp._oral_taxon_498	0.999845701760987
24803d0ef55279eb5f7f723266eca03f	k__Bacteria; p__Firmicutes; c__Bacilli; o__Lactobacillales; f__Streptococcaceae; g__Streptococcus	0.9999997540960656
fa1ac9c24a28c9243eabe874afe9ae19	k__Bacteria; p__Fusobacteria; c__Fusobacteriia; o__Fusobacteriales; f__Leptotrichiaceae; g__Leptotrichia; s__wadei	0.9614465994931889
4611619b7d7d67896d978850daf0ff4e	k__Bacteria; p__Firmicutes; c__Bacilli; o__Lactobacillales; f__Streptococcaceae; g__Streptococcus	0.9999995745285308
65170d2fb1ed95696d61e95e3bcc164c	k__Bacteria; p__Gracilibacteria_(GN02); c__GN02_[C-1]; o__GN02_[O-1]; f__GN02_[F-1]; g__GN02_[G-1]; s__sp._oral_taxon_872	0.9962842921868416
1e7a025e27432c419014a76a7547100e	k__Bacteria; p__Bacteroidetes; c__Bacteroidia; o__Bacteroidales; f__Bacteroidaceae; g__Bacteroides; s__fragilis	0.9925653326701713
7705f45a6ab3ac28a45abaf16921ba85	k__Bacteria; p__Saccharibacteria_(TM7); c__TM7_[C-1]; o__TM7_[O-1]; f__TM7_[F-1]; g__TM7_[G-1]; s__sp._oral_taxon_952	0.711029688852425
06165f2f0264d27c11596f18440e5520	k__Bacteria; p__Firmicutes; c__Bacilli; o__Lactobacillales; f__Streptococcaceae; g__Streptococcus	0.9999999096393379
8ac626a2f86cb59d6d91b98398dc8406	k__Bacteria; p__Bacteroidetes; c__Sphingobacteriia; o__Sphingobacteriales; f__Sphingobacteriaceae; g__Pedobacter; s__	0.947774402228822
7a233aa4218005fcb480f67c44a7df35	k__Bacteria; p__Proteobacteria; c__Gammaproteobacteria; o__Pasteurellales; f__Pasteurellaceae; g__Aggregatibacter; s__segnis	0.7111298966328358
49499aaa5b47af40619513e09cca68a3	k__Bacteria; p__Bacteroidetes; c__Bacteroidetes_[C-1]; o__Bacteroidetes_[O-1]; f__Bacteroidetes_[F-1]; g__Bacteroidetes_[G-5]; s__sp._oral_taxon_505	0.999257612448532
ce3a04e50e108911c296016569768b8f	k__Bacteria; p__Firmicutes; c__Bacilli; o__Lactobacillales; f__Aerococcaceae; g__Alloiococcus; s__	0.9915682208925821
3df633ffada7efbb59dd1e9e824a5b6b	k__Bacteria; p__Firmicutes; c__Bacilli; o__Lactobacillales; f__Lactobacillaceae; g__Lactobacillus; s__reuteri	0.9584745173203735
8588b93c1b637d232de261010f1fc67b	k__Bacteria; p__Proteobacteria; c__Gammaproteobacteria; o__Xanthomonadales; f__Sinobacteraceae; g__; s__	0.9998351700799452
81bafab0a4c1ddceb138e356a23ee11b	k__Bacteria; p__Proteobacteria; c__Alphaproteobacteria; o__Rhizobiales; f__Methylobacteriaceae; g__Methylobacterium	0.9999999944311554
108bdda2e3f152aa49cf393091c7497c	k__Bacteria; p__Proteobacteria; c__Betaproteobacteria; o__Burkholderiales; f__Comamonadaceae	0.9996854805353174
dedaad3ac6816adf9b73437ca9201d6f	k__Bacteria; p__Firmicutes; c__Clostridia; o__Clostridiales; f__Lachnospiraceae_[XIV]; g__Stomatobaculum; s__longum	0.8483625993076922
d324523c01244e5c3c3375948ac30d56	k__Bacteria; p__Fusobacteria; c__Fusobacteriia; o__Fusobacteriales; f__Fusobacteriaceae; g__Fusobacterium; s__nucleatum_subsp._vincentii	0.705592735212971
01bea228d651b016b24ef138aa15a530	k__Bacteria; p__Bacteroidetes; c__Flavobacteriia; o__Flavobacteriales; f__Flavobacteriaceae; g__Capnocytophaga	0.9999997799326951
c4ddce933aeed663ae725798369b6b1a	k__Bacteria; p__Proteobacteria; c__Gammaproteobacteria; o__Chromatiales; f__Chromatiaceae	0.9997420277319415
a8aacb18683634df17d142ef5a2d442a	k__Bacteria; p__Planctomycetes; c__Planctomycetia; o__Pirellulales; f__Pirellulaceae; g__; s__	0.9999998684846874
5a2feede4e04e9d095065c2cdb9f2ff0	k__Bacteria; p__Proteobacteria; c__Gammaproteobacteria; o__Chromatiales; f__Chromatiaceae; g__; s__	0.998542182362151
d7446c0b35ffdae1e5c5824907290f0a	k__Bacteria; p__Bacteroidetes; c__Flavobacteriia; o__Flavobacteriales; f__Flavobacteriaceae; g__Capnocytophaga; s__leadbetteri	0.8931305544514364
09413d1b7c79bd9e74591ae1ec772f6a	k__Bacteria; p__Proteobacteria; c__Betaproteobacteria; o__Neisseriales; f__Neisseriaceae; g__Neisseria; s__bacilliformis	0.9995596023407047
67705290574992a2502d9f201e55330f	k__Bacteria; p__Proteobacteria; c__Epsilonproteobacteria; o__Campylobacterales; f__; g__; s__	0.9997194069033012
54b5de3725f027a83c2142484dd7ec4f	k__Bacteria; p__Firmicutes; c__Clostridia; o__Clostridiales; f__Lachnospiraceae_[XIV]; g__Lachnospiraceae_[G-2]; s__sp._oral_taxon_096	0.9997033068573012
264c21a2f25018b28e74089763897dd5	k__Bacteria; p__GN02; c__BD1-5; o__; f__; g__; s__	0.9918445743869376
ebfcc2b90c8d83c75cdb7bafd07aa552	k__Bacteria; p__Bacteroidetes; c__Bacteroidia; o__Bacteroidales; f__Prevotellaceae; g__Prevotella; s__oulorum	0.9410700021591388
778b980c05bdb862333139a82f17f3c7	k__Bacteria; p__Proteobacteria; c__Gammaproteobacteria; o__Pasteurellales; f__Pasteurellaceae; g__Aggregatibacter	0.9494330563471577
c6c74f04c01eb897a9344e2a003e1a51	k__Bacteria; p__Bacteroidetes; c__Flavobacteriia; o__Flavobacteriales; f__Flavobacteriaceae; g__Capnocytophaga	0.9999999999997142
82953863fb5c7dfccb9dac3b4b0a24ed	k__Bacteria; p__Firmicutes; c__Bacilli; o__Lactobacillales	0.8403395426077567
53be0c105ae708888af13bb3c2145887	k__Bacteria; p__Proteobacteria; c__Epsilonproteobacteria; o__Campylobacterales; f__Campylobacteraceae; g__Campylobacter; s__gracilis	0.946194966501746
016fcc4b028f3378dbdddcb779c7ccbf	k__Bacteria; p__Firmicutes; c__Bacilli; o__Lactobacillales; f__Streptococcaceae; g__Streptococcus	0.9999997562524171
18c3722c9f59eab82799256869387914	k__Bacteria; p__Proteobacteria; c__Betaproteobacteria; o__Neisseriales; f__Neisseriaceae; g__Neisseria	0.9105903269022838
1827da5e632e1a82782721ba9e45c1f2	k__Bacteria; p__Bacteroidetes; c__Bacteroidia; o__Bacteroidales; f__Prevotellaceae; g__Prevotella; s__sp._oral_taxon_526	0.9999999999945715
9a5a51dd959313d46e4601bdc7426cf4	k__Bacteria; p__Fusobacteria; c__Fusobacteriia; o__Fusobacteriales; f__Leptotrichiaceae; g__Leptotrichia	0.9999999999989958
bb7eb709eb001989312b4874e6104dd5	k__Bacteria; p__Firmicutes; c__Negativicutes; o__Selenomonadales; f__Veillonellaceae; g__Selenomonas	0.9994022952900171
0194ca450b38b1c6dbb01227e11a08ac	k__Bacteria; p__Bacteroidetes; c__Bacteroidetes_[C-1]; o__Bacteroidetes_[O-1]; f__Bacteroidetes_[F-1]; g__Bacteroidetes_[G-3]; s__sp._oral_taxon_281	0.9428500514784902
d32e548af23a555f0139029772e2da8e	k__Bacteria; p__Firmicutes; c__Clostridia; o__Clostridiales; f__Lachnospiraceae; g__Clostridium; s__colinum	0.8649436448152996
5ae005361647149b97a2550ea07f9828	k__Bacteria; p__Bacteroidetes; c__Bacteroidia; o__Bacteroidales; f__Prevotellaceae; g__Prevotella; s__melaninogenica	0.9866630991984242
cce6ad3c305285d52ab8dc0f98caaa5c	k__Bacteria; p__Saccharibacteria_(TM7); c__TM7_[C-1]; o__TM7_[O-1]; f__TM7_[F-1]; g__TM7_[G-1]; s__sp._oral_taxon_352	0.9811353793258645
f76bce94d9256d706d15565e9719b1d1	k__Bacteria; p__Spirochaetes; c__Spirochaetes; o__Spirochaetales; f__Spirochaetaceae; g__Treponema; s__amylovorum	0.996026750172268
161b07e7a6a338c4de130e6fa6b1f672	k__Bacteria; p__Firmicutes; c__Negativicutes; o__Selenomonadales; f__Veillonellaceae; g__Veillonella; s__rogosae	0.8803815936283763
d77e47e2ecfbbdef734b78d0c5d76ba3	k__Bacteria; p__Bacteroidetes; c__Bacteroidia; o__Bacteroidales; f__[Paraprevotellaceae]; g__; s__	0.9999966103998226
00aa20262e469d656f029969b856bd72	k__Bacteria; p__Cyanobacteria; c__Chloroplast; o__Streptophyta; f__; g__; s__	0.999999999907871
b84058f04226eb4d32755c6ec9317f9c	k__Bacteria; p__Fusobacteria; c__Fusobacteriia; o__Fusobacteriales; f__Fusobacteriaceae; g__Fusobacterium	0.9971989147176149
35cf5d4fbc3e09d4bc03072108640efa	k__Bacteria; p__Firmicutes; c__Erysipelotrichi; o__Erysipelotrichales; f__Erysipelotrichaceae; g__[Eubacterium]; s__	0.999999585797824
f8f42c12f54510096bc54c5b478811db	k__Bacteria; p__Bacteroidetes; c__Bacteroidia; o__Bacteroidales; f__Porphyromonadaceae; g__Tannerella; s__forsythia	0.9069379776682808
2523493fe49587f52eb31f94565e8a43	k__Bacteria; p__Proteobacteria; c__Betaproteobacteria; o__Neisseriales; f__Neisseriaceae; g__Kingella; s__	0.9142746982108387
aefe71850841eb362d0dae2037d89208	k__Bacteria; p__Bacteroidetes; c__Bacteroidia; o__Bacteroidales; f__Bacteroidales_[F-2]; g__Bacteroidales_[G-2]; s__sp._oral_taxon_274	0.9999946509652446
7f3c4a3cc1242c9beb8915b1f6dca65a	k__Bacteria; p__Verrucomicrobia; c__Opitutae; o__[Cerasicoccales]; f__[Cerasicoccaceae]; g__; s__	0.9999999996311146
f763bcef8406285a9d660f384f5b9dc9	k__Bacteria; p__Firmicutes; c__Negativicutes; o__Selenomonadales; f__Veillonellaceae; g__Selenomonas	0.9995629444747788
348c9b87bf25bb5eb35c74fcd18c8836	k__Bacteria; p__Fusobacteria; c__Fusobacteriia; o__Fusobacteriales; f__Leptotrichiaceae; g__Leptotrichia	0.9999999999995096
7707fa0a80402585e33d545e885a1a3a	k__Bacteria; p__Proteobacteria; c__Gammaproteobacteria; o__Pasteurellales; f__Pasteurellaceae; g__Actinobacillus	0.872798053273847
30839a3e40c60c7467cefdad4acf4adf	k__Bacteria; p__Firmicutes; c__Negativicutes; o__Selenomonadales; f__Veillonellaceae; g__Veillonella	0.7722461289387192
8e0a98a546478ac94274cef0c173a87a	k__Bacteria; p__Bacteroidetes; c__Bacteroidetes_[C-1]; o__Bacteroidetes_[O-1]; f__Bacteroidetes_[F-1]; g__Bacteroidetes_[G-3]; s__sp._oral_taxon_281	0.9494002516401147
9c86c147f5caf2350ccb2b6b6b2eaa77	k__Bacteria; p__Firmicutes; c__Clostridia; o__Clostridiales; f__Clostridiaceae; g__Clostridium; s__haemolyticum_novyi	0.9987385402992157
72b5281cd9364e96594e929510d6c6c5	k__Bacteria; p__Proteobacteria; c__Betaproteobacteria; o__Burkholderiales; f__Alcaligenaceae; g__; s__	0.9997879911861314
73265fdd36848da9762ec777c3852b5e	k__Bacteria; p__Planctomycetes; c__Planctomycetia; o__Pirellulales; f__Pirellulaceae; g__; s__	0.9999971758832177
d88eb2b33633c4fcd4f21cd4c1a58f6b	k__Bacteria; p__Spirochaetes; c__Spirochaetia; o__Spirochaetales; f__Spirochaetaceae; g__Treponema; s__sp._oral_taxon_256	0.9724010043312674
e9e8e6210bffaf814d2b4a7712e1881f	k__Bacteria; p__Bacteroidetes; c__Bacteroidia; o__Bacteroidales; f__Prevotellaceae; g__Alloprevotella; s__sp._oral_taxon_912	0.9273740617809434
540a47731988868de79f8e197976337c	k__Bacteria; p__Firmicutes; c__Bacilli; o__Lactobacillales; f__Streptococcaceae; g__Streptococcus	0.9999997471401599
0c52dd08f7e7b02e5a30e800c0a8eb17	k__Bacteria; p__Firmicutes; c__Clostridia; o__Clostridiales	0.9909528912875131
16c45f198faf89277d419cf2fca74641	k__Bacteria; p__Actinobacteria; c__OPB41; o__; f__; g__; s__	0.9979216256974995
4d7d29e7f266e3944e01f6875c26febd	k__Bacteria; p__Proteobacteria; c__Epsilonproteobacteria; o__Campylobacterales; f__Campylobacteraceae; g__Campylobacter; s__gracilis	0.9510381740639442
4a0e9657c316c36e1819a6ffb28fd5db	k__Bacteria; p__Firmicutes; c__Clostridia; o__Clostridiales; f__Lachnospiraceae_[XIV]; g__Johnsonella; s__sp._oral_taxon_166	0.9999979732782197
f515deab34ece13769178c38b2e6d900	k__Bacteria; p__Firmicutes; c__Clostridia; o__Clostridiales; f__Clostridiaceae; g__Clostridium; s__	0.883221151475518
7bf6d5f4371c2ced15ec2a26ccbd9d09	k__Bacteria	0.9998545040218187
4cc5b18090cd41e30dd9431f798840ad	k__Bacteria; p__Proteobacteria; c__Alphaproteobacteria; o__Rhodospirillales; f__Rhodospirillaceae; g__; s__	0.9656615669529935
aa9cc38cfe823e7058faf43fdbc888f2	k__Bacteria; p__Synergistetes; c__Synergistia; o__Synergistales; f__Dethiosulfovibrionaceae; g__Pyramidobacter; s__piscolens	0.9999999999988063
85d798da949b5ae1099f8f4368fc3c7f	k__Bacteria; p__Proteobacteria; c__Epsilonproteobacteria; o__Campylobacterales; f__Campylobacteraceae; g__Campylobacter; s__concisus	0.8592856917796917
7d58decb895ce8c4053f03e8f2c48578	k__Bacteria; p__Saccharibacteria_(TM7); c__TM7_[C-1]; o__TM7_[O-1]; f__TM7_[F-1]; g__TM7_[G-1]; s__sp._oral_taxon_349	0.8822867760162202
0b8e953aea0092d7c3587c8866e576b4	k__Bacteria; p__Actinobacteria; c__Actinobacteria	0.7334095325198406
d2c1b81ee703d5b3b833adc035fd4ef2	k__Bacteria	0.9996667088331332
f3495bd2e039627e8114b4cd7bed33ed	k__Bacteria; p__Actinobacteria; c__Actinobacteria; o__Actinomycetales; f__Nocardiaceae; g__Rhodococcus; s__	0.999235225675653
08b242e8ed2c4311d7accf7224f1bb8b	k__Bacteria; p__Bacteroidetes; c__Bacteroidia; o__Bacteroidales; f__; g__; s__	0.9264015463017397
4e2a2d4027a125f6754e145bb467fb02	k__Bacteria; p__Firmicutes; c__Bacilli; o__Lactobacillales; f__Streptococcaceae; g__Streptococcus	0.9993680952653008
3dc6dd755ebe5b155d1a43f75667d1ad	k__Bacteria; p__Firmicutes; c__Clostridia; o__Clostridiales; f__Veillonellaceae; g__Selenomonas; s__noxia	0.7361820389292182
e5e98a73053c5129242a126006270b72	k__Bacteria; p__Firmicutes; c__Clostridia; o__Clostridiales; f__Lachnospiraceae_[XIV]; g__Stomatobaculum; s__longum	0.861143911260675
395c2f27ef42f86554355ba0a49297b7	k__Bacteria; p__Bacteroidetes; c__Bacteroidia; o__Bacteroidales; f__Prevotellaceae; g__Alloprevotella; s__sp._oral_taxon_473	0.9999604901408116
5a4f8ce5d74dc045d0aed30da57762e2	k__Bacteria; p__Firmicutes; c__Negativicutes; o__Selenomonadales; f__Veillonellaceae; g__Veillonella	0.9610292558201945
a4379b8475cc12ba653fc4fb0ee2a7ae	k__Bacteria; p__Firmicutes; c__Bacilli; o__Gemellales; f__Gemellaceae; g__; s__	0.9444897214147866
a7ec058b5998ad81b2f9e115fe2980ad	k__Bacteria; p__Bacteroidetes; c__Bacteroidia; o__Bacteroidales; f__Prevotellaceae; g__Prevotella	0.9999997294921149
7cfe035b0b7f619235c0412dab695371	k__Bacteria; p__Proteobacteria; c__Betaproteobacteria; o__Neisseriales; f__Neisseriaceae; g__Neisseria; s__bacilliformis	0.9998665717959642
6f32c83ab1f5b431808af6e5d350e853	k__Bacteria; p__Bacteroidetes; c__Bacteroidia; o__Bacteroidales; f__Prevotellaceae; g__Prevotella	1.000000000000004
14801452d5fa4c3d63a87b2712be70a7	k__Bacteria; p__Firmicutes; c__Bacilli; o__Lactobacillales; f__Streptococcaceae; g__Streptococcus	0.9999997615202043
71e8131f4c39cbf58525d22b1914b585	k__Bacteria; p__Bacteroidetes; c__Flavobacteriia; o__Flavobacteriales; f__Flavobacteriaceae; g__Bergeyella	0.9397807042267362
4e141d3c99c4bc843d5f843080c5a16a	k__Bacteria; p__Firmicutes; c__Clostridia; o__Clostridiales; f__Lachnospiraceae_[XIV]; g__Lachnoanaerobaculum	0.9994601325884438
dd18b3865319b77521059e5e20602d47	k__Bacteria; p__Bacteroidetes; c__Bacteroidia; o__Bacteroidales; f__Prevotellaceae; g__Prevotella; s__intermedia	0.9999996502366643
f423171abebc216dbdf3b4aff697bf4f	k__Bacteria; p__Acidobacteria; c__[Chloracidobacteria]; o__RB41; f__Ellin6075; g__; s__	0.9999983599518976
a3d1dc1f9b153b76ee6b21d344352f1f	k__Bacteria; p__Firmicutes; c__Bacilli; o__Lactobacillales; f__Streptococcaceae; g__Streptococcus; s__dysgalactiae	0.7466094456200014
73a206faf4c0b3e48c9268b85ac88264	k__Bacteria; p__Firmicutes; c__Bacilli; o__Lactobacillales; f__Streptococcaceae; g__Streptococcus	0.9999752627105251
f251c5fad75e0960bc17de704aa348c5	k__Bacteria; p__Proteobacteria; c__Alphaproteobacteria; o__; f__; g__; s__	0.9584219624301107
19f421e065c5175d2ae6616816a6bc8a	k__Bacteria; p__Actinobacteria; c__Coriobacteriia; o__Coriobacteriales; f__Coriobacteriaceae; g__Atopobium; s__vaginae	0.7670954767644631
4e6b169bb2070771f644cdd45aa5b9aa	k__Bacteria; p__Bacteroidetes; c__Bacteroidia; o__Bacteroidales; f__Prevotellaceae; g__Prevotella; s__disiens	0.9999995870401079
b5a65ca29eaae9e7fea982413c24f502	k__Bacteria; p__Proteobacteria; c__Betaproteobacteria; o__Neisseriales; f__Neisseriaceae; g__Neisseria	0.9976538819714362
0140d2b6ada8b9f2550c50d8c1da5737	k__Bacteria; p__Actinobacteria	0.9999999999999709
61d106595a59560611ee83995f91ed95	k__Bacteria; p__Bacteroidetes; c__Flavobacteriia; o__Flavobacteriales; f__Flavobacteriaceae; g__Capnocytophaga; s__leadbetteri	0.8172686930435796
e121fb1c4feb87e7551971eec20cdc19	k__Bacteria; p__Spirochaetes; c__Spirochaetia; o__Spirochaetales; f__Spirochaetaceae; g__Treponema; s__sp._oral_taxon_237	0.9512140146536359
36a5bf1c1c45397b0ba1ed5435782233	k__Bacteria; p__GN02; c__BD1-5; o__; f__; g__; s__	0.9974523106754736
edb04fd5ee51c6c6d0c74988194cdb6a	k__Bacteria; p__Spirochaetes; c__Spirochaetia; o__Spirochaetales; f__Spirochaetaceae; g__Treponema; s__sp._oral_taxon_230	0.7626610914487051
c73405166b86e529e45b1e640faa4c69	k__Bacteria; p__Firmicutes; c__Clostridia; o__Clostridiales; f__Peptostreptococcaceae_[XI]; g__Peptostreptococcaceae_[XI][G-2]; s__sp._oral_taxon_091	0.9999937292610146
aa9a47a7d563c20e1b5fbbc355ca4889	k__Bacteria; p__Bacteroidetes; c__[Saprospirae]; o__[Saprospirales]; f__Chitinophagaceae; g__Sediminibacterium; s__	0.999912175849528
be16d9aaebdb786f2d2ec677c6a3dcb0	k__Bacteria; p__Fusobacteria; c__Fusobacteriia; o__Fusobacteriales; f__Leptotrichiaceae; g__Leptotrichia	0.999999999999984
4e3be77cc14478f617e70d0cc2599edb	k__Bacteria; p__Spirochaetes; c__Spirochaetia; o__Spirochaetales; f__Spirochaetaceae; g__Treponema; s__sp._oral_taxon_951	0.9325478947388638
f30b27ffc82e3c2afee38dd6b553856b	k__Bacteria; p__Firmicutes; c__Clostridia; o__Clostridiales; f__Peptostreptococcaceae_[XI]; g__Peptostreptococcaceae_[XI][G-7]	0.9999987558899603
91b3da49c36a5578471397af1ee720c6	k__Bacteria; p__Bacteroidetes; c__Bacteroidia; o__Bacteroidales; f__Prevotellaceae; g__Prevotella; s__oris	0.9999954635667346
d456e84e89ef7b632c830a255513dc98	k__Bacteria; p__Proteobacteria; c__Betaproteobacteria; o__Neisseriales; f__Neisseriaceae	0.9999929772617768
98f1cd91e2bedb21a1254c0a3630e0dd	k__Bacteria; p__Firmicutes	0.9999999999998833
123f58b61742e58f9ad159723bb98fe8	k__Bacteria; p__Firmicutes; c__Bacilli; o__Gemellales; f__Gemellaceae; g__; s__	0.9413424938844858
b169503a817311c5e28b7197d6b19efb	k__Bacteria; p__Proteobacteria; c__Gammaproteobacteria; o__Pasteurellales; f__Pasteurellaceae; g__Haemophilus	0.8198118128778622
f95d4761f5c331d028268fbf0357d018	k__Bacteria; p__Bacteroidetes; c__Bacteroidia; o__Bacteroidales; f__Prevotellaceae; g__Prevotella	0.9998292287490465
f194071b76a7284ad6d1e16f9e45e3b0	k__Bacteria; p__Bacteroidetes; c__Bacteroidia; o__Bacteroidales; f__Prevotellaceae; g__Prevotella; s__oris	0.9996065337338044
f1977e6860a8ebbab0cb5be5f223544b	k__Bacteria; p__Firmicutes; c__Bacilli; o__Lactobacillales; f__Streptococcaceae; g__Streptococcus	0.9999993602078142
2833022374ba6a603106faaed8ab99d7	k__Bacteria; p__Bacteroidetes; c__Bacteroidia; o__Bacteroidales; f__Prevotellaceae; g__Prevotella; s__baroniae	0.9999954546486538
55fc412273a6c80a7b01665a5e564d6c	k__Bacteria; p__Bacteroidetes; c__Flavobacteriia; o__Flavobacteriales; f__Flavobacteriaceae; g__Bergeyella; s__sp._oral_taxon_931	0.9956735605179693
33ed06e12b966386432b7ddd559a0e4c	k__Bacteria; p__Bacteroidetes; c__Bacteroidia; o__Bacteroidales; f__Prevotellaceae; g__Prevotella; s__sp._oral_taxon_526	0.9999999999920703
9548aa4e69f21897eca133bc15712391	k__Bacteria; p__Bacteroidetes; c__Bacteroidia; o__Bacteroidales; f__Prevotellaceae; g__Prevotella; s__sp._oral_taxon_472	0.8569516349430525
f0ee1c6a3d1f3fcb9fbecefc28492776	k__Bacteria; p__Bacteroidetes; c__Flavobacteriia; o__Flavobacteriales; f__Flavobacteriaceae; g__Capnocytophaga; s__sputigena	0.997706391657038
fa97e33a9335be164f51075e429a317a	k__Bacteria; p__Firmicutes; c__Clostridia; o__Clostridiales; f__Clostridiaceae; g__Clostridium; s__perfringens	0.9997476372452605
e7293375eab584aa9a4195e90438e342	k__Bacteria; p__Actinobacteria; c__Actinobacteria; o__Actinomycetales; f__Nocardioidaceae	0.9996725230788152
c8ba3e15115bcffdd4d0d3a14d0c32f1	k__Bacteria; p__Firmicutes; c__Clostridia; o__Clostridiales; f__Ruminococcaceae; g__Ruminococcus; s__flavefaciens	0.7686391099564287
d11a3190cc55abdbf64dbad0b2ff5a4b	k__Bacteria	0.9967216645012679
09c3852dcdd49c84a6c8eb5d1e42b959	k__Bacteria; p__Firmicutes; c__Clostridia; o__Clostridiales; f__Veillonellaceae; g__Selenomonas; s__noxia	0.7032036917056695
be66cf6807435f2a769e95defb27c0f7	k__Bacteria; p__Firmicutes; c__Bacilli; o__Lactobacillales; f__Streptococcaceae; g__Streptococcus	0.9999994897456221
83bdbc45e5d3ed6fefe2988a364b08d2	k__Bacteria; p__Proteobacteria; c__Gammaproteobacteria; o__Pasteurellales; f__Pasteurellaceae; g__Haemophilus	0.8712962416658508
d4546e0ca3bd0b8d4aff6e750ba4879e	k__Bacteria; p__Planctomycetes; c__Planctomycetia; o__Pirellulales; f__Pirellulaceae; g__; s__	0.9999999031646258
1084da24473f727f4f540e1203f75094	k__Bacteria; p__Spirochaetes; c__Spirochaetia; o__Spirochaetales; f__Spirochaetaceae; g__Treponema; s__lecithinolyticum	0.9985466485431291
b0da0d27c25d2040c6bc3224e5b5b15e	k__Bacteria; p__Spirochaetes; c__Spirochaetia; o__Spirochaetales; f__Spirochaetaceae; g__Treponema; s__socranskii	0.9080226600437603
be00493f7e8fe2ba1d0c6602ce80fef3	k__Bacteria; p__Bacteroidetes; c__Bacteroidia; o__Bacteroidales; f__Porphyromonadaceae; g__Tannerella	0.9999996868168246
12cce26bf9be3d9fbaea46ffc90ccae0	k__Bacteria; p__Fusobacteria; c__Fusobacteriia; o__Fusobacteriales; f__Leptotrichiaceae; g__Leptotrichia; s__sp._oral_taxon_215	0.8831288278230862
5f06fdb0faad95a8103298f795ec737f	k__Bacteria; p__Proteobacteria; c__Gammaproteobacteria; o__Pasteurellales; f__Pasteurellaceae	0.9999999990525182
d894bb5c780766e4973c9ec7362847ed	k__Bacteria; p__Firmicutes; c__Bacilli; o__Lactobacillales; f__Streptococcaceae; g__Streptococcus	0.9999999335166964
88a5a146c6a4eb221144ad7e73573bdf	k__Bacteria; p__Proteobacteria; c__Gammaproteobacteria; o__Alteromonadales; f__Alteromonadaceae; g__BD2-13; s__	0.9906271846702459
254096218909e458799348503276019b	k__Bacteria; p__Planctomycetes; c__Planctomycetia; o__Pirellulales; f__Pirellulaceae; g__; s__	0.9996756324706494
79d194a341dee91bda47569db14b86dd	k__Bacteria; p__Actinobacteria; c__Thermoleophilia; o__; f__; g__; s__	0.999999887550593
82bd0f3935503adba7444c1e978c88cf	k__Bacteria; p__Proteobacteria; c__Alphaproteobacteria; o__Rhodobacterales; f__Rhodobacteraceae; g__Octadecabacter	0.7084964078110388
a2a2db3fe83f9ce818a32470daf19a89	k__Bacteria	0.9997590875159833
6305e0a5e2756c638784a6b52667c608	k__Bacteria	0.9997274940810602
edbcc7c86939d3f790e9078aa1292ed2	k__Bacteria; p__Actinobacteria; c__Acidimicrobiia; o__Acidimicrobiales; f__ntu14; g__; s__	0.9853796326279957
c2101288969f80715e0b29f5f9dcdea6	k__Bacteria; p__TM6; c__SJA-4; o__; f__; g__; s__	0.9999957279030006
88d8758b45eb5aa72effb15f9ed1b6c7	k__Bacteria; p__Proteobacteria; c__Gammaproteobacteria; o__Pasteurellales; f__Pasteurellaceae; g__Haemophilus	0.8380993049849466
758ad20c15d6139f5285804188917c48	k__Bacteria; p__Actinobacteria; c__Actinobacteria; o__Actinomycetales; f__Actinomycetaceae; g__Actinomyces; s__massiliensis	0.9391276998604926
080938e2d73ed7cb139979690e419da0	k__Bacteria; p__Bacteroidetes; c__Bacteroidia; o__Bacteroidales; f__Prevotellaceae; g__Prevotella; s__sp._oral_taxon_475	0.9999992357494356
89efc1c71799517738062032ae9befee	k__Bacteria; p__Proteobacteria; c__Gammaproteobacteria; o__Cardiobacteriales; f__Cardiobacteriaceae; g__Cardiobacterium	0.9471606681060196
68698bb6ec8fffcdafa985a9d7219974	k__Bacteria; p__Proteobacteria; c__Deltaproteobacteria; o__Desulfovibrionales; f__Desulfovibrionaceae; g__; s__	0.9997318551308676
d29765d0725cc5e7676371d4f28be90b	k__Bacteria; p__Proteobacteria; c__Alphaproteobacteria; o__Rhodobacterales; f__Rhodobacteraceae; g__Rhodobacter; s__	0.9895204393539186
c436690ab693561d90bd79db5b7ddf9e	k__Bacteria; p__Proteobacteria; c__Alphaproteobacteria; o__Rickettsiales; f__mitochondria; g__; s__	0.9999457409190061
4f4779a8b9469281ce41477840fbe83c	k__Bacteria; p__Proteobacteria; c__Betaproteobacteria; o__Burkholderiales; f__Comamonadaceae	0.9980159910746103
7e63229e832d19af4a06fa32e4ddd858	k__Bacteria; p__Fusobacteria; c__Fusobacteriia; o__Fusobacteriales; f__Fusobacteriaceae; g__Fusobacterium	0.9986042937557055
650fccb81bf07f1d73e641938e8d9ae3	k__Bacteria; p__Tenericutes; c__Mollicutes; o__Mycoplasmatales; f__Mycoplasmataceae; g__Mycoplasma; s__spermatophilum	0.9999979821596591
22344ad68e55ed2defc8804d44f03dbb	k__Bacteria; p__Firmicutes; c__Clostridia; o__Clostridiales; f__Lachnospiraceae_[XIV]; g__Lachnospiraceae_[G-3]; s__sp._oral_taxon_100	0.9999998407185287
5f474fa24ed6abb7688c9dd159697514	k__Bacteria; p__Fusobacteria; c__Fusobacteriia; o__Fusobacteriales; f__Leptotrichiaceae; g__Leptotrichia	0.9999999999999212
e589bb1166164f898ddbc7f68c904c43	k__Bacteria; p__Tenericutes; c__Mollicutes; o__Mycoplasmatales; f__Mycoplasmataceae; g__Mycoplasma	0.7659720171854398
7814b2965142268ba81980881f6985c5	k__Bacteria; p__Bacteroidetes; c__Bacteroidia; o__Bacteroidales; f__Prevotellaceae; g__Prevotella	0.9999999998035748
d3bd22f6636953df3abfa824636cafc6	k__Bacteria; p__Proteobacteria; c__Gammaproteobacteria; o__Pasteurellales; f__Pasteurellaceae; g__Haemophilus	0.8831781734690324
0c80a438d12912156ef567bdb921786c	k__Bacteria; p__Firmicutes; c__Bacilli; o__Bacillales	0.8581202009790159
53b752db9a867f59ede7995bf7ac88db	k__Bacteria; p__Firmicutes; c__Clostridia; o__Clostridiales; f__Peptostreptococcaceae; g__Filifactor; s__	0.9808751253952502
2a0f918874c81fb70e3ae93bf3d1a836	k__Bacteria; p__Firmicutes; c__Negativicutes; o__Selenomonadales; f__Veillonellaceae; g__Selenomonas; s__flueggei	0.8304912109646043
d9d4ef9de76cc52722d04343fbc3ed1d	k__Bacteria; p__Bacteroidetes; c__Flavobacteriia; o__Flavobacteriales; f__Flavobacteriaceae; g__Capnocytophaga; s__sputigena	0.9789307328216791
f484acd1dbfe8e063aa8f30c05f46396	k__Bacteria; p__Proteobacteria; c__Alphaproteobacteria; o__; f__; g__; s__	0.7808164817107944
407222a0c73fc11428653ac6af0a631e	k__Bacteria; p__Bacteroidetes; c__Flavobacteriia; o__Flavobacteriales; f__Flavobacteriaceae; g__Capnocytophaga; s__leadbetteri	0.9250558298353119
dfb035642730fab9585050cd2f735135	k__Bacteria; p__Firmicutes; c__Clostridia; o__Clostridiales; f__Lachnospiraceae_[XIV]; g__Butyrivibrio; s__sp._oral_taxon_455	0.9981628674855209
9a9d26070aa858354bc10d18602717e4	k__Bacteria; p__Fusobacteria; c__Fusobacteriia; o__Fusobacteriales; f__Fusobacteriaceae; g__Fusobacterium; s__nucleatum_subsp._vincentii	0.9323814187525281
fced1331c1a2c83003c093ea19794426	k__Bacteria; p__Spirochaetes; c__Spirochaetia; o__Spirochaetales; f__Spirochaetaceae; g__Treponema; s__denticola	0.9165588484302638
79f60d4350e6362108a851e720a9cdcc	k__Bacteria; p__Firmicutes; c__Clostridia; o__Clostridiales; f__Peptostreptococcaceae_[XI]; g__Peptostreptococcaceae_[XI][G-6]; s__[Eubacterium]_nodatum	0.9333945290935451
096c559478836ec79006d03e569a9e3d	k__Bacteria; p__Firmicutes; c__Clostridia; o__Clostridiales; f__Ruminococcaceae; g__Ruminococcaceae_[G-2]; s__sp._oral_taxon_085	0.9999999975016465
8d208e2a5e7fa3bc9478d473406b9809	k__Bacteria; p__Spirochaetes; c__Spirochaetia; o__Spirochaetales; f__Spirochaetaceae; g__Treponema; s__sp._oral_taxon_490	0.9997405917678677
c23073b127dffb08114dcd1d620df459	k__Bacteria; p__Proteobacteria; c__Betaproteobacteria; o__Neisseriales; f__Neisseriaceae; g__Kingella; s__	0.9262991807872993
d13b20dc625d6e0c9d3925ffaf709cda	k__Bacteria; p__Bacteroidetes; c__Bacteroidia; o__Bacteroidales; f__Bacteroidaceae; g__Bacteroides; s__	0.9982325404243789
af1f48887979eeb7d0142132a52c214b	k__Bacteria; p__Firmicutes; c__Clostridia; o__Clostridiales; f__Christensenellaceae; g__; s__	0.9999923554884181
48a37ee79375cfabfabe6cbb246b671b	k__Bacteria; p__Proteobacteria; c__Gammaproteobacteria; o__Pasteurellales; f__Pasteurellaceae; g__Aggregatibacter; s__actinomycetemcomitans	0.7814625435658646
98238d7173b781642d47867fd37be53a	k__Bacteria; p__Actinobacteria; c__Coriobacteriia; o__Coriobacteriales; f__Coriobacteriaceae; g__Atopobium	0.718304104155232
4536210314bcab4531b631cbca75d3ad	k__Bacteria; p__Firmicutes; c__Bacilli; o__Gemellales; f__Gemellaceae; g__; s__	0.9761342757321659
7149ecfc7c3337cdebf229c0f0029095	k__Bacteria; p__Spirochaetes; c__Spirochaetia; o__Spirochaetales; f__Spirochaetaceae; g__Treponema; s__sp._oral_taxon_258	0.9995458059531782
552e58ccb0fad14ff1be11fb434c636b	k__Bacteria; p__Actinobacteria; c__Actinobacteria; o__Bifidobacteriales; f__Bifidobacteriaceae; g__Bifidobacterium; s__dentium	0.700143484290956
b99759e61d698c7d2d6a4548e7cb3e48	k__Bacteria; p__Firmicutes; c__Bacilli; o__Lactobacillales; f__Streptococcaceae; g__Streptococcus	0.9999825745899693
d30205166e7b993deca166f80f173cf6	k__Bacteria; p__Bacteroidetes; c__Bacteroidia; o__Bacteroidales; f__Porphyromonadaceae; g__Tannerella; s__	0.7727442283373638
b43a8ed19217f905ebdfdd195ad66433	k__Bacteria; p__Proteobacteria; c__Betaproteobacteria; o__Neisseriales; f__Neisseriaceae; g__Kingella; s__	0.99922830520638
ddd20889a7b86d6449d587e1bbed7646	k__Bacteria; p__Proteobacteria; c__Epsilonproteobacteria; o__Campylobacterales; f__Campylobacteraceae; g__Campylobacter	0.9999999999982496
2ee5892665b929afb77199fe87823e45	k__Bacteria; p__Firmicutes; c__Clostridia; o__Clostridiales; f__Lachnospiraceae_[XIV]; g__Johnsonella; s__sp._oral_taxon_166	0.9999977292716611
d914b3bd6a93a078fab42d8a4d3e1b2d	k__Bacteria; p__Firmicutes; c__Erysipelotrichia; o__Erysipelotrichales; f__Erysipelotrichaceae; g__Erysipelotrichaceae_[G-1]; s__sp._oral_taxon_905	0.7673974995858063
e3725a30f9a2b9be0caff26a95acf48c	k__Bacteria; p__Fusobacteria; c__Fusobacteriia; o__Fusobacteriales; f__Leptotrichiaceae; g__Leptotrichia; s__	0.9586511405012923
ddbeb4b31f7593289f39abf1be1f6e44	k__Bacteria; p__Firmicutes; c__Bacilli; o__Bacillales; f__Staphylococcaceae; g__Staphylococcus	0.9996084687839453
98ef067e3016b77979993809bf293200	k__Bacteria; p__Bacteroidetes; c__Bacteroidia; o__Bacteroidales; f__Prevotellaceae; g__Prevotella; s__oris	0.9999854151430501
46fbce4a28033b722614d4166816822b	k__Bacteria; p__Spirochaetes; c__Spirochaetia; o__Spirochaetales; f__Spirochaetaceae; g__Treponema; s__sp._oral_taxon_237	0.8969103642541965
d828fb0596807a4df05acffee3c72fb0	k__Bacteria; p__Firmicutes; c__Bacilli	0.9999982715269802
332297c1111a37326ce5f5abf4e56cf4	k__Bacteria; p__Saccharibacteria_(TM7); c__TM7_[C-1]; o__TM7_[O-1]; f__TM7_[F-1]; g__TM7_[G-1]; s__sp._oral_taxon_347	0.91936090836386
cf1a77e292c9620e663797b96885bfba	k__Bacteria; p__Bacteroidetes; c__Flavobacteriia; o__Flavobacteriales; f__Flavobacteriaceae; g__Flavobacterium; s__	0.9997534553097361
fe3d75baa11c80a28b884189d22d0be9	k__Bacteria; p__Bacteroidetes; c__Bacteroidia; o__Bacteroidales; f__Prevotellaceae; g__Prevotella	0.9999999950111372
6e55d556f3ca0c2e3ace027415722f45	k__Bacteria; p__Firmicutes; c__Clostridia; o__Clostridiales; f__Ruminococcaceae; g__Ruminococcaceae_[G-1]; s__sp._oral_taxon_075	0.9999999997067732
66198981478d7474d0ae10ccba58b274	k__Bacteria; p__Fusobacteria; c__Fusobacteriia; o__Fusobacteriales; f__Leptotrichiaceae; g__Leptotrichia	0.9999999999956098
6f96fa0b84777bc930608c0e6ead486f	k__Bacteria; p__Proteobacteria; c__Gammaproteobacteria; o__Pasteurellales; f__Pasteurellaceae; g__Haemophilus	0.8542653336508077
dca05c26a0c0bc0db2d197f4708950be	k__Bacteria; p__Firmicutes; c__Clostridia; o__Clostridiales; f__[Mogibacteriaceae]; g__; s__	0.9990016145336598
b8e7e98b1a8b26e9b5401c878ad6c020	k__Bacteria; p__Firmicutes; c__Clostridia; o__Clostridiales	0.9999999999994098
97da7a120f7be7525470bf16cfd14883	k__Bacteria; p__Spirochaetes; c__Spirochaetia; o__Spirochaetales; f__Spirochaetaceae; g__Treponema; s__sp._oral_taxon_232	0.9995729319515314
a27fba5462af3729a4253732af3420ff	k__Bacteria; p__Firmicutes; c__Bacilli; o__Lactobacillales; f__Streptococcaceae; g__Streptococcus	0.9999980123046303
270a82b113134096d317e6aed05ac3a5	k__Bacteria; p__Proteobacteria; c__Epsilonproteobacteria; o__Campylobacterales; f__Campylobacteraceae; g__Campylobacter	0.999999999999994
a4a1508e8fb2748f6528c945921c440f	k__Bacteria; p__Firmicutes; c__Bacilli; o__Gemellales; f__Gemellaceae; g__; s__	0.9790850840249223
1349541575201ea5e3a39fc2a9d63116	k__Bacteria; p__Firmicutes; c__Clostridia; o__Clostridiales; f__Clostridiaceae; g__SMB53; s__	0.9933898592184048
a2016cac57e67635e71b9002d9d35dcc	k__Bacteria; p__Bacteroidetes; c__Bacteroidia; o__Bacteroidales; f__Prevotellaceae; g__Prevotella; s__sp._oral_taxon_300	0.8773351345086908
0261122afc641da17036cdb0b32ee95f	k__Bacteria; p__Firmicutes; c__Bacilli; o__Lactobacillales; f__Streptococcaceae; g__Streptococcus; s__constellatus	0.9387654512466594
752e25384a79694c7e64b25dddd9d400	k__Bacteria; p__Proteobacteria; c__Alphaproteobacteria; o__Rickettsiales; f__mitochondria; g__Pythium; s__ultimum	0.9999257224834971
af714bbd057a781c55a53fab995bec9f	k__Bacteria	0.9300529498582015
ce74377a28ec43266a94cf1f27e8da07	k__Bacteria; p__Firmicutes; c__Clostridia; o__Clostridiales; f__Ruminococcaceae; g__Ruminococcus; s__flavefaciens	0.9999560749495809
17d1a4414e70690aea128598bed60a66	k__Bacteria; p__Firmicutes; c__Bacilli; o__Lactobacillales; f__Lactobacillaceae; g__Lactobacillus; s__reuteri	0.8050584133358242
bb156106927f8997ea2f200f87d1a624	k__Bacteria; p__Proteobacteria; c__Betaproteobacteria; o__Methylophilales; f__Methylophilaceae; g__Methylotenera; s__mobilis	0.9968792894835669
7a49ffe86ad4b1dc4003d875ffed1dfb	k__Bacteria; p__Spirochaetes; c__Spirochaetes; o__[Borreliales]; f__[Borreliaceae]; g__Spironema; s__	0.999999997423842
08d973f3e45ebfda31a270d7ca5355c7	k__Bacteria; p__Proteobacteria; c__Gammaproteobacteria; o__Aeromonadales; f__Aeromonadaceae; g__; s__	0.7558625568423155
b7331a1620f05b02eec95152a72c9ed7	k__Bacteria; p__Firmicutes; c__Negativicutes; o__Selenomonadales; f__Veillonellaceae; g__Mitsuokella; s__sp._oral_taxon_131	0.9999950258124038
0da6746cf17d549524e4e27a2e0b0892	k__Bacteria; p__Proteobacteria; c__Gammaproteobacteria; o__Chromatiales; f__Chromatiaceae; g__; s__	0.998662816780228
ade976e5001c18efe9d12abc1bcfd9df	k__Bacteria; p__Bacteroidetes; c__Bacteroidia; o__Bacteroidales; f__Prevotellaceae; g__Prevotella; s__salivae	0.9999813148502489
a865afe15178fecf1a574498a7d0c1bb	k__Bacteria; p__Bacteroidetes; c__Bacteroidia; o__Bacteroidales; f__Prevotellaceae; g__Prevotella; s__sp._oral_taxon_526	0.9999999999922551
59397985d419faadd82b2cdbb5fb7efb	k__Bacteria; p__Proteobacteria; c__Gammaproteobacteria; o__Pasteurellales; f__Pasteurellaceae; g__Haemophilus	0.7598575729688629
0dad5f256d3b04004ea071813d9a9465	k__Bacteria; p__Firmicutes; c__Negativicutes; o__Selenomonadales; f__Veillonellaceae; g__Veillonella; s__sp._oral_taxon_780	0.9217164705537069
9f2a67aefe316c2648115c2eb50dafa7	k__Bacteria; p__Firmicutes; c__Clostridia; o__Clostridiales; f__[Tissierellaceae]; g__Anaerococcus; s__	0.9994827827130885
41cd2d54209324982fd5d2e5405c1dd7	k__Bacteria; p__Firmicutes; c__Bacilli; o__Lactobacillales; f__Streptococcaceae; g__Streptococcus	0.9602230209270265
3b138b2e97ff6b4d28e08c8582d547e7	k__Bacteria; p__Bacteroidetes; c__Bacteroidia; o__Bacteroidales; f__Prevotellaceae; g__Prevotella; s__oris	0.9999969838592062
cd8141c000e1ba3284bb4df2cce05792	k__Bacteria; p__Actinobacteria; c__Acidimicrobiia; o__Acidimicrobiales; f__; g__; s__	0.9998801136065013
41ea9107f69a69734889f9a1b0597a0d	k__Bacteria; p__Cyanobacteria; c__Oscillatoriophycideae; o__Chroococcales; f__; g__; s__	0.9961420540163773
bf10b90c569fe3bdc8275a6bf371d049	k__Bacteria; p__Actinobacteria; c__Actinobacteria; o__Actinomycetales; f__Micromonosporaceae; g__Actinoplanes; s__	0.9993053052810196
8b9715a5a4e3a45e3a23347b34b6e287	k__Bacteria; p__Actinobacteria; c__Acidimicrobiia; o__Acidimicrobiales; f__Microthrixaceae; g__; s__	0.999999897088875
f782201ea54ce31abbd55f4a7d693a76	k__Bacteria; p__Firmicutes; c__Clostridia; o__Clostridiales	0.9710502788054957
0e2546a95e0d005679c485c3dcef68bf	k__Bacteria; p__Proteobacteria	0.8092433660377762
e2ce63a57aa989c65c583a7cad155fb9	k__Bacteria; p__Bacteroidetes; c__Bacteroidia; o__Bacteroidales; f__Prevotellaceae; g__Prevotella; s__sp._oral_taxon_300	0.8400963685105154
2237825fa24db281fd3d6943db8afae7	k__Bacteria; p__Proteobacteria; c__Betaproteobacteria; o__Burkholderiales; f__Comamonadaceae; g__Aquabacterium; s__	0.9275056797440615
b4690302454bb3af5b4823a4a76fe0a5	k__Bacteria; p__Bacteroidetes; c__Bacteroidia; o__Bacteroidales; f__Prevotellaceae; g__Prevotella; s__saccharolytica	0.999999569234824
07b57edeb66ff62e248791d9860b81e4	k__Bacteria; p__Verrucomicrobia; c__Opitutae; o__Opitutales; f__Opitutaceae; g__; s__	0.9906520809385203
fd3df0419d3458a4ca0ddd7680c25e5b	k__Bacteria; p__Bacteroidetes; c__Bacteroidia; o__Bacteroidales; f__Prevotellaceae; g__Prevotella; s__baroniae	0.9999990009180965
a51bdf96648cb703f2df6b01013c80f1	k__Bacteria; p__Firmicutes; c__Clostridia; o__Clostridiales; f__Lachnospiraceae_[XIV]; g__Lachnoanaerobaculum; s__saburreum	0.810497827588385
c1ab387180d56a1dd7e0789089e7a5fb	k__Bacteria; p__Proteobacteria; c__Gammaproteobacteria; o__Chromatiales; f__Chromatiaceae; g__; s__	0.9940102591458927
390c9446526e91c7b5b71ece0c0d7fe1	k__Bacteria; p__Proteobacteria; c__Gammaproteobacteria; o__Chromatiales; f__Chromatiaceae	0.9999979771082135
611956d0e646ca5f7258e6820e248dcb	k__Bacteria; p__Proteobacteria; c__Gammaproteobacteria; o__Chromatiales; f__Chromatiaceae; g__Allochromatium; s__vinosum	0.990539688413574
638fdf8b082f2e65ccb9e7e7199ea70c	k__Bacteria; p__Actinobacteria; c__Actinobacteria; o__Actinomycetales; f__Nocardioidaceae	0.9999999794124342
97b6f8c2a3406a0087893474e17ce338	k__Bacteria; p__Firmicutes; c__Clostridia; o__Clostridiales; f__Ruminococcaceae; g__Ruminococcaceae_[G-1]; s__sp._oral_taxon_075	0.9999999993260502
0523889539a4d88224e18e323c7a205c	k__Bacteria; p__Spirochaetes; c__Spirochaetia; o__Spirochaetales; f__Spirochaetaceae; g__Treponema; s__sp._oral_taxon_951	0.9327724896778835
bce7e6f9845c88faa0509528bf3c5410	k__Bacteria; p__Firmicutes; c__Bacilli; o__Lactobacillales; f__Streptococcaceae; g__Streptococcus	0.9999933036413728
aa603a6589ee330f012e4b183b897ab2	k__Bacteria; p__Bacteroidetes; c__Bacteroidia; o__Bacteroidales; f__Prevotellaceae; g__Prevotella; s__maculosa	0.9999539869027078
a7d3e0380b715d6596c9f7a35b184cf8	k__Bacteria; p__Firmicutes; c__Clostridia; o__Clostridiales; f__Peptostreptococcaceae_[XI]; g__Peptostreptococcaceae_[XI][G-7]; s__[Eubacterium]_yurii_subsps._yurii_&_margaretiae	0.913136144868922
7ad31eb573c1bdd5a0cf9f10df6dee29	k__Bacteria; p__Bacteroidetes; c__Bacteroidia; o__Bacteroidales	1.0000000000000009
c9c7e021f8369979451fafdc8b4e7fe1	k__Bacteria; p__Firmicutes; c__Bacilli; o__Lactobacillales; f__Streptococcaceae; g__Streptococcus	0.9941541518975319
8d64e3314cfd2f5031eb5c8f61cc37ae	k__Bacteria; p__Actinobacteria; c__Actinobacteria; o__Actinomycetales; f__Micrococcaceae; g__Rothia; s__	0.7780917424056337
4b54019f46b9e53a0918ae76625912f5	k__Bacteria; p__Bacteroidetes; c__Bacteroidia; o__Bacteroidales; f__Prevotellaceae; g__Prevotella	0.9999993425278325
e12db3920310fd93feab3b86f07b07ee	k__Bacteria; p__Firmicutes	0.9999999999999428
5e5da700caefe7119f0d1d98d9fd6562	k__Bacteria; p__Firmicutes; c__Clostridia; o__Clostridiales; f__Lachnospiraceae; g__; s__	0.8806754344028821
7c4366b6e6860149a5f15d473a1db493	k__Bacteria; p__Firmicutes; c__Bacilli; o__Lactobacillales; f__Streptococcaceae; g__Streptococcus	0.999997068633603
12ab53300c66abe8363d4436235a508c	k__Bacteria; p__Firmicutes	0.999999997954521
77517f484d4c130193c23af02c25685e	k__Bacteria; p__Fusobacteria; c__Fusobacteriia; o__Fusobacteriales; f__Fusobacteriaceae; g__Fusobacterium	0.9993108447110091
ec32bc92009896420d297baa2edf8f3e	k__Bacteria; p__Firmicutes; c__Negativicutes; o__Selenomonadales; f__Veillonellaceae; g__Veillonella; s__rogosae	0.9263924876744807
b0dc53d8146551dfc0562852a0d86aa4	k__Bacteria; p__Gracilibacteria_(GN02); c__GN02_[C-1]; o__GN02_[O-1]; f__GN02_[F-1]; g__GN02_[G-1]; s__sp._oral_taxon_872	0.9998167460064291
f2a38e52fa6a61d3134c296325857a21	k__Bacteria; p__Firmicutes; c__Bacilli; o__Lactobacillales; f__Lactobacillaceae; g__Lactobacillus; s__equicursoris	0.7022098728451615
710a672006a81718a2930d378839cd2d	k__Bacteria; p__Spirochaetes	0.9999999999999994
dc56bdd7eb83978e64355875b8671e87	k__Bacteria; p__Firmicutes; c__Negativicutes; o__Selenomonadales; f__Veillonellaceae; g__Veillonella	0.9594243720819257
a90177a02a10457c2160401344e168e0	k__Bacteria; p__Bacteroidetes; c__Bacteroidia; o__Bacteroidales; f__Prevotellaceae; g__Alloprevotella; s__rava	0.9999947889137879
1a20c43552234fe91cfdb130deba299f	k__Bacteria; p__Firmicutes; c__Negativicutes; o__Selenomonadales; f__Veillonellaceae; g__Veillonellaceae_[G-1]	0.7063704550643574
aca5f2cc6b28f3a81f6755eda8e36b9b	k__Bacteria; p__Firmicutes; c__Clostridia; o__Clostridiales; f__Peptostreptococcaceae_[XI]; g__Peptostreptococcaceae_[XI][G-7]; s__sp._oral_taxon_081	0.9859062388476642
38205061952954f6679b22d4e5b51689	k__Bacteria; p__Fusobacteria	1.0000000000000027
3421b3a3867b2bc262c328fbf653748f	k__Bacteria; p__Firmicutes; c__Negativicutes; o__Selenomonadales; f__Veillonellaceae; g__Selenomonas; s__sputigena	0.9340695595991971
c7949e4015ce42bfab6710b3e635907f	k__Bacteria; p__Bacteroidetes; c__Bacteroidia; o__Bacteroidales; f__Porphyromonadaceae; g__Porphyromonas; s__endodontalis	0.9165866161739689
3981a818e4b08ea2a156b14034cacffe	k__Bacteria; p__Bacteroidetes; c__Bacteroidia; o__Bacteroidales; f__Prevotellaceae; g__Prevotella; s__sp._oral_taxon_300	0.8431570111375113
dbb559e53ce51970a59a9e1f02017023	k__Bacteria; p__Firmicutes; c__Clostridia; o__Clostridiales; f__Lachnospiraceae_[XIV]; g__Lachnospiraceae_[G-3]; s__sp._oral_taxon_100	0.9999999051596734
af06e59d8c18937d2c5f067caca4214c	k__Bacteria; p__Bacteroidetes; c__Bacteroidia; o__Bacteroidales; f__Prevotellaceae; g__Prevotella; s__sp._oral_taxon_396	0.9894716192737619
7129ee1d050961290c4bba74b6a8f88f	k__Bacteria; p__Proteobacteria; c__Gammaproteobacteria; o__Pasteurellales; f__Pasteurellaceae; g__Haemophilus	0.8234160128587182
53c66370f2e431a2a696c2ffb06e9e40	k__Bacteria; p__Bacteroidetes; c__Sphingobacteriia; o__Sphingobacteriales; f__; g__; s__	0.9970973012781144
35265976e26eed4766908480d84c378b	k__Bacteria; p__Firmicutes; c__Clostridia; o__Clostridiales; f__Veillonellaceae; g__Selenomonas; s__noxia	0.702929967214017
bb2fc31c5f7909292194d12b91494979	k__Bacteria; p__Firmicutes; c__Clostridia; o__Clostridiales; f__Lachnospiraceae_[XIV]; g__Lachnospiraceae_[G-2]; s__sp._oral_taxon_096	0.9995922398065907
2d4f1c6c5c4853cefcb0afbed9e1dbfd	k__Bacteria; p__Bacteroidetes; c__Flavobacteriia; o__Flavobacteriales; f__Flavobacteriaceae; g__Capnocytophaga; s__leadbetteri	0.7087759248155061
c2bca0ae93dc2ede1033dae004c5c5fb	k__Bacteria; p__Firmicutes; c__Bacilli	0.9999738470409274
24aef9b5056a88158a0510ede77acbe0	k__Bacteria; p__Bacteroidetes; c__Bacteroidia; o__Bacteroidales; f__Prevotellaceae; g__Prevotella; s__denticola	0.9961766145489306
142f91c562d40ccb47b1fae619da8f8f	k__Bacteria; p__Proteobacteria; c__Gammaproteobacteria; o__Cardiobacteriales; f__Cardiobacteriaceae; g__Cardiobacterium	0.9996078194150593
891a50d15bde3e8df558a3263a0eb014	k__Bacteria; p__Bacteroidetes; c__Bacteroidia; o__Bacteroidales; f__Bacteroidales_[F-2]; g__Bacteroidales_[G-2]; s__sp._oral_taxon_274	0.9999982083728431
5462d80a0739e117c0dd582bbe7f88fe	k__Bacteria; p__Chloroflexi; c__Anaerolineae; o__GCA004; f__; g__; s__	0.9999913441434695
378af2c4ae731b94aa744fbc4c6d17c1	k__Bacteria; p__Acidobacteria; c__Acidobacteria-6; o__iii1-15; f__; g__; s__	0.996668692924587
882db9b13b59975ca17468053c852d15	k__Bacteria; p__Proteobacteria; c__Betaproteobacteria; o__MWH-UniP1; f__; g__; s__	0.9996794336577149
1c106e1248aead0f3c54ce1e36aee817	k__Bacteria; p__Firmicutes; c__Bacilli; o__Lactobacillales; f__Streptococcaceae; g__Lactococcus	0.9999999391094319
10fc78cc2f54b7c54d89106fe080742c	k__Bacteria; p__Firmicutes; c__Clostridia; o__Clostridiales; f__Ruminococcaceae; g__; s__	0.8574827720104122
ac9d76db30d563f86b3017333a084fdd	k__Bacteria; p__Planctomycetes; c__C6; o__d113; f__; g__; s__	0.9999999717650785
1e9785e4f87093d866e863ae92045ecd	k__Bacteria; p__Actinobacteria; c__Acidimicrobiia; o__Acidimicrobiales; f__C111; g__; s__	0.9999995411755322
78fa5a12df9f767d25cd151619d69787	k__Bacteria	0.9600217798158628
d7e27f5a5410c8ea47d184620157ae44	k__Bacteria	1.0000000000000013
5e3d6ed2ad49d2523ce57a90ffc6772a	k__Bacteria; p__Firmicutes; c__Bacilli; o__Gemellales; f__Gemellaceae; g__; s__	0.9612708891613114
10ecfd59325ad2c3a2e7f8340ab44c69	k__Bacteria; p__Firmicutes; c__Clostridia; o__Clostridiales; f__Peptostreptococcaceae_[XI]; g__Peptostreptococcaceae_[XI][G-7]; s__sp._oral_taxon_081	0.9870495530779594
41018f4917b028cd97d7df824dceb62b	k__Bacteria; p__Firmicutes; c__Clostridia; o__Clostridiales; f__Lachnospiraceae; g__Clostridium	0.9722743721435848
7efb7990ee022f75dd563cfab89bf5e9	k__Bacteria; p__Actinobacteria; c__Actinobacteria; o__Actinomycetales; f__Microbacteriaceae; g__Agromyces; s__	0.7108339782269111
860005f53d459a3307ff2c4617383819	k__Bacteria; p__Firmicutes; c__Clostridia; o__Clostridiales; f__Peptostreptococcaceae_[XI]; g__Peptostreptococcaceae_[XI][G-7]	0.9999995351723603
e35af81721fc6d765f6c097c5b52d770	k__Bacteria; p__Bacteroidetes; c__Flavobacteriia; o__Flavobacteriales; f__Flavobacteriaceae; g__Bergeyella; s__sp._oral_taxon_322	0.9768968593653573
71c82ea4902168cbae268fbc29e6fcbb	k__Bacteria; p__Bacteroidetes; c__Bacteroidia; o__Bacteroidales; f__Porphyromonadaceae; g__Paludibacter; s__	0.9999956127482822
5ee66933ff26df27bf0644844ec67aa9	k__Bacteria; p__Firmicutes; c__Clostridia; o__Clostridiales; f__Lachnospiraceae_[XIV]; g__Johnsonella; s__sp._oral_taxon_166	0.9999777562258313
d5a0dd13d340f3b914623efec60a8be8	k__Bacteria; p__Firmicutes; c__Bacilli; o__Gemellales; f__Gemellaceae; g__; s__	0.99485283940064
f10a6fb34e35a3496062b03f879c2ba0	k__Bacteria; p__Acidobacteria; c__Sva0725; o__Sva0725; f__; g__; s__	0.9999995575480496
c5046df49e665c20f435f58871d3f60d	k__Bacteria; p__Proteobacteria; c__Alphaproteobacteria; o__Rickettsiales; f__mitochondria; g__; s__	0.9672482609386543
dd756676b2b31aa8f8d786026b8873d9	k__Bacteria; p__Actinobacteria; c__Actinobacteria; o__Actinomycetales; f__; g__; s__	0.9998168384312025
8f45a033b4a01e9e1c43799912a77b0c	k__Bacteria; p__Cyanobacteria; c__Chloroplast; o__Chlorophyta; f__; g__; s__	0.9943071641277633
8e9075cd17967502192096e4d006e195	k__Bacteria; p__Planctomycetes; c__Planctomycetia; o__Pirellulales; f__Pirellulaceae; g__; s__	0.9999980794949263
d4a88af478f8e2e591f8c75fd1e0b2b3	k__Bacteria; p__Proteobacteria; c__Deltaproteobacteria; o__Syntrophobacterales; f__Syntrophaceae; g__Desulfobacca; s__	0.9999501469970568
28b8b34d9448f5db6c3b166be1d5ba8c	k__Bacteria; p__Firmicutes; c__Bacilli; o__Lactobacillales; f__Streptococcaceae; g__Streptococcus	0.9997557692407257
09215df1815ed651515809b079dc9984	k__Bacteria; p__Firmicutes; c__Bacilli; o__Lactobacillales; f__Streptococcaceae; g__Streptococcus	0.9999322988776824
0965004487ce3db7967a769bd4b56546	k__Bacteria; p__Fusobacteria; c__Fusobacteriia; o__Fusobacteriales; f__Fusobacteriaceae; g__Fusobacterium	0.998038777093544
68506aa8335364115c2261ac99690bd0	k__Bacteria; p__Proteobacteria; c__Betaproteobacteria; o__Burkholderiales; f__Comamonadaceae	0.9998896166066094
74f052503320bbde7ae1a0cebc8e6a80	k__Bacteria; p__Firmicutes; c__Bacilli; o__Lactobacillales; f__Streptococcaceae; g__Streptococcus	0.9999946667906549
afb74d6a61a1074367eba633b3ae042f	k__Bacteria; p__Firmicutes; c__Bacilli; o__Lactobacillales; f__Streptococcaceae; g__Streptococcus	0.999999403892802
9fcd7a094360edca75f9bc6dea92b99c	k__Bacteria	0.9999999999955961
b11f4f7b2f170cb828d0e9f1eea3519e	k__Bacteria; p__Cyanobacteria; c__Chloroplast; o__; f__; g__; s__	0.9443830978506126
db8f7f6e9efdf2d076afe719a4f2b438	k__Bacteria; p__Actinobacteria; c__Actinobacteria; o__Actinomycetales; f__Microbacteriaceae; g__Leucobacter; s__	0.9306141319917697
bf062211e8627d7c96065bba612ffa41	k__Bacteria; p__Firmicutes; c__Negativicutes; o__Selenomonadales; f__Veillonellaceae; g__Veillonella	0.8704846458082015
095f3f84050d32ecb5bc825259da0183	k__Bacteria; p__Bacteroidetes; c__Flavobacteriia; o__Flavobacteriales; f__Flavobacteriaceae; g__Bergeyella; s__sp._oral_taxon_322	0.9753135491244809
efa0dc98f82554f362553ee937923f2e	k__Bacteria; p__Bacteroidetes; c__Flavobacteriia; o__Flavobacteriales; f__Flavobacteriaceae; g__Capnocytophaga	0.9999999988915899
8fd284fa4be3857346ee858648e03645	k__Bacteria; p__SR1; c__SR1_[C-1]; o__SR1_[O-1]; f__SR1_[F-1]; g__SR1_[G-1]; s__sp._oral_taxon_875	0.9699439423889753
2bd9679a0cb9b503eaee1a47d33a3e91	k__Bacteria; p__Bacteroidetes; c__Flavobacteriia; o__Flavobacteriales; f__Flavobacteriaceae; g__Capnocytophaga; s__haemolytica	0.9975610759449991
f60fc2917e6aec46665dacc214114509	k__Bacteria; p__Firmicutes	0.9999999999990518
c85cc2ffab306a152adb6f97de00d0c7	k__Bacteria; p__Firmicutes	0.9999999999998551
d574fcbb070168422b7ddc11ef82d00f	k__Bacteria; p__Fusobacteria; c__Fusobacteriia; o__Fusobacteriales; f__Leptotrichiaceae	0.9970238761535284
fbf59bb8c0df7a011c17682ff706fd3f	k__Bacteria; p__Firmicutes; c__Bacilli; o__Gemellales; f__Gemellaceae; g__; s__	0.9651518905862466
2f2faafd23531cea70f97ef8be97c6b7	k__Bacteria; p__Firmicutes; c__Clostridia; o__Clostridiales; f__Lachnospiraceae_[XIV]; g__Lachnoanaerobaculum; s__orale	0.8868853617478757
48624667c958725d52055dbe843eea2c	k__Bacteria; p__Firmicutes; c__Bacilli; o__Lactobacillales; f__Lactobacillaceae; g__Lactobacillus; s__equicursoris	0.7018335730130963
ca9b676edf614db1b6cd77c11c097af1	k__Bacteria; p__Firmicutes; c__Clostridia; o__Clostridiales	0.9999999998997648
8dedf69d0c9d57fe18799e031a19e542	k__Bacteria; p__Bacteroidetes; c__Bacteroidia; o__Bacteroidales; f__Prevotellaceae; g__Prevotella	1.0000000000000049
e7fd0b1b52ea85d6a2d19157a21b4c30	k__Bacteria; p__Firmicutes; c__Bacilli; o__Lactobacillales; f__Streptococcaceae; g__Streptococcus	0.8797104139049732
d4e95ba6e007f26284bc5ebbd9d2e510	k__Bacteria; p__Synergistetes; c__Synergistia; o__Synergistales; f__Synergistaceae; g__Fretibacterium	0.9829341417903246
d5b842f5a8bcb76f4762c9c3ffb6a76a	k__Bacteria; p__Firmicutes; c__Bacilli; o__Lactobacillales; f__Streptococcaceae; g__Streptococcus	0.9997291700135841
2547f9d6b1420e13466ffb58f1c856bc	k__Bacteria; p__Firmicutes; c__Negativicutes; o__Selenomonadales; f__Veillonellaceae; g__Dialister; s__invisus	0.8204217363610521
dfd4355224f1d3a3f9334d4e68bc5e77	k__Bacteria; p__Proteobacteria; c__Gammaproteobacteria; o__Pasteurellales; f__Pasteurellaceae; g__Haemophilus	0.8619766118288376
aca5c58fc353493fb2b2c4575caf1b00	k__Bacteria; p__Firmicutes; c__Bacilli; o__Lactobacillales; f__Streptococcaceae; g__Streptococcus	0.999987992065579
4583f67f18ad9acf224caab21e8e866d	k__Bacteria; p__Firmicutes; c__Bacilli; o__Lactobacillales; f__Streptococcaceae; g__Streptococcus	0.9999999686182599
699a349524c3afb4c431373615eb1338	k__Bacteria; p__Proteobacteria; c__Epsilonproteobacteria; o__Campylobacterales; f__Campylobacteraceae; g__Campylobacter	0.9999999999999961
f8fac42bbf781c86313642ab4c551cb3	k__Bacteria; p__Bacteroidetes; c__Bacteroidia; o__Bacteroidales; f__Prevotellaceae; g__Prevotella; s__nigrescens	0.9999998708024632
89eba15033959eee663f5f7f6560943b	k__Bacteria; p__Firmicutes; c__Clostridia; o__Clostridiales	0.9999999997221565
d2eb2c694bce98ae9f56057106cab14b	k__Bacteria; p__Firmicutes; c__Clostridia; o__Clostridiales; f__Peptostreptococcaceae_[XI]; g__Peptostreptococcaceae_[XI][G-1]; s__[Eubacterium]_infirmum	0.8612501308803543
b11c6e29a26034676498de5ac6e2090b	k__Bacteria; p__Firmicutes; c__Clostridia; o__Clostridiales	0.9999999997718445
ce295e1525430390d830d2150a8d9f62	k__Bacteria; p__Fusobacteria; c__Fusobacteriia; o__Fusobacteriales; f__Leptotrichiaceae; g__Leptotrichia; s__sp._oral_taxon_392	0.9926587170555032
a6704d297fdc66efa19e40cfc6b0e517	k__Bacteria; p__Firmicutes; c__Negativicutes; o__Selenomonadales; f__Veillonellaceae; g__Veillonella	0.9769127597385729
07be54a1f69589a0e6c51e1cc1edadc7	k__Bacteria; p__Firmicutes; c__Negativicutes; o__Selenomonadales; f__Veillonellaceae; g__Selenomonas	0.8181475719785113
9a9aa20471a6d94772a5795f2f198fb9	k__Bacteria; p__Firmicutes; c__Clostridia; o__Clostridiales; f__Lachnospiraceae_[XIV]; g__Lachnospiraceae_[G-3]; s__sp._oral_taxon_100	0.9999998974436773
a300965cc9a601bab2986cda6a23330a	k__Bacteria; p__Tenericutes; c__Mollicutes; o__Mycoplasmatales; f__Mycoplasmataceae; g__Mycoplasma; s__spermatophilum	0.9999962655183438
0f958df0c48b06160b6d5c4ec7be0200	k__Bacteria; p__Firmicutes; c__Bacilli; o__Lactobacillales; f__Streptococcaceae; g__Streptococcus	0.9999968966043729
79a361db375800d56c9a9f0463fd9163	k__Bacteria; p__Bacteroidetes; c__Flavobacteriia; o__Flavobacteriales; f__Flavobacteriaceae; g__Capnocytophaga; s__leadbetteri	0.9274278438692027
ee7917b21b0421ddd8f0cb19081c3626	k__Bacteria; p__Fusobacteria; c__Fusobacteriia; o__Fusobacteriales; f__Fusobacteriaceae; g__Fusobacterium; s__	0.9987872666787809
6615214c1239769a718f77035a4818ab	k__Bacteria; p__Firmicutes	0.999999999999061
788c3e15fa5ee56a8b1e4aa76a694a0f	k__Bacteria; p__Proteobacteria; c__Betaproteobacteria; o__Neisseriales; f__Neisseriaceae; g__Neisseria	0.9729326343672721
186c54e820f9429141977a4f5e2d05a7	k__Bacteria; p__Proteobacteria; c__Alphaproteobacteria; o__Sphingomonadales; f__Sphingomonadaceae; g__Novosphingobium; s__	0.9904704956007699
1ab0db84ec3fa88cf4363aceaa50caf0	k__Bacteria; p__Firmicutes; c__Negativicutes; o__Selenomonadales; f__Veillonellaceae; g__Veillonellaceae_[G-1]; s__sp._oral_taxon_150	0.7545515686773806
905e6f5bbe4c31f51fe8cf16fe221887	k__Bacteria; p__Firmicutes; c__Bacilli; o__Bacillales; f__Gemellaceae; g__Gemella	0.7169082296761942
4e563404a01311b12f50f92726843e92	k__Bacteria; p__Firmicutes; c__Bacilli; o__Gemellales; f__Gemellaceae; g__; s__	0.9861751848520697
07683a15d610f32e026184f5bfa5d3e0	k__Bacteria; p__Spirochaetes; c__Spirochaetia; o__Spirochaetales; f__Spirochaetaceae; g__Treponema; s__sp._oral_taxon_234	0.7512704786593887
da84a68e910353f66485734fcec6734b	k__Bacteria; p__Firmicutes; c__Bacilli; o__Lactobacillales; f__Streptococcaceae; g__Streptococcus	0.9999997696273398
754db5cc039d7ef10fe1d01c88465c47	k__Bacteria; p__Spirochaetes; c__Spirochaetia; o__Spirochaetales; f__Spirochaetaceae; g__Treponema; s__sp._oral_taxon_257	0.9271255478061617
3b5de1b652aa981e420159d5e6fd2c3e	k__Bacteria; p__Bacteroidetes; c__Bacteroidia; o__Bacteroidales; f__Prevotellaceae; g__Prevotella; s__oris	0.9999784039148509
62fa52115571a341db37ed1e73710c59	k__Bacteria; p__Firmicutes; c__Bacilli; o__Gemellales; f__Gemellaceae; g__; s__	0.9596792031023229
b071a3c2710387c002746f4ec48d6555	k__Bacteria; p__Firmicutes; c__Negativicutes; o__Selenomonadales; f__Veillonellaceae; g__Selenomonas; s__sputigena	0.9575538950860304
3df0051d09d07c4550e876e34f6f771f	k__Bacteria; p__Bacteroidetes; c__Bacteroidia; o__Bacteroidales; f__Prevotellaceae; g__Prevotella	0.9999999988069208
254c6622e199576e697fdd172a444f89	k__Bacteria; p__Firmicutes; c__Bacilli; o__Gemellales; f__Gemellaceae; g__; s__	0.9860344578476958
1d8306d37b5d842b686082f00e0f4ad0	k__Bacteria; p__Proteobacteria; c__Betaproteobacteria; o__Neisseriales; f__Neisseriaceae; g__Neisseria	0.9966404118327744
e2c2d20792d8d59e168263c3cfa7ff16	k__Bacteria; p__Firmicutes; c__Bacilli; o__Bacillales	0.9042336279349862
f6e8003a0772c15409f0e1112fd07a28	k__Bacteria; p__Firmicutes; c__Clostridia; o__Clostridiales; f__Lachnospiraceae; g__Coprococcus; s__	0.9997708009063445
939c5e0e7ad5bd5a1af05d891b53d8c0	k__Bacteria; p__Firmicutes; c__Clostridia; o__Clostridiales; f__Lachnospiraceae	0.996550503226371
47a5fcae9b3fdb3294b0fe277ff94412	k__Bacteria; p__Firmicutes; c__Clostridia; o__Clostridiales; f__Ruminococcaceae; g__Ruminococcus; s__	0.9993051986661834
a77803d5090b64a80fd6bb8663690505	k__Bacteria; p__Actinobacteria; c__Actinobacteria; o__Actinomycetales; f__Micrococcaceae; g__Rothia; s__	0.8297584408239704
d0055e08fa90f518faf9adc42cf1be19	k__Bacteria; p__Spirochaetes; c__Spirochaetes; o__Spirochaetales; f__Spirochaetaceae; g__Treponema; s__amylovorum	0.9815783553354153
06d8c0bbf988837d079b186c34cdc26a	k__Bacteria; p__Firmicutes; c__Negativicutes; o__Selenomonadales; f__Veillonellaceae; g__Mitsuokella; s__sp._oral_taxon_521	0.9999706803318785
8693b43063841646ee26b00aefd66da2	k__Bacteria; p__Firmicutes; c__Clostridia; o__Clostridiales	0.9999999968264978
ed14fa5c5946bac057e7680821aad1fb	k__Bacteria; p__Bacteroidetes; c__Flavobacteriia; o__Flavobacteriales; f__Flavobacteriaceae; g__Capnocytophaga; s__granulosa	0.9694254575523489
50da9d1242b88fd85528801081b1bbae	k__Bacteria; p__Firmicutes; c__Clostridia; o__Clostridiales; f__Peptostreptococcaceae; g__Peptostreptococcus; s__	0.9917813760314512
745aeb37ccd55f64d4fc3ca893a74d17	k__Bacteria; p__Firmicutes; c__Negativicutes; o__Selenomonadales; f__Veillonellaceae; g__Selenomonas	0.9267744915078923
5811c9dec98836e12c91fcb27b0b55f0	k__Bacteria; p__Firmicutes; c__Bacilli; o__Bacillales; f__Staphylococcaceae; g__Staphylococcus	0.9996260412765969
98d73d9b1d1345c0941b3c31a379abbb	k__Bacteria; p__Bacteroidetes; c__Bacteroidia; o__Bacteroidales; f__Prevotellaceae; g__Prevotella; s__sp._oral_taxon_305	0.9999763047247134
d1faf5db905c32029104b36088aaccc3	k__Bacteria; p__Bacteroidetes; c__Sphingobacteriia; o__Sphingobacteriales; f__; g__; s__	0.9998355015814443
0c5b170748d9df8048cd205e49f2f103	k__Bacteria; p__Firmicutes; c__Bacilli; o__Lactobacillales; f__Lactobacillaceae; g__Lactobacillus	0.9999996081681969
7275f20c0d82d698683a0d20b5eff04f	k__Bacteria; p__Synergistetes; c__Synergistia; o__Synergistales; f__Synergistaceae; g__Fretibacterium; s__fastidiosum	0.9979867492068661
8767aaeda584613c3e80a1e7eb0198f2	k__Bacteria; p__Firmicutes; c__Clostridia; o__Clostridiales	0.9999999998430561
ee0cacbde2e682cca8e9422cc034f968	k__Bacteria; p__Firmicutes; c__Bacilli; o__Lactobacillales; f__Streptococcaceae; g__Streptococcus	0.9996944369320998
8ad89003370e2b1978f0bdf67546a11d	k__Bacteria; p__Proteobacteria; c__Gammaproteobacteria; o__Pasteurellales; f__Pasteurellaceae; g__Haemophilus	0.8280089581018175
ea3594e72fdf9515011f0324255b219d	k__Bacteria; p__Firmicutes; c__Negativicutes; o__Selenomonadales; f__Veillonellaceae; g__Selenomonas; s__sputigena	0.8415574552160062
7db2dc3f0c214a8a4b204233e737c80f	k__Bacteria; p__SR1; c__SR1_[C-1]; o__SR1_[O-1]; f__SR1_[F-1]; g__SR1_[G-1]; s__sp._oral_taxon_875	0.9160360527598642
98d2fdd382210368ebfa7ea699804c52	k__Bacteria; p__Firmicutes; c__Negativicutes; o__Selenomonadales; f__Veillonellaceae; g__Veillonella	0.8388374483086061
842cb1b30ea7c6d9e58292bc3d72c58d	k__Bacteria	0.9238035065967743
37103796f598d7cad87b17f522650a8f	k__Bacteria; p__Spirochaetes; c__Spirochaetia; o__Spirochaetales; f__Spirochaetaceae; g__Treponema; s__pectinovorum	0.9999999993418811
181582a606553eaf87b5f1953c3cbd14	k__Bacteria; p__Spirochaetes; c__Spirochaetia; o__Spirochaetales; f__Spirochaetaceae; g__Treponema; s__sp._oral_taxon_228	0.8554754681640574
d7c46de70fcefd1c848a1a7846451055	k__Bacteria; p__Firmicutes; c__Clostridia; o__Clostridiales	0.9999999999998263
333ff08162208a39cbab81d8c290deb2	k__Bacteria; p__Firmicutes; c__Clostridia; o__Clostridiales; f__Ruminococcaceae; g__Ruminococcaceae_[G-1]; s__sp._oral_taxon_075	0.9999999996393854
c4c4f3bd5a283474808e73dd219ac4bc	k__Bacteria; p__Spirochaetes; c__Spirochaetia; o__Spirochaetales; f__Spirochaetaceae; g__Treponema; s__sp._oral_taxon_234	0.9458943341379361
db8006bdc1d3073edc313fdaef3bd6c8	k__Bacteria; p__Proteobacteria; c__Betaproteobacteria; o__Neisseriales; f__Neisseriaceae; g__Neisseria	0.9918208748274188
d65ae44f0da1e17b67d5a24c8a0c1a7c	k__Bacteria; p__Firmicutes; c__Clostridia; o__Clostridiales; f__Peptostreptococcaceae_[XI]; g__Peptostreptococcaceae_[XI][G-5]; s__[Eubacterium]_saphenum	0.9999785859138439
9b373d8d61c3a3147a2c59d2b27e0d77	k__Bacteria; p__Proteobacteria; c__Gammaproteobacteria; o__Enterobacteriales; f__Enterobacteriaceae	0.9999811694870165
18403cab62529c452e4884b2465a483a	k__Bacteria; p__Firmicutes	0.9999999999999027
e1f8e17bfb6aea4a3701965ad5df1e39	k__Bacteria; p__Chloroflexi; c__Anaerolineae; o__GCA004; f__; g__; s__	0.9997097131430104
ebc5ebd1391b504183c001fb707532c0	k__Bacteria; p__Firmicutes; c__Bacilli; o__Bacillales; f__Planococcaceae; g__Sporosarcina; s__	0.9987108659456928
2c5bb794f3621975251ef80148158c38	k__Bacteria; p__Bacteroidetes; c__Bacteroidia; o__Bacteroidales; f__Prevotellaceae; g__Prevotella; s__baroniae	0.9999998642321039
1e3a650859552e188143b16686ad93c7	k__Bacteria; p__Firmicutes; c__Clostridia; o__Clostridiales; f__Lachnospiraceae_[XIV]; g__Oribacterium; s__parvum	0.9957594003823449
e9a7b539fc0938f289975fae9a6546ca	k__Bacteria; p__Firmicutes; c__Clostridia; o__Clostridiales; f__Lachnospiraceae_[XIV]; g__Stomatobaculum; s__sp._oral_taxon_097	0.9999552082216728
dfecd6d8f595871af643d6fd891a4a0c	k__Bacteria; p__Actinobacteria; c__Actinobacteria; o__Actinomycetales; f__Micrococcaceae; g__Rothia; s__	0.9205961730204771
bc047187596f282b7aead596f1e5ab36	k__Bacteria; p__Proteobacteria; c__Gammaproteobacteria; o__Alteromonadales; f__Shewanellaceae; g__Shewanella; s__	0.9998394783628106
4687e3e112288c6d0dd87b670c76af6b	k__Bacteria; p__Firmicutes; c__Bacilli; o__Bacillales	0.9712672200874003
b6ae4188c9e15748e137085ac28333b4	k__Bacteria; p__Firmicutes; c__Clostridia; o__Clostridiales; f__Peptostreptococcaceae_[XI]; g__Peptostreptococcaceae_[XI][G-4]; s__sp._oral_taxon_369	0.8571281099744821
3192532ad5425900fd1b155d81568230	k__Bacteria; p__Firmicutes; c__Clostridia; o__Clostridiales; f__Lachnospiraceae; g__Clostridium; s__piliforme	0.7523088928834756
606f876b6f59090f8f9622d02f2a62ce	k__Bacteria; p__Proteobacteria; c__Betaproteobacteria; o__Neisseriales; f__Neisseriaceae; g__Kingella; s__	0.8356937128278741
74d2e66e6b99f24b23047bc744b84b08	k__Bacteria; p__Proteobacteria; c__Gammaproteobacteria; o__Vibrionales; f__Vibrionaceae; g__Vibrio; s__rumoiensis	0.8639473548913861
5332fbb7ee98cbf3f291800c97dead48	k__Bacteria; p__Firmicutes; c__Mollicutes; o__Mycoplasmatales; f__Mycoplasmataceae; g__Mycoplasma; s__salivarium	0.9645714971101538
b9999ccebc9889dd6504e6673dc85631	k__Bacteria; p__Bacteroidetes; c__Bacteroidia; o__Bacteroidales; f__Porphyromonadaceae; g__Tannerella	0.9999998983544309
431ca0f89c1c2377e0424d9304d6120b	k__Bacteria; p__Firmicutes; c__Negativicutes; o__Selenomonadales; f__Veillonellaceae; g__Selenomonas	0.9078005778392205
dc56774e2eef80c13ce6ee634f4cf90d	k__Bacteria; p__Actinobacteria; c__Coriobacteriia; o__Coriobacteriales; f__Coriobacteriaceae; g__Atopobium; s__rimae	0.8687296976079737
8fab11e77bca1585b5fa9b9d4b2b41b9	k__Bacteria; p__Proteobacteria; c__Epsilonproteobacteria; o__Campylobacterales; f__Campylobacteraceae; g__Campylobacter	0.9999999999999912
a9d7f6a5fb3c4cb640d0a7b7e6b5389f	k__Bacteria; p__Firmicutes; c__Clostridia; o__Clostridiales; f__Lachnospiraceae; g__Epulopiscium; s__	0.9999682370135875
8cd54764b207799eaa3064259ba88145	k__Bacteria; p__Proteobacteria; c__Gammaproteobacteria; o__Legionellales; f__Coxiellaceae; g__Aquicella; s__	0.9999999987569765
d77099fbfcb732ab3b37965b06b08e5b	k__Bacteria; p__Proteobacteria; c__Alphaproteobacteria; o__Rhodospirillales; f__; g__; s__	0.999838325340956
67e041bb9fed8684aed523b824c25df3	k__Bacteria; p__Proteobacteria; c__Gammaproteobacteria; o__Chromatiales; f__Chromatiaceae; g__Thiocapsa; s__	0.999995983899474
6cda7f5a7a10520760d6b01bdf3db178	k__Bacteria; p__Chloroflexi; c__Anaerolineae; o__SJA-15; f__; g__; s__	0.9996450334232915
c742df5fc28d5df03ef51bed669ccfe5	k__Bacteria; p__Planctomycetes; c__Planctomycetia; o__Planctomycetales; f__Planctomycetaceae; g__Planctomyces; s__	0.9999996509591013
83d43a0f153ee3db67dc065c8ef3df0a	k__Bacteria; p__Proteobacteria; c__Alphaproteobacteria; o__Rhodobacterales; f__Rhodobacteraceae	0.8874395454830323
8632edb101b67bee5a056ac349b2f451	k__Bacteria; p__Firmicutes; c__Clostridia; o__Clostridiales	0.9979472310530565
bdf6277a9b0e5e36a23b13bbde95f73a	k__Bacteria; p__Actinobacteria; c__; o__; f__; g__; s__	0.9999994724609108
a05a08ee274bc386122818a49d21d6fd	k__Bacteria; p__Chloroflexi; c__Anaerolineae; o__DRC31; f__; g__; s__	0.9999957702573067
8575af795b877ea072b1d9850ff00d9f	k__Bacteria; p__Planctomycetes; c__Planctomycetia; o__Pirellulales; f__Pirellulaceae; g__; s__	0.999999973315241
acb55a429d96bcb47e2d2dafec90d366	k__Bacteria; p__Proteobacteria; c__Deltaproteobacteria; o__Spirobacillales; f__; g__; s__	0.999554819257276
5eee66d088f50afc69e63661db75c05e	k__Bacteria; p__Proteobacteria; c__Alphaproteobacteria; o__Rhodospirillales; f__Acetobacteraceae; g__; s__	0.9895921478138124
b2eaa14cf050486504008b6b8141f544	k__Bacteria; p__Proteobacteria; c__Gammaproteobacteria; o__Pasteurellales; f__Pasteurellaceae; g__Haemophilus; s__pittmaniae	0.7021091540795588
06803bb3b9dfbaac83f894fb11eee443	k__Bacteria; p__Proteobacteria; c__Betaproteobacteria; o__Neisseriales; f__Neisseriaceae; g__Neisseria; s__flavescens	0.7155561826539816
d87d3b05badc569f60eb392a72a6c584	k__Bacteria; p__Proteobacteria; c__Betaproteobacteria; o__Rhodocyclales; f__Rhodocyclaceae; g__Dechloromonas; s__	0.8326662059876778
3ae2f049c844cbde2dc8f225dcb02ffe	k__Bacteria; p__Bacteroidetes; c__Sphingobacteriia; o__Sphingobacteriales; f__; g__; s__	0.9999996991867333
28bf21a85ae157885fe507b331180614	k__Bacteria; p__Proteobacteria; c__Betaproteobacteria; o__Burkholderiales; f__Burkholderiaceae; g__Lautropia	0.9999853019662088
c774bf14df14a70ebfb84f01dff121bf	k__Bacteria; p__Firmicutes; c__Clostridia; o__Clostridiales; f__Clostridiaceae; g__Clostridium; s__xylanovorans	0.7527825345360726
206fb1d67548f4698247b570a2169a3c	k__Bacteria; p__Cyanobacteria; c__Chloroplast; o__Chlorophyta; f__Chlamydomonadaceae; g__; s__	0.9999999976860607
efcf2ca129e3fae209155ab3fc533476	k__Bacteria; p__Spirochaetes; c__Spirochaetia; o__Spirochaetales; f__Spirochaetaceae; g__Treponema; s__sp._oral_taxon_257	0.9421925552591206
ef37df9a98ea9024bae83c0c418c22e6	k__Bacteria; p__Firmicutes; c__Negativicutes; o__Selenomonadales; f__Veillonellaceae; g__Dialister; s__invisus	0.8192706137178227
87ed698775045978f9137a661578bdc6	k__Bacteria; p__Firmicutes; c__Negativicutes; o__Selenomonadales; f__Veillonellaceae; g__Veillonella	0.9548211885256576
cd9743ac08ddd89eb50a01ec6a057a21	k__Bacteria; p__Proteobacteria; c__Alphaproteobacteria; o__Sphingomonadales; f__Sphingomonadaceae; g__Blastomonas	0.9972382239331303
8572c975df566eb90cfc397f5a0b711e	k__Bacteria; p__Firmicutes; c__Bacilli; o__Gemellales; f__Gemellaceae; g__; s__	0.9827175477668811
68778c0080d5409e0c62cc5872a23b45	k__Bacteria; p__Firmicutes; c__Negativicutes; o__Selenomonadales; f__Veillonellaceae; g__Veillonella; s__dispar	0.81596825332297
687f27ee42943b0e5ba4f8e9d41c160b	k__Bacteria; p__Firmicutes; c__Bacilli; o__Lactobacillales; f__Streptococcaceae; g__Streptococcus	0.9999602964742635
cfeacda225c2cb32ecdde4068fea426f	k__Bacteria; p__Saccharibacteria_(TM7); c__TM7_[C-1]; o__TM7_[O-1]; f__TM7_[F-1]; g__TM7_[G-1]; s__sp._oral_taxon_347	0.9737923395090585
3fcdafc630a1787ab2777659f3dec117	k__Bacteria; p__Bacteroidetes; c__Bacteroidia; o__Bacteroidales; f__Prevotellaceae; g__Prevotella	0.9994562150985619
446064e65a04c2423bb8bc91d35d97b6	k__Bacteria; p__Firmicutes	0.9999922948470751
cba6dec9753fa318d21a96eda2230c86	k__Bacteria; p__Fusobacteria; c__Fusobacteriia; o__Fusobacteriales; f__Fusobacteriaceae; g__Fusobacterium	0.7731663617969416
1505091c4deb2f0a9bcc3107e63f09a8	k__Bacteria; p__Bacteroidetes; c__Bacteroidia; o__Bacteroidales; f__Porphyromonadaceae; g__Tannerella	0.9999997821818551
d152b89d7284f42146cf3833af42c1dd	k__Bacteria; p__Firmicutes; c__Clostridia; o__Clostridiales; f__Lachnospiraceae_[XIV]; g__Lachnospiraceae_[G-8]; s__sp._oral_taxon_500	0.9999999964176283
d9bf42d73c4ac85be6d25bdf1035d60d	k__Bacteria; p__Fusobacteria; c__Fusobacteriia; o__Fusobacteriales; f__Leptotrichiaceae; g__Leptotrichia; s__sp._oral_taxon_498	0.9991962940188753
82e613afa68f1d4d86743c919a379b5c	k__Bacteria; p__Bacteroidetes; c__Bacteroidia; o__Bacteroidales; f__Prevotellaceae; g__Prevotella	0.999999910649548
188d75d7810f1991923cbf842d2ed3d2	k__Bacteria; p__Actinobacteria; c__Actinobacteria; o__Actinomycetales; f__Actinomycetaceae; g__Actinomyces	0.9828812328749781
f38bc263067dc7f7e2814289721d2d1d	k__Bacteria; p__Bacteroidetes; c__Bacteroidia; o__Bacteroidales; f__Prevotellaceae; g__Prevotella; s__sp._oral_taxon_305	0.9999973214539386
ecc784af94dd14256d8bb9b014840cd7	k__Bacteria; p__Bacteroidetes; c__Bacteroidia; o__Bacteroidales; f__Prevotellaceae; g__Alloprevotella; s__rava	0.999995831700848
2952552352cd9f87f95350b017b06f76	k__Bacteria; p__Spirochaetes; c__Spirochaetia; o__Spirochaetales; f__Spirochaetaceae; g__Treponema; s__sp._oral_taxon_254	0.8132591128630479
737c53fb14c9857556c70b1dfe6b5e66	k__Bacteria; p__Firmicutes	0.9999999999960858
7e78cdc605affe5f27519fd223fe43fd	k__Bacteria; p__Spirochaetes; c__Spirochaetia; o__Spirochaetales; f__Spirochaetaceae; g__Treponema; s__lecithinolyticum	0.999394366655541
2ecce58dc2c7cabdf49e5f9540c9ff60	k__Bacteria; p__Fusobacteria; c__Fusobacteriia; o__Fusobacteriales; f__Leptotrichiaceae; g__Leptotrichia; s__	0.9548672434686498
1a097e61094c464c7813ca33c7d6e5ca	k__Bacteria; p__Spirochaetes; c__Spirochaetia; o__Spirochaetales; f__Spirochaetaceae; g__Treponema; s__sp._oral_taxon_237	0.9492348399621332
6c5bed975e4c6bd62b00d2dedfdcf831	k__Bacteria; p__Firmicutes; c__Negativicutes; o__Selenomonadales; f__Veillonellaceae; g__Selenomonas	0.9843274035284227
f083520161547f51a377e1cf73ec8362	k__Bacteria; p__Spirochaetes; c__Spirochaetia; o__Spirochaetales; f__Spirochaetaceae; g__Treponema	0.9999999992635669
728be54872bc9c45c39e2df32ff65b9a	k__Bacteria; p__Firmicutes; c__Clostridia; o__Clostridiales; f__Ruminococcaceae; g__Ruminococcaceae_[G-1]; s__sp._oral_taxon_075	0.9999999993863469
0da9fc02ba3ff674f387026e79407a15	k__Bacteria; p__Actinobacteria; c__Coriobacteriia; o__Coriobacteriales; f__Coriobacteriaceae; g__Atopobium; s__sp._oral_taxon_416	0.9998637032547683
c813fe25c16cedb6f4af0e9c91d20d13	k__Bacteria; p__Synergistetes; c__Synergistia; o__Synergistales; f__Synergistaceae; g__Fretibacterium	0.9834825019054002
17afcd68163083002ecd11088762f2ea	k__Bacteria; p__Fusobacteria; c__Fusobacteriia; o__Fusobacteriales; f__Leptotrichiaceae; g__Leptotrichia; s__sp._oral_taxon_392	0.9056042702897202
e992d8c1fe46125ab63adb478da0c75e	k__Bacteria; p__Actinobacteria; c__Actinobacteria; o__Actinomycetales; f__Actinomycetaceae; g__Actinobaculum; s__sp._oral_taxon_183	0.8426798702449948
b499a7d93fd43fc354d13f1dab673f6a	k__Bacteria; p__Spirochaetes; c__Spirochaetia; o__Spirochaetales; f__Spirochaetaceae; g__Treponema; s__sp._oral_taxon_237	0.9085132322954012
9466e813d9af7547e715ba406f990ee2	k__Bacteria; p__Bacteroidetes; c__Bacteroidia; o__Bacteroidales; f__Prevotellaceae; g__Prevotella; s__saccharolytica	0.9999999486045126
02e4846fcfbdb3003fefd3815547938f	k__Bacteria; p__Firmicutes; c__Clostridia; o__Clostridiales; f__Lachnospiraceae	0.9999949579668395
b007ab4117045d5595886c1cb27cb786	k__Bacteria; p__Proteobacteria; c__Betaproteobacteria; o__Burkholderiales; f__Burkholderiaceae; g__Lautropia; s__	0.8699077462754662
6971acd0ba8d9d15bc671d063f2bc554	k__Bacteria; p__Firmicutes; c__Clostridia; o__Clostridiales; f__Lachnospiraceae; g__Moryella; s__	0.9999906213338905
a3946177e553a0a2c6cde14ac4f64bd7	k__Bacteria; p__Firmicutes; c__Clostridia; o__Clostridiales; f__Ruminococcaceae; g__Ruminococcus; s__	0.9498413185143108
054105192ee7a484b618840dea5e782a	k__Bacteria; p__Proteobacteria; c__Gammaproteobacteria; o__Cardiobacteriales; f__Cardiobacteriaceae; g__Cardiobacterium	0.9951900982239669
1f034c0b72569f2a3fde8bc36433ff5b	k__Bacteria; p__Proteobacteria; c__Betaproteobacteria; o__Neisseriales; f__Neisseriaceae; g__Neisseria	0.9934034956205199
d3849fd9442f36d3b3c980f0ae28ccc7	k__Bacteria; p__Firmicutes; c__Bacilli; o__Gemellales; f__Gemellaceae; g__; s__	0.9946547727353311
8c07d373fc78f4dc9b7ff16f76d05424	k__Bacteria; p__Bacteroidetes; c__Bacteroidia; o__Bacteroidales; f__Prevotellaceae; g__Prevotella; s__nigrescens	0.9999998609366497
f5c34693eebf3d251713a481bae7f5a1	k__Bacteria; p__Proteobacteria; c__Gammaproteobacteria; o__Enterobacteriales; f__Enterobacteriaceae	0.9999906100509275
718c4b8dfdebebf8233f3095f33556fd	k__Bacteria; p__Firmicutes; c__Negativicutes; o__Selenomonadales; f__Veillonellaceae; g__Dialister; s__invisus	0.768400719877083
0ad0cd7093d5a8eec8c1f28346b287e6	k__Bacteria; p__Actinobacteria; c__Actinobacteria; o__Actinomycetales; f__Micrococcaceae; g__Rothia; s__	0.7185097976608648
4306ea6136302d593c3fe569b5e35b9a	k__Bacteria; p__Actinobacteria; c__Actinobacteria; o__Actinomycetales; f__Micrococcaceae; g__Rothia; s__	0.8324415009337685
d15d170c76d17fa88daacfe1a454436a	k__Bacteria; p__Firmicutes; c__Clostridia; o__Clostridiales; f__Peptostreptococcaceae_[XI]; g__Peptostreptococcaceae_[XI][G-5]; s__sp._oral_taxon_493	0.9750224914452028
a27c12f1c826b6db25d5add53729d23a	k__Bacteria; p__Proteobacteria; c__Gammaproteobacteria; o__Pasteurellales; f__Pasteurellaceae; g__Haemophilus	0.8640534731774713
7cfb57da0131b5f1c3cc7ec37083661e	k__Bacteria; p__Bacteroidetes; c__Bacteroidia; o__Bacteroidales; f__Porphyromonadaceae; g__Porphyromonas; s__sp._oral_taxon_279	0.9522295084060893
c38ebfbafc8a3645c3a291a10052dfe4	k__Bacteria; p__Spirochaetes; c__Spirochaetia; o__Spirochaetales; f__Spirochaetaceae; g__Treponema; s__denticola	0.9851894423415514
5093b44608caf3df731e974e7a250bf8	k__Bacteria; p__Firmicutes; c__Negativicutes; o__Selenomonadales; f__Veillonellaceae; g__Veillonella	0.9610625489623308
b9687531ee34940a66eb5e33f8446246	k__Bacteria; p__Proteobacteria; c__Betaproteobacteria; o__Neisseriales; f__Neisseriaceae; g__Neisseria	0.9965177532282701
b6b6c703b61295fa0cae74da258f73a6	k__Bacteria; p__Proteobacteria; c__Epsilonproteobacteria; o__Campylobacterales; f__Campylobacteraceae; g__Campylobacter; s__concisus	0.730797035706798
da34f099d16239f7ea7abf797d60db00	k__Bacteria; p__Bacteroidetes; c__Flavobacteriia; o__Flavobacteriales; f__Flavobacteriaceae; g__Bergeyella; s__sp._oral_taxon_322	0.9937598898863332
724df170a25d5e64140de897aa7bef88	k__Bacteria; p__Firmicutes; c__Clostridia; o__Clostridiales; f__Lachnospiraceae_[XIV]; g__Lachnospiraceae_[G-3]; s__sp._oral_taxon_100	0.9999999957008043
ca691809b43699b458f3aa124b2d1ce3	k__Bacteria; p__SR1; c__SR1_[C-1]; o__SR1_[O-1]; f__SR1_[F-1]; g__SR1_[G-1]; s__sp._oral_taxon_875	0.9700194608423373
a022daf92066a743d8ca408180a543b9	k__Bacteria; p__Bacteroidetes; c__Bacteroidia; o__Bacteroidales	0.778645481351677
6ee2c924c878b0030199bcca82ceab78	k__Bacteria; p__Proteobacteria; c__Betaproteobacteria; o__Burkholderiales; f__Burkholderiaceae; g__Lautropia; s__	0.8551730171797637
be1f4302ee59827de2315d39b655f1e9	k__Bacteria; p__Firmicutes; c__Negativicutes; o__Selenomonadales; f__Veillonellaceae; g__Veillonella; s__rogosae	0.8145707884620504
c433cb11e37218c026c26c4c4936ba7d	k__Bacteria	0.9647640625132123
7f271a2af77b987f6cd6c2c8d06948c2	k__Bacteria; p__Firmicutes; c__Clostridia; o__Clostridiales; f__Peptostreptococcaceae_[XI]; g__Peptostreptococcaceae_[XI][G-7]	0.9999997883770599
4de83ad520eb12266029a2d2b3c4f5f5	k__Bacteria; p__Firmicutes; c__Bacilli; o__Lactobacillales; f__Streptococcaceae; g__Streptococcus	0.9999897867528973
bb5fde77f2bdb7996573dfe79ae3493e	k__Bacteria; p__Bacteroidetes; c__Bacteroidia; o__Bacteroidales; f__Porphyromonadaceae; g__Porphyromonas; s__uenonis	0.9964397207122471
f633a3e7aebcdffd129f53e15c7047fc	k__Bacteria; p__Actinobacteria; c__Actinobacteria; o__Actinomycetales; f__Micrococcaceae; g__Rothia; s__mucilaginosa	0.7666706630694072
83ea7d170777bf29f4cc5b6968dc5d6e	k__Bacteria; p__Firmicutes; c__Negativicutes; o__Selenomonadales; f__Veillonellaceae; g__Selenomonas; s__sputigena	0.8962178956557451
4819258c76cc761ac5c4b5ee28ff3b2a	k__Bacteria; p__Firmicutes; c__Clostridia; o__Clostridiales; f__Peptostreptococcaceae_[XI]; g__Peptostreptococcaceae_[XI][G-7]	0.9999992398070787
dabafa8718ff4870656849d8d0f77fa5	k__Bacteria; p__Proteobacteria; c__Epsilonproteobacteria; o__Campylobacterales; f__Campylobacteraceae; g__Campylobacter; s__sp._oral_taxon_044	0.9360151646613185
64f4247c69e9d0849dce3f89507fc810	k__Bacteria; p__Proteobacteria; c__Epsilonproteobacteria; o__Campylobacterales; f__Campylobacteraceae; g__Campylobacter; s__	0.8155658632725795
460c96107e01d7f0c9a5282f7eeb08d7	k__Bacteria; p__Bacteroidetes; c__Bacteroidia; o__Bacteroidales; f__Prevotellaceae; g__Prevotella	0.9999998434774042
3d0a47e1d6967ac0d0f15d68af8f2a6a	k__Bacteria; p__Fusobacteria; c__Fusobacteriia; o__Fusobacteriales; f__Fusobacteriaceae; g__Fusobacterium	0.9234609125504282
cca62013a8160a3a5db74b39b595b288	k__Bacteria; p__Firmicutes; c__Negativicutes; o__Selenomonadales; f__Veillonellaceae; g__Veillonella; s__rogosae	0.9048425073523287
7f2802b2db50baa7359c1c77a14426e9	k__Bacteria; p__Bacteroidetes; c__Bacteroidia; o__Bacteroidales; f__Prevotellaceae; g__Prevotella; s__amnii	0.9999925172370474
ae7c42805982375567c1b2154aa63639	k__Bacteria; p__Firmicutes; c__Clostridia; o__Clostridiales; f__Lachnospiraceae_[XIV]; g__Lachnospiraceae_[G-3]; s__sp._oral_taxon_100	0.9999999371472674
b4e4439ec61e29b3de847e01d5e0606a	k__Bacteria; p__Bacteroidetes; c__Bacteroidia; o__Bacteroidales; f__Prevotellaceae; g__Prevotella; s__nigrescens	0.9999998537029562
030a72cdbdd7f7d2147e0a40803059d4	k__Bacteria; p__Firmicutes; c__Bacilli; o__Lactobacillales; f__Streptococcaceae; g__Streptococcus	0.9973696167259971
290dce8db5904ea554d92b2873d12e61	k__Bacteria; p__Firmicutes; c__Clostridia; o__Clostridiales; f__Peptostreptococcaceae_[XI]; g__Peptostreptococcaceae_[XI][G-5]; s__sp._oral_taxon_493	0.9868738483228449
a97dbc9fa0b589382d7b774d3f7dc4e3	k__Bacteria; p__Actinobacteria; c__Actinobacteria; o__Actinomycetales; f__Micrococcaceae; g__Rothia; s__	0.9273895660333201
164c523a19e292496ae22b513883ab12	k__Bacteria; p__Bacteroidetes; c__Bacteroidia; o__Bacteroidales; f__Prevotellaceae; g__Prevotella; s__shahii	0.9223635020277287
c540bf6655cdb1d10be92dc5253d7227	k__Bacteria; p__Firmicutes; c__Clostridia; o__Clostridiales; f__Clostridiaceae; g__; s__	0.9073013048215789
911d41570c8b781d5c8d876288886cf2	k__Bacteria; p__Proteobacteria; c__Alphaproteobacteria; o__Rhizobiales; f__Rhizobiaceae	0.9866510948643507
9738af859ec9f659550ef89cc4e285e7	k__Bacteria; p__Cyanobacteria; c__Chloroplast; o__Chlorophyta; f__; g__; s__	0.9974092655752756
680f934bdf9ec66504ba7c7e69167cc3	k__Bacteria; p__Actinobacteria; c__Actinobacteria; o__Actinomycetales; f__Nocardioidaceae; g__Nocardioides; s__	0.8436997320895095
ccbc3fddb9243c3b1c9d6b2bb3517700	k__Bacteria; p__Proteobacteria; c__Alphaproteobacteria; o__Rhizobiales; f__Hyphomicrobiaceae; g__; s__	0.9984870473581892
30c2f5f298b19e3f43ea58ccbed35e07	k__Bacteria; p__Proteobacteria; c__Betaproteobacteria; o__Neisseriales; f__Neisseriaceae; g__Kingella; s__	0.9324004384048021
1031ac4201b396d5bf2fcb3ddb5bc0da	k__Bacteria; p__Actinobacteria; c__Actinobacteria; o__Actinomycetales; f__Actinomycetaceae; g__Actinomyces; s__graevenitzii	0.9986682112165224
7ca88624fe81c50cfe1ec817ef5e426f	k__Bacteria; p__Firmicutes; c__Bacilli; o__Lactobacillales; f__Streptococcaceae; g__Streptococcus	0.9999987509698774
d4087d40268efedc8f9cc77a3647e01a	k__Bacteria; p__Firmicutes; c__Bacilli; o__Bacillales	0.9069463806606756
6762c7e0edfa29b12f418c3b796c6d12	k__Bacteria; p__Bacteroidetes; c__Flavobacteriia; o__Flavobacteriales; f__Flavobacteriaceae; g__Capnocytophaga; s__gingivalis	0.9787563013563725
142f264292a6d92c0ba6f562e95a4416	k__Bacteria; p__Bacteroidetes; c__Bacteroidia; o__Bacteroidales; f__Prevotellaceae; g__Prevotella; s__oris	0.9948318376240454
29a30f67d8912f3fdd3578e25089b27b	k__Bacteria; p__Bacteroidetes; c__Bacteroidia; o__Bacteroidales; f__Prevotellaceae; g__Prevotella	0.9731261702346451
85ca82491bac2f0b46d6c6ff29de0791	k__Bacteria; p__Fusobacteria; c__Fusobacteriia; o__Fusobacteriales; f__Leptotrichiaceae; g__Leptotrichia	0.9999999999999611
ff899cc5eaa22f720ab8022a4b1b66b7	k__Bacteria; p__Firmicutes; c__Clostridia; o__Clostridiales	0.9999998198862268
7003e39911f8a8d9cbe62662fdba67d8	k__Bacteria; p__Firmicutes; c__Clostridia; o__Clostridiales; f__Clostridiaceae; g__Clostridium	0.9225985625543808
c84540b96a7e28b97c99942aee7b4988	k__Bacteria; p__Chloroflexi; c__Anaerolineae; o__SHA-20; f__; g__; s__	0.999990945268006
81ec3784dac3193b401079cec6a32051	k__Bacteria; p__Planctomycetes; c__Planctomycetia; o__Pirellulales; f__Pirellulaceae; g__Planctomycete; s__LF1	0.999928652351288
1d9b6e9e52ac08faa8a4a7610a194953	k__Bacteria; p__Firmicutes; c__Bacilli; o__Lactobacillales; f__Aerococcaceae; g__Abiotrophia; s__defectiva	0.721546267651017
ee10b3318a019b9396a64c6705100385	k__Bacteria; p__Proteobacteria; c__Gammaproteobacteria; o__Pasteurellales; f__Pasteurellaceae	0.9999999945682674
4cd1326e1b79c792e07a6b818f9970ff	k__Bacteria; p__Firmicutes; c__Negativicutes; o__Selenomonadales; f__Veillonellaceae; g__Anaeroglobus; s__geminatus	0.9370281578425945
54f2824eaca4aea0fba5560aac92eb7c	k__Bacteria; p__Firmicutes	0.9999999999928089
e297bf29aab07ad24fabb2148b46bf7a	k__Bacteria; p__Firmicutes; c__Clostridia; o__Clostridiales; f__Peptostreptococcaceae_[XI]; g__Peptostreptococcaceae_[XI][G-2]; s__sp._oral_taxon_091	0.9999999850152365
c66480f4b7cf22bfaddead1df1506d72	k__Bacteria; p__Firmicutes; c__Bacilli; o__Lactobacillales; f__Streptococcaceae; g__Streptococcus	0.9999989799311232
a2976a9358f16c8834d8300a96c11dfd	k__Bacteria; p__Bacteroidetes; c__Bacteroidia; o__Bacteroidales; f__Bacteroidales_[F-2]; g__Bacteroidales_[G-2]; s__sp._oral_taxon_274	0.9999981841841931
173983de8b36f67a299f5d119303e600	k__Bacteria	0.9414848227806132
b76b2b9747eee763d0c979fbd6d2403b	k__Bacteria; p__Actinobacteria; c__Actinobacteria; o__Actinomycetales; f__Micrococcaceae; g__Rothia	0.8920219056055149
f6ef40f9001301f0a2389f35b0d79675	k__Bacteria; p__Bacteroidetes; c__Bacteroidia; o__Bacteroidales; f__Prevotellaceae; g__Prevotella; s__sp._oral_taxon_305	0.999995535773553
125e6a3cc1e61b82a8e250d68f82dd9d	k__Bacteria; p__Bacteroidetes; c__Bacteroidia; o__Bacteroidales; f__Porphyromonadaceae; g__Tannerella	0.9999996882938567
d2d0a18d18785171d0c442f4817c85aa	k__Bacteria; p__Spirochaetes; c__Spirochaetia; o__Spirochaetales; f__Spirochaetaceae; g__Treponema; s__lecithinolyticum	0.9998503191158826
f8fb20843ddef9a9c31d5743250ac508	k__Bacteria; p__Firmicutes; c__Negativicutes; o__Selenomonadales; f__Veillonellaceae; g__Veillonella; s__rogosae	0.8866645081075136
c9b6a41dd8893cb5191bece6116970a1	k__Bacteria; p__Firmicutes; c__Clostridia; o__Halanaerobiales; f__; g__; s__	0.9829664124755418
9b27a8cbbd704be6f871a0a06d17ca6d	k__Bacteria; p__Actinobacteria; c__Acidimicrobiia; o__Acidimicrobiales; f__koll13; g__; s__	0.9999989627536771
1d2cdca708dba67fdc4a60b559a6e7eb	k__Bacteria; p__Proteobacteria; c__Deltaproteobacteria; o__Bdellovibrionales; f__Bdellovibrionaceae; g__Bdellovibrio; s__	0.9999659442657889
526a93e86e167a6092d3b632aac12a20	k__Bacteria; p__Chloroflexi; c__Anaerolineae; o__GCA004; f__; g__; s__	0.9999339434128247
3e778de9265c1f81138051ccba559c46	k__Bacteria; p__Chloroflexi; c__Anaerolineae; o__SHA-20; f__; g__; s__	0.9993549505329802
9b340f0bfdc9f49cdff94bd3ce584612	k__Bacteria; p__Chloroflexi; c__Anaerolineae; o__Caldilineales; f__Caldilineaceae; g__; s__	0.9957868584930982
4f52f98ff97ef991193bffdeb59c866a	k__Bacteria; p__Firmicutes; c__Clostridia; o__Clostridiales; f__Clostridiaceae; g__Clostridium; s__perfringens	0.9999389536401887
8f3c84efb1ca825f9ed1b25665eee167	k__Bacteria; p__Cyanobacteria; c__Chloroplast; o__Chlorophyta; f__; g__; s__	0.9702157675784872
7b72737817035c0136fe1b46fb25cee9	k__Bacteria; p__Firmicutes; c__Bacilli; o__Bacillales; f__Bacillaceae; g__Bacillus	0.7908120165003605
aec56be71ff045b58a54ba0c0a29bdd1	k__Bacteria; p__Firmicutes; c__Bacilli; o__Bacillales; f__Bacillaceae; g__Bacillus; s__	0.8547810246829163
2b8d8515b317ad9f14c9861dc9cbf949	k__Bacteria; p__Cyanobacteria; c__Chloroplast; o__Stramenopiles; f__; g__; s__	0.9999751230473586
88481e8ed7f7a396677f6fee07817b8e	k__Bacteria; p__Cyanobacteria; c__Synechococcophycideae; o__Pseudanabaenales; f__Pseudanabaenaceae; g__; s__	0.7766805108481833
3e9a7461df860430d8304299a369aa2f	k__Bacteria; p__Cyanobacteria; c__Chloroplast; o__; f__; g__; s__	0.999973272293177
514287d21349f90de46c74202bd9ef45	k__Bacteria; p__Proteobacteria; c__Alphaproteobacteria; o__Rhizobiales; f__Hyphomicrobiaceae; g__; s__	0.8699554314264663
6fbde7113caf742ed2b4c3a95ab1ef8f	k__Bacteria; p__Saccharibacteria_(TM7); c__TM7_[C-1]; o__TM7_[O-1]; f__TM7_[F-1]; g__TM7_[G-1]; s__sp._oral_taxon_346	0.95282078113306
4e3c3f6b877a96a42da2ee2083faa783	k__Bacteria; p__Proteobacteria; c__Betaproteobacteria; o__Neisseriales; f__Neisseriaceae; g__Neisseria	0.9612194341819531
1b30be277983b3553b89df30b3e20292	k__Bacteria; p__Bacteroidetes; c__Bacteroidia; o__Bacteroidales; f__Porphyromonadaceae; g__Tannerella	0.9999999669530218
5161808ca6943a409fbcba438d3cdc57	k__Bacteria; p__Firmicutes; c__Mollicutes; o__Mycoplasmatales; f__Mycoplasmataceae; g__Mycoplasma; s__salivarium	0.8714145560973979
7436fbd58e65bb302b2541cb0ca88065	k__Bacteria; p__Bacteroidetes; c__Cytophagia; o__Cytophagales; f__Cyclobacteriaceae; g__; s__	0.9998154927286234
649931306468efd84c83fa374bbc91be	k__Bacteria; p__Proteobacteria; c__Betaproteobacteria; o__Burkholderiales; f__Comamonadaceae	0.9975047936089221
e3af191bf835d4c47c195e78a4233c8d	k__Bacteria; p__Firmicutes; c__Negativicutes; o__Selenomonadales; f__Veillonellaceae; g__Anaeroglobus; s__geminatus	0.9557149591288725
11f923623992a373f25cad7e64cd8261	k__Bacteria; p__Bacteroidetes; c__Bacteroidia; o__Bacteroidales; f__Prevotellaceae; g__Prevotella	0.9923914817237556
082ed9bd385d1b7a5049f9b5fba38d3a	k__Bacteria; p__Bacteroidetes; c__Bacteroidia; o__Bacteroidales; f__Prevotellaceae; g__Prevotella; s__enoeca	0.9999999885571925
5475df4fd81ca3045b1d345c17fdd4b7	k__Bacteria; p__Proteobacteria; c__Gammaproteobacteria; o__Pasteurellales; f__Pasteurellaceae; g__Haemophilus	0.9230303136699929
00656a050c8f10b3d4b2422bec3f80e1	k__Bacteria; p__Firmicutes; c__Bacilli; o__Bacillales; f__Paenibacillaceae; g__Paenibacillus	0.9988350377641086
68a904682c06353535db4e1dfe6cfaf1	k__Bacteria; p__Firmicutes; c__Bacilli; o__Lactobacillales; f__Streptococcaceae; g__Lactococcus; s__lactis	0.7629213519469361
798f19e2ec2ed041e9cbfb745fc77cc8	k__Bacteria; p__Firmicutes; c__Bacilli; o__Bacillales; f__Paenibacillaceae; g__Paenibacillus; s__amylolyticus	0.9250136289058308
74943fd8495b7174266532f7ebfe2fd4	k__Bacteria; p__Firmicutes; c__Bacilli; o__Lactobacillales; f__Streptococcaceae; g__Lactococcus; s__lactis	0.9992605090621913
8506a9fe6d296b8ce8f3d679c5f769ca	k__Bacteria; p__Bacteroidetes; c__Bacteroidia; o__Bacteroidales; f__Prevotellaceae; g__Prevotella; s__pallens	0.9873652450041105
7aa310855a4748567be98ff04c5cf137	k__Bacteria; p__Firmicutes; c__Negativicutes; o__Selenomonadales; f__Veillonellaceae; g__Veillonella; s__rogosae	0.902094441991139
1a9ff4185646ba2438367ae64142cb5d	k__Bacteria; p__Proteobacteria; c__Betaproteobacteria; o__Neisseriales; f__Neisseriaceae; g__Eikenella	0.9849032825261961
be9b3412cc6f58106e944b494061b922	k__Bacteria; p__Proteobacteria; c__Gammaproteobacteria; o__Cardiobacteriales; f__Cardiobacteriaceae; g__Cardiobacterium; s__	0.7743285647295312
1772fee60536026542aacf9e8d0c9247	k__Bacteria; p__Synergistetes; c__Synergistia; o__Synergistales; f__Synergistaceae; g__Fretibacterium	0.9858123730123598
5df60494bd87caacb8a88dad8d01319b	k__Bacteria; p__Bacteroidetes; c__Bacteroidia; o__Bacteroidales; f__Prevotellaceae; g__Prevotella; s__disiens	0.9464299579240475
1eb2d4476f1c067555c32b009e9a6430	k__Bacteria; p__Firmicutes; c__Bacilli; o__Lactobacillales; f__Streptococcaceae; g__Streptococcus	0.9999998919058222
5bdc016eec2ba79ee6457c4ea42c322d	k__Bacteria; p__Firmicutes; c__Bacilli; o__Lactobacillales; f__Streptococcaceae; g__Streptococcus	0.9965144319101497
19800a06ac504e338e768420f098cbc0	k__Bacteria; p__Proteobacteria; c__Gammaproteobacteria; o__Pasteurellales; f__Pasteurellaceae; g__Haemophilus	0.8545108082243211
df787488cc11d9a2b88f4a687d5680c5	k__Bacteria	1.0000000000000058
253b47e7bb02a74d3704e7f450b9834b	k__Bacteria; p__Bacteroidetes; c__Bacteroidia; o__Bacteroidales; f__Porphyromonadaceae; g__Tannerella	0.9999995249681743
6068821e18035cedb9f9f9a177ef4809	k__Bacteria; p__Firmicutes; c__Clostridia; o__Clostridiales; f__Lachnospiraceae_[XIV]; g__Lachnoanaerobaculum; s__sp._oral_taxon_089	0.9999324428356383
43ab8f2cc10942340e48fb31a59b5898	k__Bacteria; p__Bacteroidetes; c__Bacteroidia; o__Bacteroidales; f__Prevotellaceae; g__Prevotella	0.9999999901701727
c5949415b389e5d778cfe327ccd50d7d	k__Bacteria; p__Bacteroidetes; c__Bacteroidia; o__Bacteroidales; f__Prevotellaceae; g__Prevotella	0.9999999999946405
8ae4f57f12a456971338c72ed856d7c3	k__Bacteria; p__Proteobacteria; c__Gammaproteobacteria; o__Pasteurellales; f__Pasteurellaceae; g__Haemophilus	0.8913750260123691
67735353f20575955bf1774ca7bbc269	k__Bacteria; p__Firmicutes; c__Bacilli; o__Gemellales; f__Gemellaceae; g__; s__	0.9478471627692191
224684b93a45880a24f3bae47dea83b9	k__Bacteria; p__Fusobacteria; c__Fusobacteriia; o__Fusobacteriales; f__Fusobacteriaceae; g__Fusobacterium	0.9682514421284851
f324e82a847e2b5f280f0c2551303e4b	k__Bacteria; p__Firmicutes; c__Bacilli; o__Lactobacillales; f__Streptococcaceae; g__Streptococcus	0.99994784553734
0aa409fbc909961fe11dfcca3d21d948	k__Bacteria; p__Bacteroidetes; c__Flavobacteriia; o__Flavobacteriales; f__Flavobacteriaceae; g__Capnocytophaga; s__sp._oral_taxon_326	0.83415890665195
af07c12bfde21de771498bbfc9fc8652	k__Bacteria; p__Proteobacteria; c__Gammaproteobacteria; o__Pasteurellales; f__Pasteurellaceae; g__Haemophilus	0.8832882821131491
9c2fc303bde621ff9fd2bb718f37bfd3	k__Bacteria; p__SR1; c__SR1_[C-1]; o__SR1_[O-1]; f__SR1_[F-1]; g__SR1_[G-1]; s__sp._oral_taxon_875	0.9700480238376262
b386db903ef593f5b2aedfd0130ab7cf	k__Bacteria; p__Bacteroidetes; c__Flavobacteriia; o__Flavobacteriales; f__Flavobacteriaceae; g__Capnocytophaga; s__sp._oral_taxon_326	0.9776860169547986
703846599d6b68a3069b177cb7521250	k__Bacteria; p__Firmicutes; c__Clostridia; o__Clostridiales; f__Peptostreptococcaceae_[XI]; g__Mogibacterium	0.9461382329529338
3fe5c32e41808d0251c6483c58b8b30b	k__Bacteria; p__Actinobacteria; c__Actinobacteria; o__Actinomycetales; f__Micrococcaceae; g__Rothia	0.8479309444669696
e1ae664a9b4167cb75eac64d9502cfc1	k__Bacteria; p__Bacteroidetes; c__Bacteroidia; o__Bacteroidales; f__Porphyromonadaceae; g__Tannerella	0.9999999209703343
132f2f7275b757c1840e77c9f3184a76	k__Bacteria; p__Bacteroidetes; c__Bacteroidia; o__Bacteroidales; f__Prevotellaceae; g__Prevotella; s__nanceiensis	0.9999066466508926
10d6b486c66cdf2dc9e1a98bc9c29708	k__Bacteria; p__Firmicutes; c__Bacilli; o__Lactobacillales; f__Streptococcaceae; g__Streptococcus	0.9699147933052107
a33f20db112c8f16d1edb37d54f4faec	k__Bacteria; p__Firmicutes; c__Clostridia; o__Clostridiales; f__Lachnospiraceae_[XIV]; g__Catonella; s__morbi	0.9616054253049717
8c3f8079455a3ed9e1e844645eaa970b	k__Bacteria; p__Firmicutes; c__Negativicutes; o__Selenomonadales; f__Veillonellaceae; g__Mitsuokella; s__sp._oral_taxon_131	0.99999880373665
64bcb3847373ca8d43d2429ccf4971ee	k__Bacteria; p__Firmicutes; c__Bacilli; o__Gemellales; f__Gemellaceae; g__; s__	0.8492371329478131
b3d5112a7af174b23f5619fc731dcf3d	k__Bacteria; p__Firmicutes; c__Bacilli; o__Lactobacillales; f__Streptococcaceae; g__Streptococcus	0.9999798365213761
bff815f3a869ed24c1c478811e45ff1f	k__Bacteria; p__Bacteroidetes; c__Bacteroidia; o__Bacteroidales	1.0000000000000067
1963980df96e8388defee5fc111d3dc3	k__Bacteria; p__Firmicutes; c__Clostridia; o__Clostridiales; f__Peptostreptococcaceae_[XI]; g__Peptostreptococcaceae_[XI][G-7]; s__[Eubacterium]_yurii_subsps._yurii_&_margaretiae	0.8827217685721926
d3b526566fa052348c7226fc7c2a5902	k__Bacteria; p__Fibrobacteres; c__Fibrobacteria; o__Fibrobacterales; f__Fibrobacteraceae; g__Fibrobacter; s__	0.999999999578705
36d73c8ff3ae1a0807bfb1ddee278494	k__Bacteria; p__Firmicutes; c__Bacilli; o__Lactobacillales	0.9922915995835916
fc9d892636ba2d3858331d1f0ed6dd5c	k__Bacteria; p__Bacteroidetes; c__Bacteroidia; o__Bacteroidales; f__Prevotellaceae; g__Alloprevotella; s__sp._oral_taxon_473	0.9999770916893554
c166e07e32dda19a39957db53b9c36f0	k__Bacteria; p__Bacteroidetes; c__Bacteroidia; o__Bacteroidales; f__[Paraprevotellaceae]; g__[Prevotella]; s__tannerae	0.8551795740360885
a4e7ea1ecde2d33f8a74371a94e0961d	k__Bacteria; p__Bacteroidetes; c__Bacteroidia; o__Bacteroidales; f__Porphyromonadaceae; g__Tannerella	0.999999872205404
52264fc89e27330e299f383421055335	k__Bacteria; p__Actinobacteria; c__Actinobacteria	0.9999999999999931
6b4b763db6dc21831c7f5ea98e9caff2	k__Bacteria; p__Bacteroidetes; c__Bacteroidia; o__Bacteroidales; f__Prevotellaceae; g__Prevotella	0.9996925364094128
688831a8d725753118e1be888934c253	k__Bacteria; p__Firmicutes; c__Clostridia; o__Clostridiales; f__Peptostreptococcaceae_[XI]; g__Peptostreptococcaceae_[XI][G-4]; s__sp._oral_taxon_369	0.8599018442162552
d1b7b1bb54b0dc88d5908f84ed677356	k__Bacteria; p__Proteobacteria; c__Epsilonproteobacteria; o__Campylobacterales; f__Campylobacteraceae; g__Campylobacter; s__gracilis	0.9726944549593362
24ae7ef7f4956e812fafb5d7f630eca6	k__Bacteria; p__Bacteroidetes; c__Bacteroidia; o__Bacteroidales	1.000000000000001
feb889bb28994d39a3536086bd8eacf3	k__Bacteria; p__Proteobacteria; c__Betaproteobacteria; o__Neisseriales; f__Neisseriaceae; g__Neisseria	0.8839726199707252
6bec942bf6743bb5526c56fd5e84277d	k__Bacteria; p__Bacteroidetes; c__Bacteroidia; o__Bacteroidales; f__Bacteroidaceae; g__Bacteroides; s__stercoris	0.9434201778511558
5481ebbd372be16d1d05d5e0b9a74ef2	k__Bacteria; p__Spirochaetes; c__Spirochaetia; o__Spirochaetales; f__Spirochaetaceae; g__Treponema; s__sp._oral_taxon_237	0.8046992393751026
24cfea688419df7fd2246e1a322c3357	k__Bacteria	0.984082505418613
287362ec8ccd8aa4853701240945cdf8	k__Bacteria; p__Firmicutes	0.9999988176683886
99ebd7bd84f086975f6b624b9127e66e	k__Bacteria; p__Spirochaetes; c__Spirochaetia; o__Spirochaetales; f__Spirochaetaceae; g__Treponema	0.999999944285773
634ae14ef4d5cc23fc23a72892f5932a	k__Bacteria; p__Bacteroidetes; c__Flavobacteriia; o__Flavobacteriales; f__Flavobacteriaceae; g__Flavobacterium; s__gelidilacus	0.9980574541045512
87c3ce11c4b7f4a510f6631a67e45480	k__Bacteria; p__Bacteroidetes; c__Bacteroidia; o__Bacteroidales; f__Prevotellaceae; g__Prevotella; s__buccalis	0.9996603321055347
4edf1044c15dc5d4abd86a1e45b0f166	k__Bacteria; p__Firmicutes; c__Bacilli; o__Lactobacillales; f__Streptococcaceae; g__Streptococcus	0.9999862321111571
564c6cfe9c9dfe17c0e4e8314d14fec7	k__Bacteria; p__Proteobacteria; c__Betaproteobacteria; o__Neisseriales; f__Neisseriaceae; g__Kingella; s__	0.9982716978429882
b59322f7ba1803e9e293bc75a7a2720e	k__Bacteria; p__Gracilibacteria_(GN02); c__GN02_[C-1]; o__GN02_[O-1]; f__GN02_[F-1]; g__GN02_[G-1]; s__sp._oral_taxon_871	0.9999090612576721
df14ca51d736661c53058a6a20364638	k__Bacteria; p__Bacteroidetes; c__Bacteroidia; o__Bacteroidales; f__Prevotellaceae; g__Alloprevotella; s__rava	0.9998350158900478
b4df81e7cfa939198f4d33a376dc3ebb	k__Bacteria; p__Firmicutes; c__Clostridia; o__Clostridiales; f__Peptococcaceae; g__Peptococcus; s__sp._oral_taxon_167	0.8887518183011776
2dda8068fcdefdc65cd1f29e53aa7901	k__Bacteria; p__Bacteroidetes; c__Bacteroidetes_[C-1]; o__Bacteroidetes_[O-1]; f__Bacteroidetes_[F-1]; g__Bacteroidetes_[G-5]; s__sp._oral_taxon_511	0.9999244753439859
da67436a20e629448184f67e67fc5e26	k__Bacteria; p__Firmicutes; c__Negativicutes; o__Selenomonadales; f__Veillonellaceae; g__Selenomonas; s__sputigena	0.9489523916989684
81bcdf22768969072d6bcd708fe41918	k__Bacteria; p__Firmicutes; c__Bacilli; o__Lactobacillales; f__Streptococcaceae; g__Streptococcus; s__sobrinus	0.8598062059666749
d5c1144e1e03a5b98a00b432eddad886	k__Bacteria; p__Bacteroidetes; c__Bacteroidia; o__Bacteroidales; f__Porphyromonadaceae; g__Tannerella	0.99999996899266
90b75103da34c2279e8dfeb3776c3129	k__Bacteria; p__Firmicutes; c__Bacilli; o__Lactobacillales; f__Streptococcaceae; g__Streptococcus	0.9999998019023782
9e9d9f3f169494f0b8f041a036e4c993	k__Bacteria; p__Fusobacteria; c__Fusobacteriia; o__Fusobacteriales; f__Fusobacteriaceae; g__Fusobacterium	0.9810498118708054
e959d9faecc9c8252bdd8d00fd37b236	k__Bacteria; p__Bacteroidetes	0.9999999923111703
7e166b36009513d0d0abadaff5b2efd7	k__Bacteria; p__Firmicutes; c__Clostridia; o__Clostridiales; f__Peptostreptococcaceae; g__Filifactor; s__	0.9050638831912826
b92c74add182c66f1fefaf7f4a2df35d	k__Bacteria; p__Firmicutes; c__Clostridia; o__Clostridiales; f__Peptostreptococcaceae_[XI]; g__Peptostreptococcaceae_[XI][G-5]; s__[Eubacterium]_saphenum	0.9999960525594568
7bd1d4b1de085c35f0f06755da536c7d	k__Bacteria	0.9999999998453514
a3a12bd2f60736c8c0fbb99053c01d79	k__Bacteria; p__Firmicutes; c__Clostridia; o__Clostridiales	0.9999999999984395
de7023853c0bf77f59f6e993c2f5d299	k__Bacteria; p__TM7; c__TM7-3; o__CW040; f__F16; g__; s__	0.9999601303199094
723479d450676a9d3670b7a878fdd51b	k__Bacteria; p__Bacteroidetes; c__Flavobacteriia; o__Flavobacteriales; f__Flavobacteriaceae; g__Capnocytophaga	0.9999999999969503
5447ffd0269d2e5efaccd331ba5adb20	k__Bacteria; p__Firmicutes; c__Bacilli	0.9999999277142707
6ef7fd26062385d484e1adb0e7e687bd	k__Bacteria	0.9566577684307647
ccedbf63d16df7cd6ab3142c162e7b6c	k__Bacteria; p__Firmicutes; c__Negativicutes; o__Selenomonadales; f__Veillonellaceae; g__Veillonella	0.9266814331748863
9d183da678d181d16626e9459193f438	k__Bacteria; p__Firmicutes; c__Negativicutes; o__Selenomonadales; f__Veillonellaceae; g__Veillonella; s__rogosae	0.8938481716432035
0d34a453c1042f2c1abc1a80d53a375f	k__Bacteria; p__Actinobacteria; c__Actinobacteria; o__Actinomycetales; f__Actinomycetaceae	0.999999937150454
acb46a33b36a817bb0fa61631176092c	k__Bacteria; p__Bacteroidetes; c__Bacteroidia; o__Bacteroidales; f__Prevotellaceae; g__Prevotella; s__maculosa	0.999900644244972
95a631abc73ad7a0f5d16f455ccb5d18	k__Bacteria; p__Firmicutes; c__Bacilli; o__Lactobacillales; f__Streptococcaceae; g__Streptococcus	0.9999975335577483
5e37cb4c129b6d79ca860e92009f04fe	k__Bacteria; p__Fusobacteria	0.999999247385695
dba6da93e643ad2e786971accd0d321b	k__Bacteria; p__Bacteroidetes; c__Sphingobacteriia; o__Sphingobacteriales; f__Sphingobacteriaceae; g__Pedobacter; s__glucosidilyticus	0.9999967320505725
cd09eb4856b1417505d16a3fb380ac8c	k__Bacteria; p__Firmicutes; c__Clostridia; o__Clostridiales; f__Peptostreptococcaceae_[XI]; g__Peptostreptococcaceae_[XI][G-7]; s__sp._oral_taxon_081	0.9828209437866047
162c03c74cf2a0ee8aaf657f4ccf22ed	k__Bacteria; p__Bacteroidetes; c__Bacteroidia; o__Bacteroidales; f__Prevotellaceae; g__Prevotella; s__intermedia	0.9999995463943526
821014a7764040dc40bc37b577649dbc	k__Bacteria; p__Bacteroidetes; c__Flavobacteriia; o__Flavobacteriales; f__Flavobacteriaceae; g__Capnocytophaga; s__leadbetteri	0.882609050148914
a28beb7eaa3c4db6cd6a954afa8f0146	k__Bacteria; p__Proteobacteria; c__Betaproteobacteria; o__Burkholderiales; f__Comamonadaceae	0.9997008936647025
f3c4fd9b65a299ddccd76a69aeea1a9f	k__Bacteria; p__Firmicutes; c__Bacilli	0.9998352587274104
51f61d764de40db4cd7c2cac3bbb01af	k__Bacteria; p__Proteobacteria; c__Betaproteobacteria; o__Methylophilales; f__Methylophilaceae; g__; s__	0.9978369875942955
002f07f263ddfa9fc64c96ba916c7800	k__Bacteria; p__Bacteroidetes; c__Bacteroidia; o__Bacteroidales; f__Porphyromonadaceae; g__Porphyromonas; s__sp._oral_taxon_930	0.9968625533013641
cfdd0347578fd5fca7087fb651891649	k__Bacteria; p__Gracilibacteria_(GN02); c__GN02_[C-1]; o__GN02_[O-1]; f__GN02_[F-1]; g__GN02_[G-1]; s__sp._oral_taxon_871	0.9999275451759697
b0cf6e3bd4f6e1ec6ac2301c2120ce34	k__Bacteria; p__Firmicutes; c__Clostridia; o__Clostridiales; f__Lachnospiraceae_[XIV]; g__Lachnoanaerobaculum; s__umeaense	0.9777143367138155
8e223286d007bfd4e04d917c54523c31	k__Bacteria; p__Firmicutes; c__Negativicutes; o__Selenomonadales; f__Veillonellaceae; g__Veillonella	0.9624637230552076
ef367e1bb3202454e1c70ad8aa7e41bf	k__Bacteria; p__Bacteroidetes; c__Bacteroidia; o__Bacteroidales; f__Prevotellaceae; g__Prevotella; s__denticola	0.9958931186530692
fd4727cacad6ce4fdc05c612c4b42658	k__Bacteria; p__Spirochaetes; c__Spirochaetia; o__Spirochaetales; f__Spirochaetaceae; g__Treponema; s__maltophilum	0.870318452587016
d33f2bdb8fb38d5c61cd3cc7ecfa3584	k__Bacteria; p__Proteobacteria; c__Gammaproteobacteria; o__Pasteurellales; f__Pasteurellaceae	0.999999999714862
25cd208d40e702cb3e1f250090777c5e	k__Bacteria; p__Firmicutes; c__Clostridia; o__Clostridiales; f__Lachnospiraceae_[XIV]; g__Catonella; s__morbi	0.9638372340329437
5f3f37e0a0777305f2d59e2f60bedc3e	k__Bacteria; p__Bacteroidetes; c__Bacteroidia; o__Bacteroidales; f__Prevotellaceae; g__Alloprevotella; s__rava	0.9996201274684401
e03b5c707d1b8374e05193a1b94c2e86	k__Bacteria; p__Firmicutes; c__Clostridia; o__Clostridiales; f__Peptostreptococcaceae; g__Filifactor; s__	0.986820234743107
5090c4e9e614c43ed056683d60f50bcb	k__Bacteria; p__Firmicutes; c__Bacilli; o__Lactobacillales; f__Lactobacillaceae; g__Lactobacillus; s__crispatus	0.9553211141562633
f6f9c6840a7788cfc3b01f3458f5d475	k__Bacteria; p__Spirochaetes; c__Spirochaetia; o__Spirochaetales; f__Spirochaetaceae; g__Treponema	0.998460870565892
21e91e5755ec84db84f4eee54fdc55cf	k__Bacteria; p__Firmicutes; c__Bacilli; o__Lactobacillales; f__Streptococcaceae; g__Streptococcus	0.9999480497180764
3aaea05a8ef34bf8d241bffe2a534486	k__Bacteria; p__Firmicutes; c__Bacilli; o__Bacillales; f__Staphylococcaceae; g__Staphylococcus	0.9992609926354323
e9b48a4ed7e68acaf861bcd87944ee90	k__Bacteria; p__Firmicutes; c__Bacilli; o__Lactobacillales; f__Enterococcaceae	0.7207985389585633
2c4475ec3961864956dae6bd38c0e641	k__Bacteria; p__Bacteroidetes; c__[Saprospirae]; o__[Saprospirales]; f__Chitinophagaceae; g__Sediminibacterium; s__	0.999813903923461
4ab80df651c783c2b082e9f1919365fd	k__Bacteria; p__Proteobacteria; c__Gammaproteobacteria; o__Xanthomonadales; f__Sinobacteraceae; g__Nevskia; s__ramosa	0.9997827249689937
6c7ff640bf93a6d7da9ce15c269a709d	k__Bacteria; p__Firmicutes; c__Clostridia; o__Clostridiales; f__Lachnospiraceae_[XIV]; g__Lachnospiraceae_[G-8]; s__sp._oral_taxon_500	0.9999999859362704
3cfa8b9eccedc8d1c71fe58b0e3aff69	k__Bacteria; p__Bacteroidetes; c__Bacteroidia; o__Bacteroidales; f__Prevotellaceae; g__Prevotella; s__saccharolytica	0.9999998378455206
b9f879276c10c141aa38ca3650bc8a72	k__Bacteria; p__Firmicutes; c__Clostridia; o__Clostridiales; f__Lachnospiraceae_[XIV]; g__Lachnospiraceae_[G-7]; s__sp._oral_taxon_163	0.958368708362506
00340f0c3e18bcbff20063959f65fdd7	k__Bacteria; p__Spirochaetes; c__Spirochaetia; o__Spirochaetales; f__Spirochaetaceae; g__Treponema; s__lecithinolyticum	0.9997467210275776
546f8e97f8ab39987be8d2df3c307a70	k__Bacteria; p__Firmicutes; c__Bacilli; o__Lactobacillales; f__Streptococcaceae; g__Streptococcus	0.9907410981247644
426fd6704a2a3aea6d9c7caf42497a71	k__Bacteria	0.9999999986247655
a3ddd31c282e6b50ecda8b9efd1ecba0	k__Bacteria; p__Spirochaetes; c__Spirochaetia; o__Spirochaetales; f__Spirochaetaceae; g__Treponema; s__denticola	0.982886470002316
483377aea851b9a259ed67dcf358e0e3	k__Bacteria; p__Firmicutes; c__Clostridia; o__Clostridiales; f__[Mogibacteriaceae]; g__Mogibacterium; s__	0.9997593671201657
cb34c821fd0f0fba10e74c364bedcbb2	k__Bacteria; p__Spirochaetes; c__Spirochaetia; o__Spirochaetales; f__Spirochaetaceae; g__Treponema; s__sp._oral_taxon_258	0.9773295421813918
c8281455bfcc2a86e37ad74ff3b07b30	k__Bacteria; p__Firmicutes; c__Negativicutes; o__Selenomonadales; f__Veillonellaceae; g__Dialister; s__invisus	0.7890250407355434
c3b3f84038aead91d41d362081fbaf8a	k__Bacteria; p__Firmicutes; c__Clostridia; o__Clostridiales; f__Peptostreptococcaceae_[XI]; g__Peptostreptococcaceae_[XI][G-7]; s__sp._oral_taxon_081	0.9999999697514999
de08abbc45efdf3bb598a3f82f60efe4	k__Bacteria; p__Bacteroidetes; c__Bacteroidetes_[C-1]; o__Bacteroidetes_[O-1]; f__Bacteroidetes_[F-1]; g__Bacteroidetes_[G-3]; s__sp._oral_taxon_503	0.9999999999992042
639e3b30b8260a4c9fef9f17496898ee	k__Bacteria; p__Firmicutes; c__Bacilli; o__Gemellales; f__Gemellaceae; g__; s__	0.9802250234397275
f83db7ee7cd39bf091941da8ae38529a	k__Bacteria; p__Firmicutes; c__Bacilli; o__Lactobacillales; f__Streptococcaceae; g__Streptococcus	0.999995002076825
1ffc7f0f5cff8565b8e8b2417099e253	k__Bacteria; p__Proteobacteria; c__Betaproteobacteria; o__Burkholderiales; f__Burkholderiaceae; g__Lautropia; s__mirabilis	0.9478024851429887
c67b5679980e4b32d9e0e9f0a4303ebf	k__Bacteria; p__Firmicutes; c__Bacilli; o__Lactobacillales; f__Streptococcaceae; g__Streptococcus	0.9936531249121647
2b5d6f82eb22c9f2c2096db92e5ebd87	k__Bacteria; p__Cyanobacteria; c__Chloroplast; o__Stramenopiles; f__; g__; s__	0.99809552241955
478bc487a490f5324776d576e8f0e9f4	k__Bacteria; p__Firmicutes; c__Erysipelotrichia; o__Erysipelotrichales; f__Erysipelotrichaceae; g__Erysipelotrichaceae_[G-1]; s__sp._oral_taxon_904	0.9546883506982302
4be231a95796e75e433ab3b63506af37	k__Bacteria; p__Bacteroidetes; c__Flavobacteriia; o__Flavobacteriales; f__Flavobacteriaceae; g__Capnocytophaga; s__gingivalis	0.9783311179525297
4bd2f8b55175ed6a65220b36126b56db	k__Bacteria; p__Firmicutes; c__Clostridia; o__Clostridiales; f__Peptostreptococcaceae_[XI]; g__Peptostreptococcaceae_[XI][G-1]; s__[Eubacterium]_infirmum	0.864063599360816
2ef1a65260b615e41768bc7f5f7584d1	k__Bacteria; p__Bacteroidetes; c__Bacteroidia; o__Bacteroidales; f__Prevotellaceae; g__Alloprevotella; s__rava	0.9999956522299285
75a05b966c988dbc2d781a30a72c7ade	k__Bacteria; p__Bacteroidetes; c__Bacteroidia; o__Bacteroidales; f__Prevotellaceae; g__Prevotella	0.9999863437858934
d20d47371c48d1daabce8ea6077e6872	k__Bacteria; p__Fusobacteria; c__Fusobacteriia; o__Fusobacteriales; f__Leptotrichiaceae; g__Leptotrichia; s__sp._oral_taxon_218	0.9996764897754793
0574f235beeb67bd0ae2b18deda043cc	k__Bacteria; p__Firmicutes; c__Clostridia; o__Clostridiales	0.9999999999816106
b1515e5b98ec60213e84eb867263d911	k__Bacteria; p__Proteobacteria; c__Gammaproteobacteria; o__Cardiobacteriales; f__Cardiobacteriaceae; g__Cardiobacterium	0.9913810663379619
7c6344e46557ee53b6f28dea340eac13	k__Bacteria; p__Actinobacteria; c__Actinobacteria; o__Bifidobacteriales; f__Bifidobacteriaceae; g__Parascardovia; s__denticolens	0.8325134326510326
d69123f5d9308e0b240cbebcf1f0044c	k__Bacteria; p__Actinobacteria; c__Actinobacteria; o__Actinomycetales; f__Actinomycetaceae; g__Actinomyces; s__graevenitzii	0.7026243804898921
2231bb8a2ea2e10d502600b8f0c4f341	k__Bacteria; p__Fusobacteria; c__Fusobacteriia; o__Fusobacteriales; f__Fusobacteriaceae; g__Fusobacterium; s__gonidiaformans	0.8117041233098341
c1e826a11724730efa221d6faa94587d	k__Bacteria; p__Bacteroidetes; c__Bacteroidia; o__Bacteroidales; f__Prevotellaceae; g__Alloprevotella; s__rava	0.9999802955560859
99935370eb2916a6c469e66411f79beb	k__Bacteria; p__Proteobacteria; c__Betaproteobacteria; o__Neisseriales; f__Neisseriaceae; g__Kingella	0.9977740612516446
49be2817ff51160f4968b5ea0fcaec49	k__Bacteria; p__Firmicutes; c__Bacilli; o__Bacillales; f__Gemellaceae; g__Gemella	0.7249118352001972
da897b69ad9834e20826af50524fc18a	k__Bacteria; p__Proteobacteria; c__Gammaproteobacteria; o__Pasteurellales; f__Pasteurellaceae; g__Haemophilus; s__pittmaniae	0.776017985736089
56656362b56c300d17f0a8bb51446d08	k__Bacteria; p__Firmicutes; c__Bacilli; o__Lactobacillales; f__Streptococcaceae; g__Streptococcus	0.9997703610759934
9f9472bad3cfe4670ba963352d211d79	k__Bacteria; p__Firmicutes; c__Clostridia; o__Clostridiales; f__Lachnospiraceae_[XIV]; g__Lachnospiraceae_[G-3]; s__sp._oral_taxon_100	0.9999999737471942
80940ca7f3d0ae456aa6a7b60f350456	k__Bacteria; p__Bacteroidetes; c__Bacteroidia; o__Bacteroidales; f__Prevotellaceae; g__Prevotella	0.9999999999999923
b0d64023c06821728da303deb6db5658	k__Bacteria; p__Firmicutes; c__Erysipelotrichia; o__Erysipelotrichales; f__Erysipelotrichaceae; g__Erysipelotrichaceae_[G-1]; s__sp._oral_taxon_904	0.9892649027629866
8b2279a6d59e51bab8699e99efc3cd4d	k__Bacteria; p__Proteobacteria; c__Gammaproteobacteria; o__Pseudomonadales; f__Moraxellaceae; g__Acinetobacter	0.9999970822203238
cc70ac11c731d8e27bdc7cd90557dfc1	k__Bacteria; p__Firmicutes; c__Negativicutes; o__Selenomonadales; f__Veillonellaceae; g__Selenomonas	0.9992963482673435
79c711eee9fe4c901bbb27acbf613436	k__Bacteria; p__Firmicutes; c__Clostridia; o__Clostridiales; f__Peptococcaceae; g__Peptococcus; s__sp._oral_taxon_167	0.9144656288528352
d858a970dd221c854d3deff90d3b601e	k__Bacteria; p__Firmicutes; c__Clostridia; o__Clostridiales; f__Peptostreptococcaceae_[XI]; g__Peptostreptococcaceae_[XI][G-7]	0.9999981773924385
167f6a91ecb9416208c9cca26181d4d2	k__Bacteria; p__Proteobacteria; c__Gammaproteobacteria; o__Pasteurellales; f__Pasteurellaceae; g__Haemophilus	0.8621075707782314
cef9b3f7594180bf6d968c0ed3dd117d	k__Bacteria; p__Chlorobi; c__SJA-28; o__; f__; g__; s__	0.9999999957232291
5fb8b372d446c5a7667aee93a1a2bda6	k__Bacteria; p__Proteobacteria; c__Deltaproteobacteria; o__Desulfobacterales; f__Desulfobacteraceae	0.9999937128288102
82969faa0a963ec39cf5690e719d5a2c	k__Bacteria; p__Bacteroidetes	0.9999999999999988
80bf84f2605fb0f290809aa869e9572d	k__Bacteria; p__Proteobacteria; c__Gammaproteobacteria; o__Alteromonadales; f__[Chromatiaceae]; g__Rheinheimera; s__	0.9999832879759483
26e8e3a0c3681538186dee2fbaefff55	k__Bacteria; p__Firmicutes; c__Negativicutes; o__Selenomonadales; f__Veillonellaceae; g__Veillonella	0.9346288204800883
76603a46cc2ae544b88bebfc3e74a917	k__Bacteria; p__Firmicutes; c__Bacilli; o__Lactobacillales; f__Streptococcaceae; g__Streptococcus	0.999999797603408
d377b2d9e5422d556003bebcb237a1f5	k__Bacteria; p__Firmicutes	0.9999999999994437
e8615fd27c7c26e03f6674331fa3b077	k__Bacteria; p__Firmicutes; c__Negativicutes; o__Selenomonadales; f__Veillonellaceae; g__Selenomonas	0.9990600197212629
41fa169f0cc98a1f2ed62ab8f1b9f616	k__Bacteria; p__Actinobacteria; c__Thermoleophilia; o__Solirubrobacterales; f__; g__; s__	0.9999999385597694
33ef0ecf543570ad680a028bcf519f1c	k__Bacteria; p__Proteobacteria; c__Gammaproteobacteria; o__Methylococcales; f__Methylococcaceae; g__Methylocaldum; s__	0.9367549086830219
7c30bc496d2f5511192368adc6fbaf48	k__Bacteria; p__Proteobacteria; c__Deltaproteobacteria; o__; f__; g__; s__	0.9987817221621785
2779848d429346a46c7db073a9858993	k__Bacteria; p__Firmicutes; c__Clostridia; o__Clostridiales; f__Clostridiaceae; g__Clostridium	0.9751027671201263
158f2dfdeb0d6ed620fabb00f24e7904	k__Bacteria; p__Firmicutes	0.9997293523917676
9768f38024ba24051624945d834d099c	k__Bacteria; p__Firmicutes; c__Clostridia; o__Clostridiales; f__Lachnospiraceae_[XIV]; g__Lachnospiraceae_[G-3]; s__sp._oral_taxon_100	0.9999999098003981
ed2e63c1fdebb6057e28904f7470f278	k__Bacteria; p__Firmicutes; c__Clostridia; o__Clostridiales	0.9999783059849582
5159e5b7ce8bd24cee0622699287f1c2	k__Bacteria; p__Firmicutes; c__Negativicutes; o__Selenomonadales; f__Veillonellaceae; g__Mitsuokella; s__sp._oral_taxon_521	0.9999815226990232
eb77bf30bdcd5d31b90cce7da3650298	k__Bacteria; p__Bacteroidetes; c__Flavobacteriia; o__Flavobacteriales; f__Flavobacteriaceae; g__Capnocytophaga; s__gingivalis	0.9607724916500706
f3f46e78a25ed708a428cf4370bdef8c	k__Bacteria; p__Proteobacteria; c__Alphaproteobacteria; o__Rickettsiales; f__mitochondria	0.9999999999646798
b734cc30ad400f1ccad4e0a65dcf62ff	k__Bacteria; p__Proteobacteria; c__Betaproteobacteria; o__Neisseriales; f__Neisseriaceae; g__Neisseria	0.9990146774173088
33c4cbd9db404ea6c4d7685ba1ef66fd	k__Bacteria; p__Saccharibacteria_(TM7); c__TM7_[C-1]; o__TM7_[O-1]; f__TM7_[F-1]; g__TM7_[G-1]; s__sp._oral_taxon_352	0.9591354436938516
748811989f5c82c0e106e94258a48570	k__Bacteria; p__Firmicutes; c__Clostridia; o__Clostridiales; f__Lachnospiraceae_[XIV]; g__Butyrivibrio; s__sp._oral_taxon_455	0.9471215425930114
28d5329f2e745ddaac968a7e09dd5175	k__Bacteria; p__Firmicutes; c__Negativicutes; o__Selenomonadales; f__Veillonellaceae; g__Selenomonas; s__artemidis	0.9596758549003924
48d0859b514a6cd3e982b2ef5746157c	k__Bacteria; p__Firmicutes; c__Bacilli; o__Bacillales; f__Staphylococcaceae; g__Staphylococcus	0.9995522457082406
646322dd8d5b5242f3028a0c901bceea	k__Bacteria; p__Firmicutes; c__Clostridia; o__Clostridiales; f__Lachnospiraceae_[XIV]; g__Lachnoanaerobaculum; s__orale	0.8854901432237995
aca0a208fc5394c09917385b25556318	k__Bacteria; p__Saccharibacteria_(TM7); c__TM7_[C-1]; o__TM7_[O-1]; f__TM7_[F-1]; g__TM7_[G-1]; s__sp._oral_taxon_349	0.99749416248924
13ba4ba8b754a43da62f3c28b202d385	k__Bacteria; p__Spirochaetes; c__Spirochaetia; o__Spirochaetales; f__Spirochaetaceae; g__Treponema; s__sp._oral_taxon_237	0.8046992395925822
793e91ade00a6428e81b240b0f29b6b4	k__Bacteria; p__Proteobacteria; c__Betaproteobacteria; o__Neisseriales; f__Neisseriaceae; g__Neisseria; s__sp._oral_taxon_020	0.9055086126702453
59bdde8eb6bdc5020a75f6d832148ad8	k__Bacteria; p__Firmicutes; c__Clostridia; o__Clostridiales; f__Clostridiaceae; g__Clostridium; s__	0.880699076447416
184b6e618cb5f33fcbb1454a9264744a	k__Bacteria; p__Chloroflexi; c__Anaerolineae; o__GCA004; f__; g__; s__	0.9998337002303157
470d597322325d560facc6c3c743bb6b	k__Bacteria; p__Planctomycetes; c__Planctomycetia; o__Pirellulales; f__Pirellulaceae; g__; s__	0.9997968421598685
8b0df61522e49f8a67058e1a7853fe7c	k__Bacteria; p__Planctomycetes; c__Planctomycetia; o__Pirellulales; f__Pirellulaceae; g__; s__	0.9999999780959572
71ba2cbab3c79f81312a4c3f6363e058	k__Bacteria; p__Chloroflexi; c__Anaerolineae; o__MSB-1E9; f__; g__; s__	0.99999901135792
a01244c030e38f1f3f3827d25e2ce77a	k__Bacteria; p__Proteobacteria; c__Gammaproteobacteria; o__Alteromonadales; f__[Chromatiaceae]; g__Alishewanella; s__	0.939516342128229
88a5668824dbd6bf29b64275b096c508	k__Bacteria; p__Chlamydiae; c__Chlamydiia; o__Chlamydiales; f__Parachlamydiaceae; g__; s__	0.9256165237024445
27224741168a732f653363ffa1f7178a	k__Bacteria; p__Firmicutes; c__Bacilli; o__Bacillales; f__Bacillaceae; g__Bacillus; s__cereus	0.8569827926253909
a38079dea12f99fc499f96e81b6ecd63	k__Bacteria; p__Planctomycetes; c__Planctomycetia; o__Pirellulales; f__Pirellulaceae; g__Planctomycete; s__LF1	0.9998768541127507
6e22ce77ea4e91ec418a65b858066c13	k__Bacteria; p__Proteobacteria; c__Deltaproteobacteria; o__Syntrophobacterales; f__Syntrophorhabdaceae; g__; s__	0.9999999017647146
52a728a738ecfe115ac54e7f71afe21c	k__Bacteria; p__Proteobacteria; c__Alphaproteobacteria; o__Rhizobiales; f__Hyphomicrobiaceae; g__; s__	0.9992787706686673
3ae835b1f09c5c7c52d0f507b8551b6d	k__Bacteria; p__Actinobacteria; c__Actinobacteria; o__Actinomycetales; f__Intrasporangiaceae	0.9999778981515618
43f605ce168de7d29f2828e1b2ce6f70	k__Bacteria; p__Firmicutes; c__Bacilli; o__Bacillales	0.9995659746470769
d92dc6fab78936ea18409d807362571d	k__Bacteria; p__Firmicutes; c__Clostridia; o__Clostridiales; f__Clostridiaceae; g__Clostridium; s__neonatale	0.9995689318198034
e46c1e7f90dcd53faf9c6741db04e095	k__Bacteria; p__Proteobacteria; c__Alphaproteobacteria; o__Rhizobiales; f__Hyphomicrobiaceae	0.9577424802669166
dd98633cf07a848f18f967a53904da6a	k__Bacteria; p__Proteobacteria; c__Alphaproteobacteria; o__Rhodospirillales; f__Rhodospirillaceae; g__; s__	0.8892344429732603
251f90427d2ceea816ee980c2933767a	k__Bacteria; p__Planctomycetes; c__Planctomycetia; o__Pirellulales; f__Pirellulaceae; g__; s__	0.9690612690426221
a666746c1c10fac86ee74dfbc1638bb8	k__Bacteria; p__Chloroflexi; c__Ellin6529; o__; f__; g__; s__	0.9999999995447979
f5701a0f787faa2b9a15dc224f7693f9	k__Bacteria; p__Proteobacteria; c__Alphaproteobacteria; o__Rhizobiales; f__Methylobacteriaceae; g__Methylobacterium	0.9999999933696503
3604dd57197e3831bb6efd0fe492393a	k__Bacteria; p__Planctomycetes; c__Planctomycetia; o__Pirellulales; f__Pirellulaceae; g__; s__	0.9999946240905309
6acc9d31213bc6859267d918b06ecc54	k__Bacteria; p__Proteobacteria; c__Gammaproteobacteria; o__Chromatiales; f__Chromatiaceae; g__; s__	0.998455603424445
74e25b5d23f94d0009caebf2e03c9763	k__Bacteria; p__Chloroflexi; c__Anaerolineae; o__SJA-15; f__; g__; s__	0.9999919982773773
545df045c96f09f938f80fbdbcc256fb	k__Bacteria; p__Cyanobacteria; c__Chloroplast; o__; f__; g__; s__	0.9964976829288973
fc460e5540d3833d71a953b52e49a42b	k__Bacteria; p__Proteobacteria; c__Betaproteobacteria; o__Neisseriales; f__Neisseriaceae; g__Neisseria	0.9986851557566495
93d12ab397a1b67df837c1936849c02a	k__Bacteria; p__Firmicutes	0.9999987652160168
72410ac276e96c56b0883c5656dc351c	k__Bacteria; p__Firmicutes; c__Negativicutes; o__Selenomonadales; f__Veillonellaceae; g__Selenomonas; s__sputigena	0.9459491647772639
25bf131e762a070ec92b711ddfc58871	k__Bacteria; p__Firmicutes	0.9999987504559232
382d0add8752eb67737aac168dafddcb	k__Bacteria; p__Bacteroidetes; c__Bacteroidia; o__Bacteroidales; f__Prevotellaceae; g__Prevotella; s__histicola	0.7262269387038675
b4d1f12c26fc0dec89fd3eb850cefcd4	k__Bacteria; p__Bacteroidetes; c__Bacteroidia; o__Bacteroidales; f__Prevotellaceae; g__Prevotella; s__maculosa	0.9999942946329454
cdd145eea016cdc77ccd8c43692fbe0e	k__Bacteria; p__Acidobacteria; c__Holophagae; o__Holophagales; f__Holophagaceae; g__Geothrix; s__	0.9926042290259334
54f344f5ce03c958f72457fee8f402b9	k__Bacteria; p__Firmicutes; c__Clostridia; o__Clostridiales; f__Peptostreptococcaceae_[XI]; g__Peptostreptococcaceae_[XI][G-6]; s__[Eubacterium]_nodatum	0.9486043297454214
40f13f75937cc3261aa599f62d71f222	k__Bacteria; p__Proteobacteria; c__Gammaproteobacteria; o__Alteromonadales; f__Alteromonadaceae; g__BD2-13; s__	0.9999999925037173
eb53f3ebf4a28d8e3b2e450c8f8e49d8	k__Bacteria; p__Firmicutes; c__Negativicutes; o__Selenomonadales; f__Veillonellaceae; g__Selenomonas	0.9989061217052043
e2316e4844c4a2d838ff03d983b14619	k__Bacteria; p__Bacteroidetes; c__Bacteroidia; o__Bacteroidales; f__; g__; s__	0.9960442344680128
7809eb9c0bdfa884808b542d4ae1e81f	k__Bacteria; p__Firmicutes	0.9999913809495936
8dc1b75a911fdc7842b9a36d685760ac	k__Bacteria; p__Firmicutes; c__Bacilli; o__Lactobacillales; f__Streptococcaceae; g__Streptococcus	0.9994388066149776
67ac333825d2271575a9144328894a61	k__Bacteria; p__Bacteroidetes; c__Flavobacteriia; o__Flavobacteriales; f__Flavobacteriaceae; g__Capnocytophaga	0.9999999999993373
5fc91918b4220556723c96325adcc507	k__Bacteria; p__Firmicutes; c__Clostridia; o__OPB54; f__; g__; s__	0.9998344149028718
ae07586c79836a23cacabcb73c5fa1d2	k__Bacteria; p__Chloroflexi; c__Anaerolineae; o__SHA-20; f__; g__; s__	0.999965748358198
5c80d8226457f6c64a3e05d48050fea7	k__Bacteria; p__Firmicutes	0.9999990722246446
fcf6cd32cadf024c11e6543c86065bcb	k__Bacteria; p__Bacteroidetes; c__[Saprospirae]; o__[Saprospirales]; f__Chitinophagaceae; g__Lacibacter; s__cauensis	0.9999973690494606
bb58c3ebfe44bd3c7379c97f8c42a8dd	k__Bacteria; p__Spirochaetes; c__Spirochaetia; o__Spirochaetales; f__Spirochaetaceae; g__Treponema; s__maltophilum	0.978239571429075
d205e9b05ad7d4043a5a4a73fd21dd07	k__Bacteria; p__Firmicutes; c__Clostridia; o__Clostridiales; f__Ruminococcaceae; g__Ruminococcaceae_[G-1]; s__sp._oral_taxon_075	0.9999999995276028
e4436fea336f9664561ee0ba38d82525	k__Bacteria; p__Bacteroidetes; c__Bacteroidia; o__Bacteroidales; f__Prevotellaceae; g__Alloprevotella; s__rava	0.9996578985386635
214d84b0b41426c1d0fd58846af397a4	k__Bacteria; p__Firmicutes; c__Bacilli; o__Lactobacillales; f__Streptococcaceae; g__Streptococcus	0.9999668985175454
9005963bc71ff5e41382f4a07d7e5d74	k__Bacteria; p__Proteobacteria; c__Betaproteobacteria; o__Rhodocyclales; f__Rhodocyclaceae	0.9969864319865872
3813f3737ad9133e11c3c8b70e164f47	k__Bacteria; p__Spirochaetes; c__Spirochaetia; o__Spirochaetales; f__Spirochaetaceae; g__Treponema; s__lecithinolyticum	0.9997405114801226
d9c103734a21ad225314637162be0d3b	k__Bacteria; p__Firmicutes; c__Bacilli; o__Lactobacillales; f__Streptococcaceae; g__Streptococcus	0.9998089097713887
7f7751d006b66ef15e991521a3da316b	k__Bacteria; p__Proteobacteria; c__Epsilonproteobacteria; o__Campylobacterales; f__Campylobacteraceae; g__Campylobacter; s__gracilis	0.9608496117109738
891fe68b36691ece859dffd3e9eb16fc	k__Bacteria; p__Firmicutes; c__Negativicutes; o__Selenomonadales; f__Veillonellaceae; g__Selenomonas	0.9794529041854729
bd1b908acb4834b6c6045a79527325b8	k__Bacteria; p__Firmicutes; c__Bacilli; o__Lactobacillales; f__Streptococcaceae; g__Streptococcus	0.9995233964087596
68256abcc3571fdab022c8f3848d73e7	k__Bacteria; p__Firmicutes; c__Bacilli; o__Lactobacillales; f__Streptococcaceae; g__Streptococcus	0.9999995653953132
894a199d74ef9f0ef971ebfeaa1288cb	k__Bacteria; p__Firmicutes; c__Bacilli; o__Lactobacillales; f__Streptococcaceae; g__Streptococcus	0.9999235455928306
35c37e85e1cde74f72879a93795f4306	k__Bacteria; p__Bacteroidetes; c__Bacteroidetes_[C-1]; o__Bacteroidetes_[O-1]; f__Bacteroidetes_[F-1]; g__Bacteroidetes_[G-5]; s__sp._oral_taxon_511	0.9999057301822358
ae52dc655e669cb476403c6ddace8019	k__Bacteria; p__Firmicutes; c__Bacilli; o__Lactobacillales; f__Streptococcaceae; g__Streptococcus	0.9999890528382687
2969a527ccca9b50e515515e38b3476a	k__Bacteria; p__Actinobacteria; c__Actinobacteria; o__Actinomycetales; f__Actinomycetaceae	0.9999999760728336
51e44fd9c053184885b06c3c131176f2	k__Bacteria; p__Proteobacteria; c__Epsilonproteobacteria; o__Campylobacterales; f__Campylobacteraceae; g__Campylobacter; s__gracilis	0.9274662647603567
3eb832a061935cf534cc81cfee9f831b	k__Bacteria; p__Bacteroidetes; c__Bacteroidia; o__Bacteroidales; f__Porphyromonadaceae; g__Tannerella	0.9999996585145401
dc5853e7f1ae8c9d9c8b0c27c78c0cd7	k__Bacteria; p__Bacteroidetes; c__Bacteroidia; o__Bacteroidales; f__Prevotellaceae; g__Prevotella	0.9999999993862887
d040014e8448942fa251f13c1b8dd484	k__Bacteria; p__Firmicutes; c__Bacilli; o__Gemellales; f__Gemellaceae; g__; s__	0.9914023578231369
1e5d66e313d6b6d8b0ea118c9a01a752	k__Bacteria; p__Bacteroidetes; c__Bacteroidia; o__Bacteroidales; f__Prevotellaceae; g__Prevotella; s__dentalis	0.9999999359008193
5ba19dbc53dea51cbf693bd7310eff10	k__Bacteria; p__Firmicutes; c__Clostridia; o__Clostridiales; f__Peptostreptococcaceae_[XI]; g__Peptostreptococcaceae_[XI][G-7]	0.9999991293237527
495a860854d693511565377cd0139fa9	k__Bacteria; p__Actinobacteria; c__Coriobacteriia; o__Coriobacteriales; f__Coriobacteriaceae; g__Atopobium	0.8544492411931232
0a1cff514856c57e85153a3f3f5ae866	k__Bacteria; p__Firmicutes	0.9999999999980402
741359aab45661e18ab38223ff97c844	k__Bacteria; p__Bacteroidetes; c__Bacteroidia; o__Bacteroidales; f__Prevotellaceae; g__Alloprevotella; s__sp._oral_taxon_308	0.8655414376226646
65703cd829ee82542454de1372d5bdf9	k__Bacteria; p__Firmicutes; c__Clostridia; o__Clostridiales; f__Peptococcaceae; g__Peptococcus; s__sp._oral_taxon_167	0.9126801651393806
8c2dfde3b27cbbeaab4b96d5def856c7	k__Bacteria; p__Bacteroidetes; c__Bacteroidia; o__Bacteroidales; f__Prevotellaceae; g__Alloprevotella; s__rava	0.9999968670081125
50f8b6ea2ec045cce38b67e97593f61f	k__Bacteria	0.999999999995611
03b8fd1dcd53a5e5b2ccb89986ffd30c	k__Bacteria; p__Firmicutes; c__Mollicutes; o__Mycoplasmatales; f__Mycoplasmataceae; g__Mycoplasma; s__faucium	0.7430146910819764
3668d5012a3c8b269016399b6fb92d50	k__Bacteria; p__Fusobacteria; c__Fusobacteriia; o__Fusobacteriales; f__Leptotrichiaceae; g__Leptotrichia; s__sp._oral_taxon_392	0.9871281219616113
fda996ce4271d35e4854dbc29ea93a86	k__Bacteria; p__Firmicutes; c__Negativicutes; o__Selenomonadales; f__Veillonellaceae; g__Veillonella; s__sp._oral_taxon_780	0.9308792373677935
8549a66c392545cac3b30fdfb8d5a524	k__Bacteria; p__Firmicutes; c__Clostridia; o__Clostridiales	0.9999094659402942
0e662e7e9a571289661dca5a93636899	k__Bacteria; p__Bacteroidetes; c__Bacteroidia; o__Bacteroidales; f__Prevotellaceae; g__Prevotella; s__baroniae	0.9999993579122092
c466946e88d2fde24f45640bace0bd6b	k__Bacteria; p__Cyanobacteria; c__Chloroplast; o__Streptophyta; f__; g__; s__	0.9999999997126281
2f400ca76f80f8e9f0333536e09f5802	k__Bacteria; p__Firmicutes; c__Clostridia; o__Clostridiales; f__Lachnospiraceae_[XIV]; g__Butyrivibrio; s__sp._oral_taxon_455	0.9473642239933083
94d400f9e2bfe493853f23271a7a6cad	k__Bacteria; p__Proteobacteria; c__Epsilonproteobacteria; o__Campylobacterales; f__Campylobacteraceae; g__Campylobacter; s__concisus	0.9544034732031388
cf93bede9ad25aeeaf51814d95a15771	k__Bacteria; p__Firmicutes; c__Clostridia; o__Clostridiales	0.9998897609051985
43c61708671ae2d257fb2c9e83a70506	k__Bacteria; p__Bacteroidetes; c__Bacteroidia; o__Bacteroidales; f__Porphyromonadaceae; g__Porphyromonas; s__sp._oral_taxon_930	0.9903731903575226
62a14ac84cc305e54e68822686cebbc4	k__Bacteria; p__Proteobacteria; c__Gammaproteobacteria; o__Pasteurellales; f__Pasteurellaceae; g__Haemophilus	0.8517392608961344
111a19fc2661c2128f30362707994e99	k__Bacteria; p__Firmicutes; c__Bacilli; o__Gemellales; f__Gemellaceae; g__; s__	0.996558051274773
1b7cf706e7b156e2955f93e08d25e8a1	k__Bacteria; p__Firmicutes; c__Clostridia; o__Clostridiales; f__Ruminococcaceae; g__Ruminococcaceae_[G-1]; s__sp._oral_taxon_075	0.9999999997820197
eb3e0366ea1ed59f9a8f181f0f450d6b	k__Bacteria; p__Firmicutes; c__Bacilli; o__Lactobacillales; f__Streptococcaceae; g__Streptococcus	0.9999842019398941
e2ebde7af7cb83321cb2781b55bf7924	k__Bacteria; p__Synergistetes; c__Synergistia; o__Synergistales; f__Synergistaceae; g__Fretibacterium	0.9867771133993726
426ad802200874a791f1c4c9091fe8d2	k__Bacteria; p__Firmicutes; c__Clostridia; o__Clostridiales; f__Lachnospiraceae_[XIV]; g__Lachnoanaerobaculum; s__umeaense	0.9830096029021275
4f7e8e53c607815ae9e2de5eb1877ebb	k__Bacteria; p__Bacteroidetes; c__Bacteroidia; o__Bacteroidales; f__Prevotellaceae; g__Prevotella; s__sp._oral_taxon_304	0.9999969008929658
f7c45acb508ee0552a2d0476f5f27630	k__Bacteria; p__Bacteroidetes; c__Bacteroidia; o__Bacteroidales; f__Bacteroidales_[F-2]; g__Bacteroidales_[G-2]; s__sp._oral_taxon_274	0.9999998794279678
2b662abba81de33b55f6ec7d77793f72	k__Bacteria; p__Bacteroidetes; c__Flavobacteriia; o__Flavobacteriales; f__Flavobacteriaceae; g__Capnocytophaga; s__leadbetteri	0.9063231416640802
2108efd0532e6924ce0f7f0746a5826f	k__Bacteria; p__SR1; c__SR1_[C-1]; o__SR1_[O-1]; f__SR1_[F-1]; g__SR1_[G-1]; s__sp._oral_taxon_875	0.9700533065164477
369e96359b98b131199d0ae08802d66d	k__Bacteria; p__Bacteroidetes; c__Bacteroidia; o__Bacteroidales; f__Prevotellaceae; g__Alloprevotella	0.8229326713860875
334fc29b70f01080ca6a4c5c70ce6ca9	k__Bacteria; p__Firmicutes; c__Negativicutes; o__Selenomonadales; f__Veillonellaceae; g__Veillonella	0.9762932816221818
39c51a12ef63c800ccd480da35019ccd	k__Bacteria; p__Firmicutes; c__Bacilli; o__Lactobacillales; f__Streptococcaceae; g__Streptococcus	0.9997039360844215
91bb75e888a45a7908a2c68a00843a91	k__Bacteria; p__Proteobacteria; c__Gammaproteobacteria; o__Pasteurellales; f__Pasteurellaceae; g__Haemophilus	0.9652677389027634
7fbf642b0d074c5c75325342b8c68387	k__Bacteria; p__Bacteroidetes; c__Bacteroidia; o__Bacteroidales; f__Prevotellaceae; g__Prevotella; s__oris	0.9999593460706147
2d67bc4d10ac4f413039fc8398aa0054	k__Bacteria; p__Firmicutes; c__Clostridia; o__Clostridiales; f__; g__; s__	0.750454771626451
a478e6d47dae6fc86021fecf4fd9dd48	k__Bacteria; p__Chloroflexi; c__Anaerolineae; o__Anaerolineales; f__Anaerolinaceae; g__T78; s__	0.9999999968993478
f82ec1ef70798017b88b166719dcf6f6	k__Bacteria; p__Firmicutes; c__Clostridia; o__Clostridiales; f__Ruminococcaceae	0.9998387719082718
c32c5bebe1d4d1e43d7a03a65d4f183f	k__Bacteria; p__Firmicutes; c__Clostridia; o__Clostridiales; f__Lachnospiraceae_[XIV]; g__Butyrivibrio; s__sp._oral_taxon_080	0.9999941245041074
5976c0696eb75613a59a02c004e773b4	k__Bacteria; p__Bacteroidetes; c__Bacteroidia; o__Bacteroidales; f__[Paraprevotellaceae]; g__[Prevotella]; s__tannerae	0.9992124998630774
f9f46c3e4021f90c4345a16b53c461b7	k__Bacteria; p__Bacteroidetes; c__Bacteroidia; o__Bacteroidales; f__Prevotellaceae; g__Alloprevotella	0.736638633973322
d46430a1c82740f008c678a13a0dac01	k__Bacteria; p__Firmicutes; c__Bacilli; o__Lactobacillales; f__Streptococcaceae; g__Streptococcus	0.9999992944173838
fe256c1ca4b89b751c907dfb8615a85f	k__Bacteria; p__Firmicutes; c__Clostridia; o__Clostridiales; f__Lachnospiraceae_[XIV]; g__Lachnospiraceae_[G-2]; s__sp._oral_taxon_096	0.9999102268359451
42081b12cdb119798b92e37020ccc9fc	k__Bacteria; p__Firmicutes; c__Negativicutes; o__Selenomonadales; f__Veillonellaceae; g__Dialister; s__invisus	0.7924513707255364
48bf7d2a5b65c231d6f747968ca71a93	k__Bacteria; p__Firmicutes	0.9941323290524751
854cc1dae674a14fd28ef486aa39916a	k__Bacteria; p__Actinobacteria; c__Actinobacteria; o__Actinomycetales; f__Actinomycetaceae; g__Actinomyces	0.9999998908460198
4d8685b7e522174179ddff303d201bc3	k__Bacteria; p__Firmicutes; c__Clostridia; o__Clostridiales; f__Peptostreptococcaceae_[XI]; g__Peptostreptococcaceae_[XI][G-2]; s__sp._oral_taxon_091	0.9999998862175155
8a2dc0af24deac01daf3d8672e643c0a	k__Bacteria; p__Firmicutes; c__Clostridia; o__Clostridiales; f__[Mogibacteriaceae]; g__; s__	0.9993423729304439
73721d7ada53758017afc1136fad6706	k__Bacteria; p__Spirochaetes; c__Spirochaetes; o__Spirochaetales; f__Spirochaetaceae; g__Treponema; s__amylovorum	0.9801927311556388
04b9670745079f447c01c9d2102d8610	k__Bacteria; p__Fusobacteria; c__Fusobacteriia; o__Fusobacteriales; f__Fusobacteriaceae; g__Fusobacterium; s__	0.9989438771107125
928e9b0ad073738103353dfbba2d4c5e	k__Archaea; p__Euryarchaeota; c__Methanobacteria; o__Methanobacteriales; f__Methanobacteriaceae; g__Methanobrevibacter; s__	0.9999999972644815
ceded22a4446d5c8571c75a4887e5ff0	k__Bacteria; p__Firmicutes; c__Bacilli	0.9999870789768538
bdc97fe595450940425362e2ea83f0fa	k__Bacteria; p__Firmicutes; c__Negativicutes; o__Selenomonadales; f__Veillonellaceae; g__Anaeroglobus; s__geminatus	0.9367418422259989
5229403f4878affba541911a148ce1b1	k__Bacteria; p__Firmicutes; c__Negativicutes; o__Selenomonadales; f__Veillonellaceae; g__Veillonella; s__atypica	0.7724659397941033
8fdbf93e78c5bf708955146abdff5a35	k__Bacteria; p__Firmicutes; c__Bacilli; o__Lactobacillales; f__Streptococcaceae; g__Streptococcus	0.9999710504653839
a76c58fc942b71db3b5bab700e088e98	k__Bacteria; p__Bacteroidetes; c__Bacteroidia; o__Bacteroidales; f__Prevotellaceae; g__Prevotella	0.9999991316892317
1548d489840887b598271f096352e171	k__Bacteria; p__Proteobacteria; c__Gammaproteobacteria; o__Pasteurellales; f__Pasteurellaceae; g__Haemophilus	0.8695506897522878
59be51125488e4a51d7c112880793024	k__Bacteria; p__Bacteroidetes; c__Bacteroidia; o__Bacteroidales; f__Prevotellaceae; g__Prevotella; s__sp._oral_taxon_396	0.9893965690097539
c802277560fa5079180cf61db992ece7	k__Bacteria; p__Gracilibacteria_(GN02); c__GN02_[C-1]; o__GN02_[O-1]; f__GN02_[F-1]; g__GN02_[G-1]; s__sp._oral_taxon_872	0.9999978339572675
f22a7d1c6b570f2da97136550f48cbb1	k__Bacteria; p__Proteobacteria; c__Alphaproteobacteria	0.8786621894790427
13d7b3d0c741d755859aef4cb684e358	k__Bacteria; p__Bacteroidetes; c__Bacteroidia; o__Bacteroidales; f__Prevotellaceae; g__Prevotella	1.0000000000000016
d266f03274796b7756f67312928e81c9	k__Bacteria; p__Bacteroidetes; c__[Saprospirae]; o__[Saprospirales]; f__Chitinophagaceae; g__Sediminibacterium; s__	0.9999836182481409
feaec437f116bd8d4a6ceffb2a7f9303	k__Bacteria; p__Cyanobacteria; c__Chloroplast; o__Chlorophyta; f__Chlamydomonadaceae; g__; s__	0.9999995644656916
b6acd3da63f40045fb4d3b078cd5c406	k__Bacteria	0.9524518330445069
0f055cbe7c1b6664f27b5f6e05af087a	k__Bacteria; p__Bacteroidetes; c__Bacteroidia; o__Bacteroidales; f__Prevotellaceae; g__Prevotella; s__sp._oral_taxon_300	0.7912525155501998
aa916e07f5ceff3d0c04a0a14764b08d	k__Bacteria; p__Firmicutes; c__Bacilli; o__Lactobacillales; f__Streptococcaceae; g__Streptococcus	0.998578147106546
1704b21e5b290cf4304c196daf25ba58	k__Bacteria; p__Firmicutes; c__Negativicutes; o__Selenomonadales; f__Veillonellaceae; g__Selenomonas	0.969244327537391
50889d5b6a63535ba7a8d14ad8307f1c	k__Bacteria; p__Bacteroidetes; c__Bacteroidia; o__Bacteroidales; f__Porphyromonadaceae; g__Tannerella; s__forsythia	0.8601169886119825
4db39a779d95c3137c7e05c91abd9e8c	k__Bacteria; p__Firmicutes; c__Bacilli; o__Lactobacillales; f__Streptococcaceae; g__Streptococcus	0.9999632580156135
612db748bf020afb8ecb86d29c3abf3e	k__Bacteria; p__Firmicutes; c__Bacilli; o__Gemellales; f__Gemellaceae; g__; s__	0.9444977146411642
64eb4a7a1d30f97cc9389d40eaf992aa	k__Bacteria; p__Bacteroidetes; c__Bacteroidia; o__Bacteroidales; f__Prevotellaceae; g__Alloprevotella; s__rava	0.999991048939379
3ba903e0ae0dfac43fa56393bc25b8d1	k__Bacteria; p__Fusobacteria; c__Fusobacteriia; o__Fusobacteriales; f__Fusobacteriaceae; g__Fusobacterium	0.8685440040768526
7ef7e036515af816728d6ba779a3da33	k__Bacteria; p__Firmicutes; c__Bacilli; o__Lactobacillales; f__Streptococcaceae; g__Streptococcus	0.9273298961438889
a8b85a86d2673bb0bb36c2fc5a848c1f	k__Bacteria; p__Proteobacteria; c__Gammaproteobacteria; o__Pasteurellales; f__Pasteurellaceae; g__Haemophilus	0.832892850789248
30c700198cfe434f3ee07a701ac847b4	k__Bacteria; p__Firmicutes	0.9999999999979647
9c80c8dcd9a2382fd50cccb3322cab35	k__Bacteria; p__Spirochaetes; c__Spirochaetia; o__Spirochaetales; f__Spirochaetaceae; g__Treponema; s__lecithinolyticum	0.9995425928785792
277594a7c50708b0b6d9d5993328fb90	k__Bacteria; p__Bacteroidetes; c__Bacteroidia; o__Bacteroidales; f__Prevotellaceae; g__Alloprevotella; s__rava	0.9907061902229011
4cc7b41d57fa94e71172c501156b4eb4	k__Bacteria; p__Firmicutes; c__Negativicutes; o__Selenomonadales; f__Veillonellaceae; g__Veillonella; s__dispar	0.8483711486983724
7761f06cd08ba07bdc64e51ac4d4659c	k__Bacteria; p__Firmicutes; c__Negativicutes; o__Selenomonadales; f__Veillonellaceae; g__Veillonellaceae_[G-1]; s__sp._oral_taxon_135	0.8937612752425661
2347d5156139d1d6ef87c64f3a32f913	k__Bacteria; p__Bacteroidetes; c__Bacteroidia; o__Bacteroidales; f__Porphyromonadaceae; g__Tannerella	0.9999999693559669
44ce89c9cc51b21e56d6b9a69e570a49	k__Bacteria; p__Firmicutes; c__Clostridia; o__Clostridiales; f__Ruminococcaceae; g__Ruminococcaceae_[G-1]; s__sp._oral_taxon_075	0.8873341085561441
2e786955d9680224094b65a4340483da	k__Bacteria; p__Firmicutes	0.999999999999041
d7b74249680fc21709109346fd0e36ad	k__Bacteria; p__Bacteroidetes; c__Bacteroidia; o__Bacteroidales; f__Prevotellaceae; g__Prevotella; s__salivae	0.9999925479337707
a4365886fda1051bd662b2b4d58801b2	k__Bacteria; p__Spirochaetes; c__Spirochaetia; o__Spirochaetales; f__Spirochaetaceae; g__Treponema; s__lecithinolyticum	0.9996515128026453
5d7ac36bb67d2739a89d72805cbac9ea	k__Bacteria; p__Proteobacteria; c__Gammaproteobacteria; o__Pasteurellales; f__Pasteurellaceae; g__Haemophilus	0.8188344809708614
d2304082fe49ab28f1fc1f3a0ed848fd	k__Bacteria; p__Firmicutes; c__Negativicutes; o__Selenomonadales; f__Veillonellaceae; g__Veillonella; s__dispar	0.8218830549597785
a5229df91a1f68de436c5c3925e5f3f0	k__Bacteria; p__Bacteroidetes; c__Bacteroidia; o__Bacteroidales; f__Prevotellaceae; g__Prevotella; s__	0.9263188924355581
0730c9d13dd501f0400a7bc975fe24d3	k__Bacteria; p__Fusobacteria; c__Fusobacteriia; o__Fusobacteriales; f__Leptotrichiaceae; g__Leptotrichia; s__goodfellowii	0.999616584324498
aaa33ef4ae0f70160b5e41e1bd450bf1	k__Bacteria; p__Spirochaetes; c__Spirochaetia; o__Spirochaetales; f__Spirochaetaceae; g__Treponema	0.9999999737410808
4b335b828d37e8f8c149fb41601854e9	k__Bacteria; p__Fusobacteria; c__Fusobacteriia; o__Fusobacteriales; f__Leptotrichiaceae; g__Leptotrichia	0.9999999999981111
4802a4d62cc0115549d8886195a11b18	k__Bacteria; p__Proteobacteria; c__Gammaproteobacteria; o__Pasteurellales; f__Pasteurellaceae; g__Aggregatibacter	0.9094938830985871
5f9c54ff95d63329f400a59958860830	k__Bacteria; p__Firmicutes; c__Bacilli; o__Bacillales	0.990917412235559
b9e325914971ca35fb20f8ddf4320ba1	k__Bacteria; p__Firmicutes; c__Negativicutes; o__Selenomonadales; f__Veillonellaceae; g__Dialister; s__invisus	0.7547154541573207
0a5b853af4e714d1496604aa9e845d7b	k__Bacteria; p__Tenericutes; c__Mollicutes; o__RF39; f__; g__; s__	0.9999813200078543
f374b21847ad294cdbc677c9566e1507	k__Bacteria; p__Firmicutes	0.9999999999976465
910af9c5f08e40046895f998124940e5	k__Bacteria; p__Bacteroidetes; c__Bacteroidia; o__Bacteroidales; f__Porphyromonadaceae; g__Tannerella	0.9999997427996198
c7e8ce6c2eca740a8a7ccad0a2582216	k__Bacteria; p__Bacteroidetes; c__Bacteroidia; o__Bacteroidales; f__Porphyromonadaceae; g__Tannerella; s__forsythia	0.8450803486854265
f4062525a19d416120b27b8b8cd1b461	k__Bacteria; p__Proteobacteria; c__Betaproteobacteria; o__Neisseriales; f__Neisseriaceae	0.9999999909561242
7cc18b3cf0059b919e69d5f340783a0a	k__Bacteria; p__Proteobacteria; c__Betaproteobacteria; o__Neisseriales; f__Neisseriaceae; g__Neisseria	0.9991851299980036
91c6609895a418e849293023be965ebb	k__Bacteria; p__Bacteroidetes; c__Flavobacteriia; o__Flavobacteriales; f__Flavobacteriaceae; g__Capnocytophaga; s__gingivalis	0.9764500422786817
e0a6c3541702f783f83a31e198c84fe0	k__Bacteria; p__Firmicutes; c__Negativicutes; o__Selenomonadales; f__Veillonellaceae; g__Selenomonas	0.9994555025620235
d9d3eeebf59f10d9a8fe0656fea7991c	k__Bacteria; p__Bacteroidetes; c__Bacteroidia; o__Bacteroidales; f__Prevotellaceae; g__Prevotella; s__sp._oral_taxon_396	0.9890903330991003
3c21358800cce2967f335e0401052280	k__Bacteria; p__Bacteroidetes; c__Bacteroidia; o__Bacteroidales; f__Prevotellaceae; g__Prevotella	0.9671381483800673
3037640ba8bc7f1d91a47b1b2f552a2c	k__Bacteria; p__Firmicutes; c__Clostridia; o__Clostridiales; f__Clostridiales_[F-1]; g__Clostridiales_[F-1][G-1]; s__sp._oral_taxon_093	0.9999999999997868
5ff9250779ea0d80329197761b641fe7	k__Bacteria; p__Bacteroidetes; c__Bacteroidia; o__Bacteroidales; f__Prevotellaceae; g__Prevotella; s__sp._oral_taxon_526	0.9999999999951683
789f5ab30cf7ea5874bcbc7e1ec88989	k__Bacteria; p__Firmicutes; c__Clostridia; o__Clostridiales; f__[Mogibacteriaceae]; g__Mogibacterium; s__	0.9999612932134898
99b6f7ec274ffc813d07e25dc0cd1df3	k__Bacteria; p__Proteobacteria; c__Betaproteobacteria; o__Methylophilales; f__Methylophilaceae; g__Methylotenera; s__mobilis	0.9678680423921576
8810f297ee731aae773e13c07b7619f9	k__Bacteria; p__Proteobacteria; c__Epsilonproteobacteria; o__Campylobacterales; f__Campylobacteraceae; g__Campylobacter; s__concisus	0.9061578443856025
02924c77cdee15456e85cacc816a97a9	k__Bacteria; p__Actinobacteria; c__Actinobacteria; o__Actinomycetales; f__Micrococcaceae; g__Rothia	0.9243083152473232
88982d63d33c3e3d06b10f1ded780e24	k__Bacteria; p__Firmicutes; c__Bacilli; o__Lactobacillales; f__Aerococcaceae; g__Abiotrophia; s__defectiva	0.7162805112283946
be3b7bae95725ceada66d3f308f77e18	k__Bacteria; p__Bacteroidetes; c__Bacteroidia; o__Bacteroidales; f__Prevotellaceae; g__Prevotella; s__pallens	0.9954212798388513
e0c7897eeee99ff442e35fa341b7295f	k__Bacteria; p__Bacteroidetes; c__Bacteroidetes_[C-1]; o__Bacteroidetes_[O-1]; f__Bacteroidetes_[F-1]; g__Bacteroidetes_[G-5]; s__sp._oral_taxon_505	0.9364834720498257
7acd915713462031abe43a4c4f886a56	k__Bacteria; p__Proteobacteria; c__Alphaproteobacteria; o__Sphingomonadales; f__Sphingomonadaceae; g__Novosphingobium; s__	0.9911428556045527
74920ddcd74299c37d182cf33bfb3ceb	k__Bacteria; p__Firmicutes; c__Clostridia; o__Clostridiales; f__Lachnospiraceae_[XIV]; g__Stomatobaculum; s__sp._oral_taxon_097	0.9998424021254556
88f75442bfaaa49e920159182cc3107d	k__Bacteria; p__Bacteroidetes; c__Bacteroidia; o__Bacteroidales; f__Prevotellaceae; g__Prevotella	0.9231740617853982
fe9b6a63c8776eeadd3490bcdcd4cdc0	k__Bacteria; p__Proteobacteria; c__Betaproteobacteria; o__Burkholderiales; f__Burkholderiaceae; g__Lautropia	0.9999961953292618
2737c42a6147b4d398d1be05593aaa9b	k__Bacteria; p__Bacteroidetes; c__Bacteroidia; o__Bacteroidales; f__Prevotellaceae; g__Alloprevotella; s__rava	0.9998996964508915
ecf889fd8517c43ced850f33304b20b9	k__Bacteria; p__Bacteroidetes; c__Bacteroidia; o__Bacteroidales; f__Prevotellaceae; g__Prevotella; s__sp._oral_taxon_317	0.952850280962469
9af5fe64f93572a12540ad47e71f8cf3	k__Bacteria; p__Firmicutes; c__Bacilli; o__Lactobacillales; f__Streptococcaceae; g__Streptococcus	0.9999997370515805
3c3cb5a0a95fa8d6fad3664ede5112a8	k__Bacteria; p__Actinobacteria; c__Actinobacteria; o__Actinomycetales; f__Propionibacteriaceae; g__Propionibacterium; s__acnes	0.8706394170342154
6989db7f487dd5b24654475ba81452e4	k__Bacteria; p__Firmicutes; c__Clostridia; o__Clostridiales; f__Lachnospiraceae_[XIV]; g__Johnsonella; s__sp._oral_taxon_166	0.9999759405995401
f0278ca45bf4f0b7d4512f9cfd008d02	k__Bacteria; p__Bacteroidetes; c__Flavobacteriia; o__Flavobacteriales; f__Flavobacteriaceae; g__Capnocytophaga; s__sputigena	0.9979542547729344
4786a417bfacfa0d961948beb87e45cc	k__Bacteria; p__Firmicutes; c__Bacilli; o__Lactobacillales; f__Streptococcaceae; g__Streptococcus	0.9928139723474472
c573db2c04eaabef4eab077b1c49b93e	k__Bacteria; p__Fusobacteria; c__Fusobacteriia; o__Fusobacteriales; f__Leptotrichiaceae; g__Leptotrichia	0.9999999999998455
547ad8d4c7bfdb98dbd6e2d92553853f	k__Bacteria; p__Proteobacteria; c__Betaproteobacteria; o__Neisseriales; f__Neisseriaceae; g__Kingella; s__	0.95064740235366
e8730c67851beb4c49be332edf8397da	k__Bacteria; p__Firmicutes; c__Clostridia; o__Clostridiales; f__Lachnospiraceae_[XIV]; g__Lachnospiraceae_[G-8]; s__sp._oral_taxon_500	0.999999990953711
dc2d25cc6cea914a5a3dbaf62b5cd314	k__Bacteria; p__Spirochaetes; c__Spirochaetia; o__Spirochaetales; f__Spirochaetaceae; g__Treponema; s__denticola	0.9796306221797143
b303c700f443c7468e8cde03e3bee698	k__Bacteria; p__Firmicutes; c__Clostridia; o__Clostridiales; f__Peptostreptococcaceae_[XI]; g__Peptostreptococcaceae_[XI][G-5]; s__[Eubacterium]_saphenum	0.9999851355923551
5a4946d1539e3378a243854e581ced43	k__Bacteria; p__Cyanobacteria; c__Oscillatoriophycideae; o__Chroococcales; f__Gomphosphaeriaceae; g__; s__	0.9999900713017733
e2ea36792baee00101f7bf7a780a7d71	k__Bacteria	0.9896331658942363
373679ae65b273ac14b2a70bccf17390	k__Bacteria; p__Cyanobacteria; c__Oscillatoriophycideae; o__Chroococcales; f__Gomphosphaeriaceae; g__; s__	0.999993930513002
a248fd6c830b0f5f0fca048921fe5671	k__Bacteria; p__Chloroflexi; c__Anaerolineae; o__SHA-20; f__; g__; s__	0.9999697800528311
3704b993675bce69529a52945a42faef	k__Bacteria; p__Proteobacteria; c__Alphaproteobacteria; o__Rhizobiales; f__Hyphomicrobiaceae	0.9914588689354352
db188eb612a77bf49b7d084c9e3e10c9	k__Bacteria; p__Firmicutes; c__Clostridia; o__Clostridiales; f__Veillonellaceae; g__Phascolarctobacterium; s__	0.9999983926857382
bf4788b8d65c11760acd33fd3acaa4f3	k__Bacteria; p__Chloroflexi; c__Anaerolineae; o__DRC31; f__; g__; s__	0.9999949760297975
1adcc434e6afb32ede25c82035f0f12a	k__Bacteria; p__Firmicutes; c__Clostridia; o__Clostridiales; f__Lachnospiraceae; g__; s__	0.9071241633599038
21cd09a5250c1d77b6a254bb548ed668	k__Bacteria; p__Firmicutes; c__Clostridia; o__Clostridiales	0.999999999216835
3e2f954d6519c07f2e12c6e13c740f34	k__Bacteria; p__Firmicutes; c__Bacilli; o__Lactobacillales; f__Streptococcaceae; g__Streptococcus	0.999996627252604
1014890cc608887c111e9cc23fcaa9c6	k__Bacteria; p__Firmicutes; c__Clostridia; o__Clostridiales; f__Clostridiales_[F-1]; g__Clostridiales_[F-1][G-1]; s__sp._oral_taxon_093	0.9999999999996589
874a146b2ce020fd677f6183ce56d78a	k__Bacteria; p__Firmicutes; c__Bacilli; o__Lactobacillales; f__Streptococcaceae; g__Streptococcus	0.9999999419697002
3a9e52d6ebc03134f75bcf78be885ab1	k__Bacteria; p__Firmicutes; c__Erysipelotrichi; o__Erysipelotrichales; f__Erysipelotrichaceae; g__RFN20; s__	0.9999999600464243
1b559b00243d2f6bc291518bfc803c4f	k__Bacteria; p__Spirochaetes	0.9999999999999958
ce3de4b84024da3c9186e68f23177a1e	k__Bacteria; p__Firmicutes; c__Bacilli; o__Bacillales; f__Staphylococcaceae; g__Staphylococcus	0.9993828210839614
f5a6897c0e7ce32029a413d85e9e5aa6	k__Bacteria; p__Firmicutes	0.9999999999535857
97762cb568cc5887b30eda48dcf4d199	k__Bacteria; p__Bacteroidetes; c__Bacteroidia; o__Bacteroidales; f__Prevotellaceae; g__Prevotella; s__denticola	0.9963988198264142
513335a0a44d9bf2befc7c972e0f4c14	k__Bacteria; p__Firmicutes	0.9999999999884669
a891d63dfb06d7e2e6d54554b4c823e6	k__Bacteria; p__Firmicutes; c__Negativicutes; o__Selenomonadales; f__Veillonellaceae; g__Anaeroglobus; s__geminatus	0.9401400694750224
0f6f55ec042ccc0c6b68cce21006b818	k__Bacteria; p__Proteobacteria	0.758196087749739
a142b189d3121641fbcd888f0a3afde6	k__Bacteria; p__Proteobacteria; c__Alphaproteobacteria; o__Rhizobiales; f__Hyphomicrobiaceae; g__Rhodoplanes; s__	0.9514447414431696
41235494a06f7b68777f86ca761dbdfe	k__Bacteria; p__Actinobacteria; c__Actinobacteria; o__Actinomycetales; f__Nocardioidaceae	0.9999978273250378
0b35043486a25a120da482aa6257a0ef	k__Bacteria; p__Bacteroidetes; c__Bacteroidia; o__Bacteroidales; f__Prevotellaceae; g__Prevotella; s__sp._oral_taxon_472	0.8561076339100994
5fc3570397d0f7b160e81b9c906ae583	k__Bacteria; p__Proteobacteria; c__Betaproteobacteria; o__Neisseriales; f__Neisseriaceae; g__Neisseria	0.996863874310888
73d49ec57ba662a36c2b781b1388d0c5	k__Bacteria; p__Firmicutes; c__Bacilli; o__Lactobacillales; f__Streptococcaceae; g__Streptococcus	0.9999998718630717
eb5074053881b26e132b64e342751e86	k__Bacteria; p__Firmicutes; c__Bacilli; o__Lactobacillales; f__Streptococcaceae; g__Streptococcus	0.9999918824697495
5d88929cd03942546f147780f5b2b502	k__Bacteria; p__Bacteroidetes; c__Flavobacteriia; o__Flavobacteriales; f__Flavobacteriaceae; g__Flavobacterium; s__	0.9990737870054982
c5446928b4a7fe584eb327723aed6b49	k__Bacteria; p__Firmicutes; c__Clostridia; o__Clostridiales; f__Ruminococcaceae; g__Ruminococcaceae_[G-1]; s__sp._oral_taxon_075	0.9999999997482689
ddc050c97ae4ac0b4f10f8dcdc53a75c	k__Bacteria; p__Firmicutes; c__Clostridia; o__Clostridiales; f__Peptostreptococcaceae_[XI]; g__Peptostreptococcaceae_[XI][G-4]; s__sp._oral_taxon_369	0.8597419007855378
fd104e351d953d69bf995bc231478a72	k__Bacteria; p__Firmicutes; c__Bacilli; o__Lactobacillales; f__Streptococcaceae; g__Streptococcus	0.9999944587524949
fb31915244d7abd73ab60570af894a9e	k__Bacteria; p__Firmicutes; c__Negativicutes; o__Selenomonadales; f__Veillonellaceae; g__Selenomonas; s__dianae	0.769867103690778
3d98d097a93002eccbbe17b295a668d5	k__Bacteria; p__Firmicutes; c__Clostridia; o__Clostridiales; f__Ruminococcaceae; g__Ruminococcaceae_[G-1]; s__sp._oral_taxon_075	0.9843715908118418
3afa2896d8d3413775dffc0c5363ed33	k__Bacteria; p__Firmicutes; c__Negativicutes; o__Selenomonadales; f__Veillonellaceae; g__Veillonella	0.7454928156456833
314dedaf8d90642fd8c84100a04f1f07	k__Bacteria; p__Planctomycetes; c__Planctomycetia; o__Pirellulales; f__Pirellulaceae; g__; s__	0.9999954889361503
20675b2a55d8903555b7b6925cc94efb	k__Bacteria; p__Proteobacteria; c__Betaproteobacteria; o__Neisseriales; f__Neisseriaceae; g__Neisseria	0.9852052004185784
1e68221f3a0e3c3660f193658858f9c6	k__Bacteria; p__Bacteroidetes; c__Bacteroidia; o__Bacteroidales; f__Prevotellaceae; g__Alloprevotella; s__rava	0.9998870548143982
009897b29c2ce32730d3b3bb7a95ca21	k__Bacteria; p__Bacteroidetes; c__Bacteroidia; o__Bacteroidales; f__Prevotellaceae; g__Prevotella; s__sp._oral_taxon_300	0.8412038548110102
f712c1212878c136b0d6060279473c54	k__Bacteria; p__Proteobacteria; c__Gammaproteobacteria; o__Oceanospirillales; f__Oceanospirillaceae; g__Marinomonas; s__	0.8146971333972868
ed484f73a983f935ff6cf27b6e30d230	k__Bacteria; p__Bacteroidetes; c__Bacteroidia; o__Bacteroidales; f__Porphyromonadaceae; g__Tannerella	0.9999999949242382
a3e29b98118079b9ea156142939561c5	k__Bacteria; p__Bacteroidetes; c__Sphingobacteriia; o__Sphingobacteriales; f__; g__; s__	0.9999991000182078
11cc3035860c5addfc52d6266946b94a	k__Bacteria; p__Bacteroidetes; c__Bacteroidia; o__Bacteroidales; f__Prevotellaceae; g__Prevotella	0.9999780729678778
ae198e8c6f1fbb872ea7b86cc2e1b092	k__Bacteria; p__Firmicutes; c__Clostridia; o__OPB54; f__; g__; s__	0.9999978755268842
df1b6e688f8f7e952401a921f16aad37	k__Bacteria	0.9994622873331194
c966694537b137ecc129be0b3446dde2	k__Bacteria; p__Actinobacteria; c__Thermoleophilia; o__Gaiellales; f__; g__; s__	0.9999995885604982
dd2d4c6f35a4aeba4c45873fb56947aa	k__Bacteria; p__Chloroflexi; c__Anaerolineae; o__Caldilineales; f__Caldilineaceae; g__Caldilinea; s__	0.981823967481706
aef619c3577c171bbb67d6ebce6cac26	k__Bacteria; p__Planctomycetes; c__Planctomycetia; o__Pirellulales; f__Pirellulaceae; g__; s__	0.9999878046814795
c728020cd2edea5078293aefb5a53fcb	k__Bacteria; p__Chloroflexi; c__Thermomicrobia; o__JG30-KF-CM45; f__; g__; s__	0.9983455809534812
3ca0288739a5c8e0a48bd23db2794c62	k__Bacteria; p__Firmicutes; c__Clostridia; o__Clostridiales; f__Clostridiaceae; g__Clostridium	0.9211199319446234
cf7cd518320d0f592dabb2da2e9f6dd5	k__Bacteria; p__Proteobacteria; c__Deltaproteobacteria; o__Myxococcales; f__; g__; s__	0.8995359759246837
cfc53da935186abe4230203040dc0f68	k__Bacteria; p__Firmicutes; c__Clostridia; o__Clostridiales	0.9100100326494771
17ca65a0570be146a7d283a0cf5a7638	k__Bacteria; p__Actinobacteria; c__Thermoleophilia; o__Gaiellales; f__; g__; s__	0.999999975772241
c4546e8037a9668ee522776016babc4d	k__Bacteria; p__Planctomycetes; c__Planctomycetia; o__Pirellulales; f__Pirellulaceae; g__; s__	0.9999985122245062
9b0d6719c76fa1e85ffc73a4a7c5919b	k__Bacteria; p__Proteobacteria; c__Alphaproteobacteria; o__Rhodospirillales; f__Rhodospirillaceae; g__; s__	0.996232518765221
ed25eac00551f811d9c3183bb639340e	k__Bacteria; p__Acidobacteria; c__Acidobacteria-6; o__BPC015; f__; g__; s__	0.9997921829962585
c9479034c8e17d53d249f1abd3d26188	k__Bacteria; p__Chloroflexi; c__Chloroflexi; o__Chloroflexales; f__Oscillochloridaceae; g__Oscillochloris; s__	0.992116456586316
a92575c6965911f150781c31ce3ec4c8	k__Bacteria; p__Proteobacteria; c__Deltaproteobacteria; o__Syntrophobacterales; f__Syntrophaceae; g__Desulfomonile; s__	0.9997790072706045
40231a3bc9d6c29397b3b0f866b2b334	k__Bacteria; p__Proteobacteria; c__Alphaproteobacteria; o__Rhizobiales; f__Hyphomicrobiaceae; g__; s__	0.9904851378879599
e67d16536675caf919ea6c6f34097f57	k__Bacteria; p__Chloroflexi; c__Anaerolineae; o__GCA004; f__; g__; s__	0.9999929853198108
10c8ed3e654a2d37f3734623c3e7d53f	k__Bacteria; p__Planctomycetes; c__Planctomycetia; o__Pirellulales; f__Pirellulaceae; g__; s__	0.9999992593305408
0e521570dda86b1b83221bab012ea298	k__Bacteria; p__Proteobacteria; c__Deltaproteobacteria; o__NB1-j; f__; g__; s__	0.999935707265746
6e4c92c0fe30b4cc732b4816797242b6	k__Bacteria; p__Proteobacteria; c__Gammaproteobacteria; o__Chromatiales; f__Chromatiaceae; g__; s__	0.9936456922260116
68adc9d239b91c1a00f899984261ab67	k__Bacteria; p__Planctomycetes; c__Planctomycetia; o__Pirellulales; f__Pirellulaceae; g__Planctomycete; s__LF1	0.9867632727967829
463f16cc5c194c72b1136cf490123f7b	k__Bacteria; p__Bacteroidetes; c__Flavobacteriia; o__Flavobacteriales; f__Flavobacteriaceae; g__Capnocytophaga; s__gingivalis	0.9798208971229413
667ab07d4f26cbad400aa3c47b8a9a8f	k__Bacteria; p__Proteobacteria; c__Alphaproteobacteria; o__Rhodobacterales; f__Hyphomonadaceae; g__Hyphomonas; s__	0.9992324040152486
209e9dd441007826bf6ee78e3634735b	k__Bacteria; p__Actinobacteria; c__Actinobacteria; o__Actinomycetales; f__Micrococcaceae; g__Rothia	0.7694067832721448
bb1366538b9f70507bf60853adb265a3	k__Bacteria; p__Firmicutes; c__Negativicutes; o__Selenomonadales; f__Veillonellaceae; g__Veillonella; s__dispar	0.8456656295521335
34bc5d51ee657d6c041c77db0fc207a9	k__Bacteria; p__Bacteroidetes; c__Bacteroidia; o__Bacteroidales; f__Prevotellaceae; g__Prevotella; s__histicola	0.7768473862221476
8f5bdbe58937a64b74c519e43a14d605	k__Bacteria; p__Firmicutes; c__Negativicutes; o__Selenomonadales; f__Veillonellaceae; g__Selenomonas	0.9773671716809967
7a862a245041d147ab628d7596f4f073	k__Bacteria; p__Firmicutes; c__Bacilli; o__Lactobacillales; f__Streptococcaceae; g__Streptococcus	0.856600733516096
c9a6846f699f2fafdd0108500875c004	k__Bacteria; p__Bacteroidetes; c__Bacteroidia; o__Bacteroidales; f__Prevotellaceae; g__Prevotella; s__sp._oral_taxon_300	0.8634230283860425
cdbbe9f050eb176c6c6e5bc792ebb0b0	k__Bacteria; p__Bacteroidetes; c__Bacteroidia; o__Bacteroidales; f__Prevotellaceae; g__Prevotella	0.9999999969111406
3ee44bec8b669a2442369c47fa386e2d	k__Bacteria; p__Firmicutes; c__Bacilli; o__Lactobacillales; f__Streptococcaceae; g__Streptococcus	0.9999996768706124
d1c099e8b88ebb9737a667a1c48d16ca	k__Bacteria; p__Bacteroidetes; c__Bacteroidia; o__Bacteroidales; f__Prevotellaceae; g__Prevotella	0.7129826713860866
de6d0367831c8e150bcc50ecfc628e80	k__Bacteria; p__Bacteroidetes; c__Bacteroidia; o__Bacteroidales; f__Prevotellaceae; g__Prevotella; s__sp._oral_taxon_317	0.8869546572940568
c4b4158f945c6717461393d17e519788	k__Bacteria; p__Spirochaetes; c__Spirochaetia; o__Spirochaetales; f__Spirochaetaceae; g__Treponema; s__sp._oral_taxon_246	0.7348020978606081
2208c3ab36054eead6b3184937dc6c81	k__Bacteria; p__Firmicutes; c__Clostridia; o__Clostridiales; f__Peptostreptococcaceae_[XI]; g__Peptostreptococcaceae_[XI][G-1]; s__[Eubacterium]_sulci	0.8655141738983595
9f6ed80200f7bf604fa9bae9288caabe	k__Bacteria; p__Firmicutes; c__Clostridia; o__Clostridiales; f__Lachnospiraceae_[XIV]; g__Lachnospiraceae_[G-2]; s__sp._oral_taxon_096	0.9693624444764225
e5e22e73732017f960510c73692bb4e3	k__Bacteria; p__Firmicutes; c__Clostridia; o__Clostridiales; f__Lachnospiraceae_[XIV]; g__Lachnoanaerobaculum; s__orale	0.8849471987904053
efd7d178be48bc0284dbbacb58684a56	k__Bacteria; p__Firmicutes; c__Bacilli; o__Lactobacillales; f__Streptococcaceae; g__Streptococcus	0.9999980847373723
a98046aeec25cb49748ea93a10700151	k__Bacteria; p__Bacteroidetes; c__Bacteroidia; o__Bacteroidales; f__Prevotellaceae; g__Prevotella; s__amnii	0.7448290835360296
b16cae779655d85f5b1835c968c2ed59	k__Bacteria; p__Chloroflexi; c__Anaerolineae; o__GCA004; f__; g__; s__	0.999970006016964
f04b6de3de3ece610402d0d590aa0576	k__Bacteria; p__Proteobacteria; c__Gammaproteobacteria; o__Chromatiales; f__Chromatiaceae; g__Thiocapsa; s__imhoffii	0.835517401055819
a4bd6cab623301ba1b60d3c948b5c8c3	k__Bacteria; p__Cyanobacteria; c__Chloroplast; o__Chlorophyta; f__Trebouxiophyceae; g__; s__	0.9994221057678649
a00ee11b7356a32e427d4fe4756a7146	k__Bacteria; p__Bacteroidetes; c__Bacteroidia; o__Bacteroidales; f__; g__; s__	0.9952585543044214
aab4dd62d192285cd7b0977e001dc515	k__Bacteria; p__Actinobacteria; c__Actinobacteria; o__Actinomycetales; f__Actinomycetaceae; g__Actinobaculum; s__sp._oral_taxon_183	0.9375657998777049
e1f788d90fc9508d576a67619500e96f	k__Bacteria; p__Proteobacteria; c__Alphaproteobacteria; o__Rickettsiales; f__mitochondria; g__Acanthamoeba; s__palestinensis	0.789315782709345
7bf51e550ffed3925430fe10f9fd0af1	k__Bacteria; p__Proteobacteria; c__Betaproteobacteria; o__Neisseriales; f__Neisseriaceae; g__Neisseria	0.9962158264388726
c01eb5e9555d7cddc640e25498f4b0a0	k__Bacteria; p__Firmicutes; c__Clostridia; o__Clostridiales; f__Ruminococcaceae; g__Ruminococcaceae_[G-2]; s__sp._oral_taxon_085	0.9999999951396745
46d4ef5915496edcb2d50bdb697cce3d	k__Bacteria; p__Proteobacteria; c__Betaproteobacteria; o__Burkholderiales; f__Comamonadaceae	0.984489826144505
056dc91e52e13074a2ada40ac9a8a143	k__Bacteria; p__Bacteroidetes; c__Bacteroidia; o__Bacteroidales; f__Prevotellaceae; g__Prevotella; s__oris	0.999923759636457
2e70a9f5d6ec3b08c50c52b5a928dd58	k__Bacteria; p__Proteobacteria; c__Epsilonproteobacteria; o__Campylobacterales; f__Campylobacteraceae; g__Campylobacter; s__rectus	0.711238803260694
c5f2eebd10ff1c17b7725fc7af5b28ae	k__Bacteria; p__Bacteroidetes; c__Bacteroidia; o__Bacteroidales; f__Prevotellaceae; g__Prevotella; s__shahii	0.9416009759343517
8bf235e552b6a1c8a273239ac6371a19	k__Bacteria; p__Firmicutes; c__Clostridia; o__Clostridiales; f__Clostridiaceae; g__Clostridium; s__	0.907595901052769
bab0f81fa597655991f689d2da7b4661	k__Bacteria; p__Actinobacteria; c__Actinobacteria; o__Actinomycetales	0.7275683437621984
3e8a923ead3bf8388ff0e251d3028a8b	k__Bacteria; p__Firmicutes; c__Clostridia; o__Clostridiales; f__Lachnospiraceae_[XIV]; g__Lachnospiraceae_[G-8]; s__sp._oral_taxon_500	0.9999998061557182
f42ff3c08d4cbe04791433ac88a4e2a7	k__Bacteria; p__Proteobacteria; c__Epsilonproteobacteria; o__Campylobacterales; f__Campylobacteraceae; g__Campylobacter	0.9999999999999848
31b4f8f51478a45026d7f7448ffd8226	k__Bacteria; p__Fusobacteria; c__Fusobacteriia; o__Fusobacteriales; f__Leptotrichiaceae; g__Leptotrichia; s__sp._oral_taxon_417	0.8043147060664242
663134cde07d3b93e33dca7d012a4cd9	k__Bacteria; p__SR1; c__SR1_[C-1]; o__SR1_[O-1]; f__SR1_[F-1]; g__SR1_[G-1]; s__sp._oral_taxon_874	0.9966691448273675
b6c224235cc31ad46edd5d7fbc0ea936	k__Bacteria; p__Bacteroidetes; c__Bacteroidia; o__Bacteroidales; f__Prevotellaceae; g__Prevotella; s__denticola	0.993075233100606
8abbb27f703b9d06855ef546ed6ef621	k__Bacteria; p__Proteobacteria; c__Betaproteobacteria; o__Neisseriales; f__Neisseriaceae	0.9999983515899589
e61ba7b6a374152cc37b02a50837559a	k__Bacteria; p__Bacteroidetes; c__Bacteroidia; o__Bacteroidales; f__Prevotellaceae; g__Prevotella; s__sp._oral_taxon_300	0.702165785259275
b3a704d020baf6ccfaf3ce20e99e562c	k__Bacteria; p__Firmicutes; c__Bacilli; o__Bacillales; f__Gemellaceae; g__Gemella	0.7161340626126239
3fb1da84197dc7fc0b010130f3106fde	k__Bacteria; p__Bacteroidetes; c__Bacteroidia; o__Bacteroidales; f__Prevotellaceae; g__Prevotella	0.999999999988769
b1153962a79e90043d7d581364246345	k__Bacteria; p__Firmicutes; c__Bacilli; o__Lactobacillales; f__Streptococcaceae; g__Streptococcus	0.9999577731383272
c294a3bbe3bbfc759c0b1c8869d2f7f5	k__Bacteria; p__Firmicutes; c__Bacilli; o__Gemellales; f__Gemellaceae; g__; s__	0.9968380638732044
4bf8fa4db7eff9b7c1dc84409d6d3b0a	k__Bacteria; p__Bacteroidetes; c__Bacteroidia; o__Bacteroidales; f__Prevotellaceae; g__Prevotella; s__pallens	0.9808429034500424
960dc7b933d9ac4d3daa8fe6f5ce201e	k__Bacteria; p__Firmicutes	0.9999999992847842
b6181d9934b6e0185e31f3051dc15a0b	k__Bacteria; p__Bacteroidetes; c__Bacteroidia; o__Bacteroidales; f__Prevotellaceae; g__Prevotella; s__nigrescens	0.9999936917542006
2ee56d32104a86e22ee94e52c01f6d8a	k__Bacteria; p__Bacteroidetes; c__Bacteroidia; o__Bacteroidales; f__Prevotellaceae; g__Prevotella; s__sp._oral_taxon_443	0.9999334117565614
380d767aef5f6da4306df9349a34d766	k__Bacteria; p__Fusobacteria; c__Fusobacteriia; o__Fusobacteriales; f__Leptotrichiaceae; g__Leptotrichia	0.9999999999843937
2ed0a27eee1978eeacac63761a1d3efc	k__Bacteria; p__Firmicutes; c__Clostridia; o__Clostridiales; f__Peptostreptococcaceae_[XI]; g__Peptostreptococcaceae_[XI][G-2]; s__sp._oral_taxon_091	0.9999999675165446
2290edd8a9a316d2e4d9bb4ca5566c29	k__Bacteria; p__Fusobacteria; c__Fusobacteriia; o__Fusobacteriales; f__Fusobacteriaceae; g__Fusobacterium	0.9716106053233722
78febef523e7a3da467ca3f6e963793d	k__Bacteria; p__Actinobacteria	0.9996611761294328
6f1d989912ff3c40a5b68c6083de57e5	k__Bacteria; p__Firmicutes; c__Bacilli; o__Lactobacillales; f__Carnobacteriaceae; g__Granulicatella	0.807224728839734
c37d5a9babe1e0c7247422a7ef540510	k__Bacteria; p__Proteobacteria; c__Epsilonproteobacteria; o__Campylobacterales; f__Campylobacteraceae; g__Campylobacter; s__gracilis	0.9644775315635925
f3a8db9f3f210441cdeef9113230f1e6	k__Bacteria; p__Bacteroidetes; c__Bacteroidia; o__Bacteroidales; f__Prevotellaceae; g__Prevotella; s__amnii	0.9451034567449791
327657654f4394965a55f6ecc3bec07c	k__Bacteria; p__Bacteroidetes; c__Flavobacteriia; o__Flavobacteriales; f__Flavobacteriaceae; g__Bergeyella; s__sp._oral_taxon_322	0.9652365682449365
ece1e312e2cb29008ba19055a289f5f0	k__Bacteria; p__Bacteroidetes; c__Bacteroidia; o__Bacteroidales; f__Bacteroidales_[F-2]; g__Bacteroidales_[G-2]; s__sp._oral_taxon_274	0.9999980677869951
4cfb2464dc6bc56d08943edd94932a2f	k__Bacteria; p__Firmicutes; c__Bacilli; o__Lactobacillales; f__Streptococcaceae; g__Streptococcus	0.9999765780011918
aee99f363493f5142de35f8c390d2af9	k__Bacteria; p__Firmicutes; c__Bacilli; o__Bacillales; f__Gemellaceae; g__Gemella	0.7302420864245113
cdbf96bac4f7b664746031ee0d26b9ec	k__Bacteria; p__Bacteroidetes; c__Bacteroidia; o__Bacteroidales; f__Prevotellaceae; g__Alloprevotella; s__sp._oral_taxon_308	0.8283537295287929
d66edfcde48ab488b7c6bc1eafb713d5	k__Bacteria; p__Saccharibacteria_(TM7); c__TM7_[C-1]; o__TM7_[O-1]; f__TM7_[F-1]; g__TM7_[G-1]; s__sp._oral_taxon_352	0.9560015618721703
abd1870b3725fc8a7cb8371f139afc65	k__Bacteria; p__Firmicutes; c__Clostridia; o__Clostridiales; f__Ruminococcaceae; g__Ruminococcaceae_[G-2]; s__sp._oral_taxon_085	0.9999999983631653
d8851db18fbf13c9831778e124d2debe	k__Bacteria; p__Spirochaetes; c__Spirochaetia; o__Spirochaetales; f__Spirochaetaceae; g__Treponema; s__sp._oral_taxon_270	0.9999924187058904
f38c86c4e75a0255e7e504af17341cb3	k__Bacteria; p__Firmicutes; c__Bacilli; o__Lactobacillales; f__Streptococcaceae; g__Streptococcus	0.9157550456576213
0386b8095d32d455b57dbf3f0c126bac	k__Bacteria; p__Bacteroidetes; c__Bacteroidia; o__Bacteroidales; f__Prevotellaceae; g__Prevotella	0.9999155236721983
7491c0a181c145c6329290b8c74ff9fd	k__Bacteria; p__Bacteroidetes; c__Bacteroidia; o__Bacteroidales; f__Prevotellaceae; g__Prevotella	0.9999823653910975
ddc26928bdd839d6dfe1c4c8bcc3025b	k__Bacteria; p__Proteobacteria; c__Betaproteobacteria; o__Neisseriales; f__Neisseriaceae; g__Kingella; s__	0.9991301659545766
b1053cb9854893fa0cfd369f54eab228	k__Bacteria; p__Actinobacteria; c__Actinobacteria; o__Bifidobacteriales; f__Bifidobacteriaceae; g__Bifidobacterium	0.9716542979224455
559ecb16f0b50ef162a3feff7540002a	k__Bacteria; p__Bacteroidetes; c__Bacteroidia; o__Bacteroidales	0.9999987591468915
741e1bb0747975a2c7ea64c283e1cd6f	k__Bacteria; p__Gracilibacteria_(GN02); c__GN02_[C-1]; o__GN02_[O-1]; f__GN02_[F-1]; g__GN02_[G-1]; s__sp._oral_taxon_872	0.9997763908501996
caaf9d970cebf526bdb21c30fd4c41c0	k__Bacteria; p__Bacteroidetes; c__Flavobacteriia; o__Flavobacteriales; f__[Weeksellaceae]; g__; s__	0.998564196127348
1af0db576185a7e00733ad3f01b49d62	k__Bacteria; p__Actinobacteria; c__Actinobacteria; o__Actinomycetales; f__Micrococcaceae; g__Rothia	0.754649306476839
1cfc0c915defd694cd3fa1888a5358a1	k__Bacteria; p__Bacteroidetes; c__Bacteroidia; o__Bacteroidales; f__Prevotellaceae; g__Prevotella; s__	0.7192665141771162
a8bfff76a6a0bdcb933f22d870385350	k__Bacteria; p__Firmicutes; c__Clostridia; o__Clostridiales; f__Lachnospiraceae_[XIV]; g__Lachnoanaerobaculum; s__sp._oral_taxon_496	0.9999999498601694
03788ce3e28feaea3adc0d495e36d9eb	k__Bacteria; p__Actinobacteria; c__Actinobacteria; o__Actinomycetales; f__Actinomycetaceae; g__Actinomyces; s__lingnae_[NVP]	0.8338445062128017
d9249c803aa034a8f6e86d6c3fff0e05	k__Bacteria; p__Firmicutes; c__Bacilli; o__Bacillales; f__Gemellaceae; g__Gemella	0.7213852903668385
ffe4988ee2f58e667078389987eafab5	k__Bacteria; p__Firmicutes; c__Clostridia; o__Clostridiales; f__Peptococcaceae; g__Peptococcus; s__sp._oral_taxon_167	0.9118791068768084
73df6a73ba6b47a2a63d0a299edb4276	k__Bacteria; p__Spirochaetes; c__Spirochaetia; o__Spirochaetales; f__Spirochaetaceae; g__Treponema	0.9999995322007074
96d98a64e9b4ea127d51fb02fdf966ba	k__Bacteria; p__Firmicutes; c__Clostridia; o__Clostridiales; f__Peptostreptococcaceae_[XI]; g__Peptostreptococcaceae_[XI][G-7]; s__[Eubacterium]_yurii_subsps._yurii_&_margaretiae	0.9151356329143312
83d8327eef445d63f43e8e0ae4f6f2a4	k__Bacteria; p__Firmicutes; c__Mollicutes; o__Mycoplasmatales; f__Mycoplasmataceae; g__Mycoplasma; s__faucium	0.7428474088665471
e677c7cbc8d1af723da5380a03820b7c	k__Bacteria; p__Proteobacteria; c__Betaproteobacteria; o__Neisseriales; f__Neisseriaceae; g__Neisseria	0.99931435632837
6ac9b1b5bac61b026395b917e74f1ed5	k__Bacteria; p__Proteobacteria; c__Epsilonproteobacteria; o__Campylobacterales; f__Campylobacteraceae; g__Campylobacter	1.000000000000004
261c4116ec0bacc8e99785f8ef7d7c77	k__Bacteria; p__Firmicutes; c__Bacilli; o__Lactobacillales; f__Streptococcaceae; g__Streptococcus	0.9999997296203169
9b88f84a28df4aacd558b6a18a956d03	k__Bacteria; p__Firmicutes	0.999999999279874
010498b0a3ccbbbafc2d416cf7ef70fb	k__Bacteria; p__Bacteroidetes; c__Bacteroidia; o__Bacteroidales; f__Prevotellaceae; g__Prevotella; s__sp._oral_taxon_526	0.9999999999956515
9a0004137d0f08cc01d2334481c19a5b	k__Bacteria; p__Firmicutes; c__Bacilli; o__Gemellales; f__Gemellaceae; g__; s__	0.8307054333339609
5681e47979ad5cebd6adef00dea622ef	k__Bacteria; p__Spirochaetes; c__Spirochaetia; o__Spirochaetales; f__Spirochaetaceae; g__Treponema	0.9999987219232588
1a1f5066e4032f38df50cd45871664c0	k__Bacteria; p__Proteobacteria; c__Betaproteobacteria; o__Neisseriales; f__Neisseriaceae; g__Kingella; s__sp._oral_taxon_012	0.7796614657018875
65ab979cc5cd7490ea7c3535c7c29557	k__Bacteria; p__Actinobacteria; c__Actinobacteria; o__Actinomycetales; f__Actinomycetaceae; g__Actinobaculum; s__sp._oral_taxon_848	0.996716178822627
430ec12244ed8cb55b88084077033123	k__Bacteria; p__Firmicutes; c__Clostridia; o__Clostridiales; f__Peptostreptococcaceae_[XI]; g__Mogibacterium; s__timidum	0.9168911172955949
f5b3dc879aafd84900867a7d3e1b5401	k__Bacteria; p__Bacteroidetes; c__Flavobacteriia; o__Flavobacteriales; f__Flavobacteriaceae; g__Capnocytophaga; s__	0.9494571962639746
ae914c69d153d1300163be88783da60d	k__Bacteria; p__Firmicutes	0.9999999999999701
75d27cfcebbf8ac86f5ef656ff9fe168	k__Bacteria; p__Firmicutes; c__Bacilli; o__Lactobacillales; f__Streptococcaceae; g__Streptococcus	0.999993811092202
bedabae1ec4611124fc23950447eba79	k__Bacteria; p__Proteobacteria; c__Epsilonproteobacteria; o__Campylobacterales; f__Campylobacteraceae; g__Campylobacter; s__concisus	0.9410627201990495
c619bc705721c42b5114cc30dfc51f78	k__Bacteria; p__Fusobacteria; c__Fusobacteriia; o__Fusobacteriales; f__Fusobacteriaceae; g__Fusobacterium	0.9901116311872177
9b6fc9863592abea5bae9ae6c6498390	k__Bacteria; p__Proteobacteria; c__Betaproteobacteria; o__Neisseriales; f__Neisseriaceae; g__Neisseria	0.9995524721117405
62fb64e20dd99d980e4379640aadc5df	k__Bacteria; p__Firmicutes; c__Clostridia; o__Clostridiales; f__Peptostreptococcaceae_[XI]; g__Mogibacterium	0.9352373095925366
7e6058fd36e754d5f1e502c0e832389c	k__Bacteria; p__Firmicutes; c__Bacilli; o__Bacillales; f__Gemellaceae; g__Gemella	0.7172423325074854
372d3d1e8370d7fe3b5e3a84f0ef8d46	k__Bacteria; p__Firmicutes; c__Clostridia; o__Clostridiales; f__Peptostreptococcaceae; g__Filifactor; s__	0.9205765072409372
476aa96cddd3be174a10c7256d7a50e8	k__Bacteria; p__Proteobacteria; c__Betaproteobacteria; o__Neisseriales; f__Neisseriaceae; g__Kingella; s__	0.9480468205758694
83d41ce371dbf4efea65fc1880a58640	k__Bacteria; p__Bacteroidetes; c__Bacteroidia; o__Bacteroidales; f__Prevotellaceae; g__Prevotella; s__sp._oral_taxon_396	0.9887846583743599
3e1a5ee853baa891804ed5874a9e9c45	k__Bacteria; p__Synergistetes; c__Synergistia; o__Synergistales; f__Synergistaceae; g__Fretibacterium; s__fastidiosum	0.9986290944668367
9f030fab75fe2dd3ca46eb90c5ec5434	k__Bacteria; p__Fusobacteria; c__Fusobacteriia; o__Fusobacteriales; f__Fusobacteriaceae; g__Fusobacterium; s__periodonticum	0.7006197581423476
dd92049a29913daf879a8c315b79ae96	k__Bacteria	0.9999999999999977
43e077bc6b3b52a1b95d679c9027b9b1	k__Bacteria; p__Proteobacteria; c__Betaproteobacteria; o__Neisseriales; f__Neisseriaceae; g__Kingella; s__	0.8601157609187513
50990fdc7a6be5ed3168cdd72f0821d2	k__Bacteria; p__Firmicutes; c__Clostridia; o__Clostridiales; f__Peptostreptococcaceae_[XI]; g__Peptostreptococcaceae_[XI][G-3]; s__sp._oral_taxon_495	0.9999462324261114
6a01a3ec3cf599f04f105afb378343ad	k__Bacteria; p__Bacteroidetes; c__Flavobacteriia; o__Flavobacteriales; f__Flavobacteriaceae; g__Capnocytophaga; s__gingivalis	0.8781894764703813
e16958d3d7a83a3ae6e505fcecdbecc3	k__Bacteria; p__Firmicutes; c__Clostridia; o__Clostridiales; f__Ruminococcaceae; g__Ruminococcaceae_[G-2]; s__sp._oral_taxon_085	0.9999999964127824
7edbe5a3a0a81eacd68a326a0fdc5bd5	k__Bacteria; p__Firmicutes; c__Negativicutes; o__Selenomonadales; f__Veillonellaceae; g__Selenomonas; s__artemidis	0.7092990560853213
de9f879ea7c7a0468098cd47cb4d8b93	k__Bacteria; p__Bacteroidetes; c__Bacteroidia; o__Bacteroidales; f__Prevotellaceae; g__Prevotella; s__micans	0.9999999723316367
7aafa6607c403a0a3aad2acd81784b02	k__Bacteria; p__Firmicutes; c__Clostridia; o__Clostridiales; f__Lachnospiraceae_[XIV]; g__Lachnoanaerobaculum; s__sp._oral_taxon_496	0.9999995820740274
e376b38e90feacafdcd3d768ac30ae49	k__Bacteria; p__Proteobacteria; c__Gammaproteobacteria; o__Pasteurellales; f__Pasteurellaceae	0.9999998455189298
145106d79e69fb8de9688c214965e149	k__Bacteria; p__Proteobacteria; c__Deltaproteobacteria; o__Desulfovibrionales; f__Desulfovibrionaceae; g__Desulfovibrio	0.999996645288508
e716ca59593fbd9794dc092ccd478357	k__Bacteria; p__Firmicutes; c__Clostridia; o__Clostridiales; f__Lachnospiraceae; g__Roseburia	0.7794119213353758
1a4a34f2fabd54d3dc05bea13b85d712	k__Bacteria; p__Firmicutes; c__Negativicutes; o__Selenomonadales; f__Veillonellaceae; g__Veillonella	0.9539892054207708
fe94f9663b2065c8a04890ec5dcd9361	k__Bacteria; p__Firmicutes	0.9999999999999671
d62ea9bbc4cb8eb74e4cab3ea17adec2	k__Bacteria; p__Bacteroidetes; c__Bacteroidia; o__Bacteroidales; f__Prevotellaceae; g__Prevotella; s__	0.9614835330923345
a0fa7adc4856e0940cb41c5503a007fe	k__Bacteria; p__Proteobacteria; c__Betaproteobacteria; o__Neisseriales; f__Neisseriaceae; g__Neisseria	0.9746179376965853
0dc488ba5d5e7970f0e8fab7522c5446	k__Bacteria; p__Proteobacteria; c__Betaproteobacteria; o__Neisseriales; f__Neisseriaceae; g__Neisseria	0.990332515376152
061a57acb446854f87e92829aef2377c	k__Bacteria; p__Bacteroidetes; c__Bacteroidia; o__Bacteroidales; f__Prevotellaceae; g__Prevotella; s__sp._oral_taxon_300	0.7046322448149633
0cd5a6da2c387853a3358a10468aefae	k__Bacteria; p__Firmicutes; c__Negativicutes; o__Selenomonadales; f__Veillonellaceae; g__Veillonellaceae_[G-1]	0.9775279684821467
5c7e072904c4a7a9ea30d6ded9681d8c	k__Bacteria; p__Fusobacteria; c__Fusobacteriia; o__Fusobacteriales; f__Fusobacteriaceae; g__Fusobacterium; s__periodonticum	0.8254569559309743
548ff680066fd6ff3a74654a6f0af09c	k__Bacteria; p__Spirochaetes; c__Spirochaetia; o__Spirochaetales; f__Spirochaetaceae; g__Treponema; s__sp._oral_taxon_258	0.9988436611526302
6cf85ad3c2913b5ac47a055ab9ecf196	k__Bacteria; p__Spirochaetes; c__Spirochaetia; o__Spirochaetales; f__Spirochaetaceae; g__Treponema	0.9999999883701031
aed74b6e7c7c7b4387916e4e000f49c2	k__Bacteria; p__Firmicutes; c__Clostridia; o__Clostridiales; f__Peptostreptococcaceae_[XI]; g__Peptostreptococcaceae_[XI][G-5]; s__[Eubacterium]_saphenum	0.999976685700659
22b7993b2e83ed3856fe1ce450e64944	k__Bacteria; p__Firmicutes; c__Clostridia; o__Clostridiales; f__Lachnospiraceae_[XIV]; g__Oribacterium; s__parvum	0.9959032789213963
3843fa6b50ad9ccc8e71d82d053fc574	k__Bacteria; p__Actinobacteria; c__Actinobacteria; o__Propionibacteriales; f__Propionibacteriaceae; g__Propionibacterium; s__propionicum	0.8310620916875162
441bef76f9ac267c99886b1ccb1c89c9	k__Bacteria; p__Bacteroidetes; c__Bacteroidia; o__Bacteroidales; f__Prevotellaceae; g__Prevotella	0.9998890619116729
99317dfcd9cae7fceda5db3a1ab0b829	k__Bacteria; p__Firmicutes; c__Clostridia; o__Clostridiales; f__Lachnospiraceae_[XIV]; g__Lachnospiraceae_[G-3]; s__sp._oral_taxon_100	0.9999999864966186
63d4c154de1a5c90fb62753f3e88d02c	k__Bacteria; p__Firmicutes; c__Clostridia; o__Clostridiales; f__Ruminococcaceae; g__Ruminococcaceae_[G-1]; s__sp._oral_taxon_075	0.9999999979054337
751f78d77b5a440f49224c34ad10d259	k__Bacteria; p__Firmicutes; c__Clostridia; o__Clostridiales; f__Peptococcaceae; g__Peptococcus; s__sp._oral_taxon_167	0.9143440349186754
de0688e92b1e85c77ad1704d1ebba7e0	k__Bacteria; p__Actinobacteria; c__Actinobacteria; o__Actinomycetales; f__Actinomycetaceae; g__Actinomyces	0.9999999012969651
81ca2f058f3eed88dde81271bb477c08	k__Bacteria; p__Firmicutes; c__Bacilli; o__Lactobacillales; f__Streptococcaceae; g__Streptococcus	0.9999942735239641
de9aa33734283f1bd1826ff56779dbfd	k__Bacteria; p__Firmicutes; c__Clostridia; o__Clostridiales; f__Lachnospiraceae_[XIV]; g__Lachnospiraceae_[G-8]; s__sp._oral_taxon_500	0.9999999957514234
595f5a28fb4efbdf6bc876f250f4871f	k__Bacteria; p__Bacteroidetes; c__Bacteroidia; o__Bacteroidales; f__Prevotellaceae; g__Prevotella	0.999999405459336
c175906c2bbc6fda8f3b12e642d03213	k__Bacteria; p__Firmicutes; c__Clostridia; o__Clostridiales; f__Peptostreptococcaceae_[XI]; g__Mogibacterium	0.9433647665351218
76916c73bede82b707b9c95b8cc12f2f	k__Bacteria; p__Fusobacteria; c__Fusobacteriia; o__Fusobacteriales; f__Leptotrichiaceae; g__Leptotrichia	0.9999999999999433
aa15f77421b6f9330223f439ddf16eb9	k__Bacteria; p__Firmicutes; c__Bacilli; o__Lactobacillales; f__Lactobacillaceae; g__Lactobacillus; s__jensenii	0.9991847692756299
1a9173fe581e1657c924e9cbad55013f	k__Bacteria; p__Tenericutes; c__Mollicutes; o__RF39; f__; g__; s__	0.9999999960651849
dfab88d12022cf72bc309327fb48d56e	k__Bacteria; p__Bacteroidetes; c__Bacteroidia; o__Bacteroidales; f__Prevotellaceae; g__Prevotella; s__sp._oral_taxon_526	0.99999999997776
e59970bcfdee7ab3ea315a9d0445b551	k__Bacteria; p__Firmicutes; c__Clostridia; o__Clostridiales; f__Peptostreptococcaceae; g__Filifactor; s__	0.9859569588292357
fc9e49c2cbd3ef35bc082428fd8b91aa	k__Bacteria; p__Proteobacteria; c__Alphaproteobacteria; o__Rhizobiales; f__Xanthobacteraceae; g__Xanthobacter; s__	0.9997917578890748
5c75e3e63e3d9140e6f08c79a56aa482	k__Bacteria; p__Firmicutes; c__Bacilli; o__Lactobacillales; f__Streptococcaceae; g__Streptococcus	0.9998381063306936
d1f7eba0fa6d39424e5c8bc2d8e2032e	k__Bacteria	0.9603096237268142
fdb44265aa4cd674d8ede17770f9efa4	k__Bacteria; p__Firmicutes; c__Bacilli; o__Lactobacillales; f__Streptococcaceae; g__Streptococcus	0.9999993692974222
48778878c771ae49c5c9b8c69e1f171e	k__Bacteria; p__Bacteroidetes; c__Cytophagia; o__Cytophagales; f__Cytophagaceae; g__; s__	0.9556354769773397
4256616a32ce8e6eda87ee4763671776	k__Bacteria; p__Bacteroidetes; c__Bacteroidia; o__Bacteroidales; f__Prevotellaceae; g__Prevotella	0.9999999999999851
ae44f9b12af067a3b2a7fc1186a71179	k__Bacteria; p__Bacteroidetes; c__Bacteroidia; o__Bacteroidales; f__Prevotellaceae; g__Prevotella; s__oralis	0.9999891599812316
dddb5768c0c6c7ff94332e5b8b7e6ee6	k__Bacteria; p__Firmicutes; c__Bacilli; o__Gemellales; f__Gemellaceae; g__; s__	0.7951035724243944
f6d0e8c9407ebe50acbd4230d7e94af0	k__Bacteria; p__Firmicutes; c__Bacilli; o__Lactobacillales; f__Streptococcaceae; g__Streptococcus	0.9999859631234654
144c78a2c18e4585827462f661b80d10	k__Bacteria; p__Proteobacteria; c__Gammaproteobacteria; o__Pasteurellales; f__Pasteurellaceae; g__Haemophilus	0.7873824856496503
745fb62140c17d420a1d700b7365a8ec	k__Bacteria; p__Firmicutes; c__Erysipelotrichia; o__Erysipelotrichales; f__Erysipelotrichaceae; g__Eggerthia; s__catenaformis	0.9224712732827371
0361e05585bfde2fa8556333c240bb06	k__Bacteria; p__Bacteroidetes; c__Flavobacteriia; o__Flavobacteriales; f__Flavobacteriaceae; g__Capnocytophaga; s__gingivalis	0.979682940078153
125e1d1928910aa77a062f6937b96757	k__Bacteria; p__Firmicutes; c__Clostridia; o__Clostridiales	0.9999999999999869
3c427e8978ed4e7473b6f0ced21424e9	k__Bacteria; p__Firmicutes; c__Erysipelotrichia; o__Erysipelotrichales; f__Erysipelotrichaceae; g__Eggerthia; s__catenaformis	0.8759265216417228
0d1eaa46998200c2b662c8c12e74ca71	k__Bacteria; p__Bacteroidetes; c__Bacteroidia; o__Bacteroidales; f__Prevotellaceae; g__Prevotella; s__oralis	0.9999889858370965
1592c4c8cdb85ef8e3e228203e1fba43	k__Bacteria; p__Bacteroidetes; c__Bacteroidia; o__Bacteroidales; f__Prevotellaceae; g__Prevotella; s__sp._oral_taxon_315	0.9999999784255069
2b7cfad8909e8a84e1432a9f35eef7af	k__Bacteria; p__Firmicutes; c__Clostridia; o__Clostridiales; f__Peptostreptococcaceae_[XI]; g__Peptostreptococcaceae_[XI][G-7]; s__sp._oral_taxon_081	0.9999999819282267
86a9c7a8425b167dc9e8c256b45cc64a	k__Bacteria; p__Firmicutes; c__Clostridia; o__Clostridiales; f__Peptococcaceae; g__Peptococcus; s__sp._oral_taxon_167	0.8843503623365504
d374647254fc73389352f09e442e54bf	k__Bacteria; p__Proteobacteria; c__Betaproteobacteria; o__Neisseriales; f__Neisseriaceae; g__Neisseria	0.7921629460772032
aa68aea50ea9257bd5a7ea3b3988ff77	k__Bacteria; p__Fusobacteria; c__Fusobacteriia; o__Fusobacteriales; f__Leptotrichiaceae; g__Leptotrichia; s__sp._oral_taxon_219	0.9949988925631291
5fe993bf3715433fd3ca80e1d6bc66ae	k__Bacteria; p__Proteobacteria; c__Gammaproteobacteria; o__Pasteurellales; f__Pasteurellaceae	0.9992985529128151
7f48546a12b0555c143d7d568befc72d	k__Bacteria; p__Bacteroidetes; c__Flavobacteriia; o__Flavobacteriales; f__Flavobacteriaceae; g__Capnocytophaga; s__sp._oral_taxon_326	0.9674347718654346
8a01d418a7c1ac4415f94bf6286eafe9	k__Bacteria; p__Firmicutes; c__Bacilli; o__Bacillales	0.9975504166833444
5004bdc5d6e56ad7aa4bd1683200a371	k__Bacteria; p__Synergistetes; c__Synergistia; o__Synergistales; f__Synergistaceae; g__Fretibacterium; s__sp._oral_taxon_361	0.8983126954072362
bcdc7913d9e7203417b496fe75936d8f	k__Bacteria; p__Firmicutes; c__Clostridia; o__Clostridiales; f__Lachnospiraceae_[XIV]; g__Oribacterium; s__sp._oral_taxon_078	0.9934673306296509
de66d2d48022697ba73dfc2747d9975a	k__Bacteria; p__Bacteroidetes; c__Bacteroidia; o__Bacteroidales; f__Prevotellaceae; g__Prevotella; s__sp._oral_taxon_304	0.9999924585703476
fd5513a35043e3a90f34ba5bd2503a6c	k__Bacteria; p__Firmicutes; c__Clostridia; o__Clostridiales; f__Lachnospiraceae_[XIV]; g__Lachnospiraceae_[G-2]; s__sp._oral_taxon_096	0.9915239818478325
8afcaa9eed2407a173a42ed307c356e8	k__Bacteria; p__Proteobacteria; c__Betaproteobacteria; o__Neisseriales; f__Neisseriaceae; g__Neisseria	0.746857474191561
be0440d07b7d978fad486193862057fe	k__Bacteria; p__Actinobacteria; c__Actinobacteria; o__Actinomycetales; f__Micrococcaceae; g__Rothia	0.8109299846016547
33c1d686870d4f4cb41b93108d6e5e12	k__Bacteria; p__Firmicutes; c__Negativicutes; o__Selenomonadales; f__Veillonellaceae; g__Veillonella	0.8709999376145805
fd6e60c6e6e4a28d3f1ac6c528b87c8e	k__Bacteria; p__Proteobacteria; c__Betaproteobacteria; o__Neisseriales; f__Neisseriaceae; g__Neisseria	0.9610646339179998
d705c82c230b719697b3943c86ffe61f	k__Bacteria; p__Bacteroidetes; c__Bacteroidia; o__Bacteroidales; f__Prevotellaceae; g__Prevotella; s__dentalis	0.9999999127959891
cee3043dab9c297e5d9d64b1a480bec2	k__Bacteria; p__Fusobacteria; c__Fusobacteriia; o__Fusobacteriales; f__Fusobacteriaceae; g__Fusobacterium	0.9291151343788687
4f3db409cf26440bd5483c31994c8216	k__Bacteria; p__Firmicutes; c__Bacilli; o__Lactobacillales; f__Streptococcaceae; g__Streptococcus	0.940413187575445
fcef3c12ad38de18612c691375e93a9e	k__Bacteria; p__Proteobacteria; c__Gammaproteobacteria; o__Pasteurellales; f__Pasteurellaceae	0.9984546982070207
7922fafe842c2ba0fb78af0c055bee3c	k__Bacteria; p__Firmicutes; c__Clostridia; o__Clostridiales; f__Peptostreptococcaceae_[XI]; g__Peptostreptococcaceae_[XI][G-1]; s__[Eubacterium]_sulci	0.8639662193958976
a42fe521ff42844674e721a432b326b3	k__Bacteria; p__Bacteroidetes; c__Bacteroidia; o__Bacteroidales; f__Prevotellaceae; g__Prevotella; s__sp._oral_taxon_396	0.9895863605701449
678a3d4ee4fc2efa305d57d45c9539cb	k__Bacteria; p__Proteobacteria; c__Betaproteobacteria; o__Neisseriales; f__Neisseriaceae; g__Kingella; s__	0.9978112469571948
bf34b46070e68281efa9f871f24dc69f	k__Bacteria; p__Bacteroidetes; c__Bacteroidia; o__Bacteroidales; f__Prevotellaceae; g__Alloprevotella; s__tannerae	0.8904144060453624
467932f9e6dd495e892c17d3e2ffdda6	k__Bacteria; p__Bacteroidetes; c__Bacteroidia; o__Bacteroidales; f__Prevotellaceae; g__Prevotella	0.999958846353419
e8493b37b68bcb61e7948ea140c34d30	k__Bacteria	0.9999999999999946
90756770656b7ec40a5148509bb18c16	k__Bacteria; p__Firmicutes; c__Bacilli; o__Lactobacillales; f__Lactobacillaceae; g__Lactobacillus; s__salivarius	0.9011359345791706
1394b128ef7dab3904483c0ce34ec39a	k__Bacteria; p__Bacteroidetes; c__Flavobacteriia; o__Flavobacteriales; f__Flavobacteriaceae; g__Bergeyella; s__sp._oral_taxon_322	0.971273225815221
b59ff372cf56d250d96905edb14ef5a7	k__Bacteria; p__Bacteroidetes; c__Bacteroidia; o__Bacteroidales; f__Prevotellaceae; g__Prevotella; s__sp._oral_taxon_376	0.9997157162496711
6247aa650941a5cec6e68ba5a9a803c6	k__Bacteria; p__Bacteroidetes; c__Bacteroidia; o__Bacteroidales; f__Prevotellaceae; g__Prevotella; s__enoeca	0.9999726713790132
3a594ef1213137f6fd1e8a48b8230d0c	k__Bacteria; p__Fusobacteria; c__Fusobacteriia; o__Fusobacteriales; f__Leptotrichiaceae; g__Leptotrichia; s__sp._oral_taxon_221	0.9998975138921348
78c8767ea1c9d120b5b4417c933fb25a	k__Bacteria; p__Bacteroidetes; c__Flavobacteriia; o__Flavobacteriales; f__Flavobacteriaceae	0.7680225085454058
bc039e098097dc94d077a6600eff4728	k__Bacteria; p__Proteobacteria; c__Epsilonproteobacteria; o__Campylobacterales; f__Campylobacteraceae; g__Campylobacter; s__gracilis	0.9483912024974456
ae40a888e1ad4f8f06af2170b16efdb9	k__Bacteria; p__Proteobacteria; c__Gammaproteobacteria; o__Pseudomonadales; f__Pseudomonadaceae	0.999975097502908
284f2ecf2a347fd6ddef9785d7605a5f	k__Bacteria; p__Firmicutes; c__Negativicutes; o__Selenomonadales; f__Veillonellaceae; g__Anaeroglobus; s__geminatus	0.994765102789395
c1ae206ef0c3f49f105220529a980d5f	k__Bacteria; p__Firmicutes; c__Clostridia; o__Clostridiales; f__Peptostreptococcaceae_[XI]; g__Peptostreptococcaceae_[XI][G-9]; s__[Eubacterium]_brachy	0.9999983200461926
864008372fe339c7d5fdfb18554b40fc	k__Bacteria; p__Firmicutes; c__Bacilli; o__Bacillales	0.9995663242822106
c0a8ca4947181d0f413f943082943bcc	k__Bacteria; p__Firmicutes; c__Bacilli; o__Lactobacillales; f__Lactobacillaceae; g__Lactobacillus; s__iners	0.9999909209672243
000a06f753ede480e2b9fc71c7b5c6ce	k__Bacteria; p__Proteobacteria; c__Betaproteobacteria; o__Neisseriales; f__Neisseriaceae; g__Neisseria	0.8771352048645921
ce054316312b918f34f7e966be4448e3	k__Bacteria; p__Bacteroidetes; c__Bacteroidia; o__Bacteroidales; f__Rikenellaceae; g__; s__	0.9995515607304961
960af6f1d23f5b0aba1a4a246e6a7ee0	k__Bacteria; p__Fusobacteria; c__Fusobacteriia; o__Fusobacteriales; f__Fusobacteriaceae; g__Fusobacterium	0.7517436716344853
92936558a8a231dd3ab2d716f239e7b8	k__Bacteria; p__Proteobacteria; c__Gammaproteobacteria; o__Pasteurellales; f__Pasteurellaceae; g__Haemophilus	0.9841054811621127
c316efe40c5694b58d82c28195e179cf	k__Bacteria; p__Firmicutes; c__Clostridia; o__Clostridiales; f__Lachnospiraceae_[XIV]; g__Lachnospiraceae_[G-2]; s__sp._oral_taxon_096	0.9998616412722954
072ab705bca099d4f9ba8d05e9229162	k__Bacteria; p__Firmicutes; c__Clostridia; o__Clostridiales; f__Peptostreptococcaceae_[XI]; g__Peptostreptococcaceae_[XI][G-5]; s__sp._oral_taxon_493	0.9764015599022415
259ea58e87a0f936c9f9baadfaca0431	k__Bacteria; p__Firmicutes; c__Negativicutes; o__Selenomonadales; f__Veillonellaceae; g__Selenomonas	0.7963390161831434
33da55786406b9020edf7a0677a0d5f5	k__Bacteria; p__Bacteroidetes; c__Bacteroidia; o__Bacteroidales; f__Prevotellaceae; g__Prevotella; s__sp._oral_taxon_317	0.9514101347928619
67e538978f0d50944de3e83c5426e3f0	k__Bacteria; p__Bacteroidetes; c__Bacteroidia; o__Bacteroidales; f__Prevotellaceae; g__Prevotella	0.9999996300172064
3001c841797ffb8c570d3a30ed31f94d	k__Bacteria; p__Bacteroidetes; c__Flavobacteriia; o__Flavobacteriales; f__Flavobacteriaceae; g__Capnocytophaga; s__sputigena	0.8697472723206409
bc11477b1ef6667f067595d9536d4b47	k__Bacteria; p__Bacteroidetes; c__Bacteroidia; o__Bacteroidales; f__Prevotellaceae; g__Prevotella	0.9999999267887809
ce39dbe62b1c7e4f41ca0abb4ec5897f	k__Bacteria; p__Bacteroidetes; c__Flavobacteriia; o__Flavobacteriales; f__Flavobacteriaceae; g__Bergeyella; s__sp._oral_taxon_907	0.7573601349546596
fab4fdaa2cbbae4c368a10dc40b845d0	k__Bacteria; p__Bacteroidetes; c__Flavobacteriia; o__Flavobacteriales; f__[Weeksellaceae]; g__Elizabethkingia; s__meningoseptica	0.9822599724304486
5d2a1b8ccb80e2273e319421002eb69a	k__Bacteria; p__Firmicutes; c__Clostridia; o__Clostridiales; f__Ruminococcaceae; g__Oscillospira; s__	0.9994901443705654
7cf413d6b40c87ebb787e510500ef4d9	k__Bacteria; p__Proteobacteria; c__Betaproteobacteria; o__Neisseriales; f__Neisseriaceae; g__Neisseria	0.9899043282330524
ce4dca1b73963d0bc263252ca8ae5b3e	k__Bacteria; p__Firmicutes; c__Bacilli; o__Lactobacillales; f__Lactobacillaceae; g__Lactobacillus	0.9999990534305591
fa33d61915c1e6e8c42a408b8686202a	k__Bacteria; p__Firmicutes; c__Clostridia; o__Clostridiales; f__Peptostreptococcaceae_[XI]; g__Peptostreptococcaceae_[XI][G-2]; s__sp._oral_taxon_091	0.9999999631556598
3d034d30b75cbad3cf28f8884ebab791	k__Bacteria; p__Bacteroidetes; c__Bacteroidia; o__Bacteroidales; f__Prevotellaceae; g__Prevotella; s__sp._oral_taxon_304	0.9999969568374046
4118e96d1e748643929abc461330c25a	k__Bacteria; p__Firmicutes	0.9999999625766147
c4b5fc4cb0dbc1b9507ced5aada2c708	k__Bacteria; p__Firmicutes; c__Bacilli; o__Gemellales; f__Gemellaceae; g__; s__	0.9838624562149533
b3245a9be1c622f71dcf121760f1570f	k__Bacteria; p__Proteobacteria; c__Betaproteobacteria; o__Neisseriales; f__Neisseriaceae; g__Kingella; s__	0.9294789702943429
7df992e472979d1d4a29e3528266d5cb	k__Bacteria; p__Bacteroidetes; c__Bacteroidia; o__Bacteroidales; f__Prevotellaceae; g__Prevotella; s__nanceiensis	0.9535061697787526
b09341dca7ff1c1f861faab1a6171c6c	k__Bacteria; p__Firmicutes; c__Bacilli; o__Lactobacillales; f__Streptococcaceae; g__Streptococcus	0.9997469483405208
b6382092a946900e821bc0f56d625ac4	k__Bacteria; p__Proteobacteria; c__Alphaproteobacteria; o__Sphingomonadales; f__; g__; s__	0.848477006724943
2bc4e82d7336f3793dfcaea1d9bcc069	k__Bacteria; p__Proteobacteria; c__Betaproteobacteria; o__Burkholderiales; f__Oxalobacteraceae; g__Polynucleobacter; s__	0.9964967945742019
72d8fa2ad76835bc089fdea772c727ba	k__Bacteria; p__Cyanobacteria; c__Nostocophycideae; o__Nostocales; f__Nostocaceae; g__Anabaena; s__fertilissima	0.9541620818730723
1ef9cd6b064207b9e0de657b440fa8f1	k__Bacteria; p__Bacteroidetes; c__Bacteroidia; o__Bacteroidales; f__Porphyromonadaceae; g__Porphyromonas	0.9453209388381926
5b51786ac2957d8603e07f5df1fa7a36	k__Bacteria; p__Fusobacteria; c__Fusobacteriia; o__Fusobacteriales; f__Leptotrichiaceae; g__Leptotrichia; s__goodfellowii	0.9995998095736899
ab692ee8b862c31cb2aa14a74f85c2bd	k__Bacteria; p__Firmicutes; c__Clostridia; o__Clostridiales; f__Clostridiales_[F-1]; g__Clostridiales_[F-1][G-1]; s__sp._oral_taxon_093	0.9999999999997442
fd4ef9133431bbc03fb55419aef83b67	k__Bacteria; p__Actinobacteria; c__Actinobacteria; o__Actinomycetales; f__Actinomycetaceae; g__; s__	0.9969958702925344
9c4c7ee35ae0476b97cadbf5ba38b204	k__Bacteria; p__Gracilibacteria_(GN02); c__GN02_[C-2]; o__GN02_[O-2]; f__GN02_[F-2]; g__GN02_[G-2]; s__sp._oral_taxon_873	0.9999999999998579
1ffcb3d30c039f87b22b9f73ab5dee52	k__Bacteria; p__Proteobacteria; c__Betaproteobacteria; o__Neisseriales; f__Neisseriaceae; g__Neisseria	0.9982687982518498
51f5fd836ab3a8473ba62a9e410e6ed2	k__Bacteria; p__Firmicutes; c__Bacilli; o__Lactobacillales; f__Streptococcaceae; g__Streptococcus	0.9999998975072014
3efaeb7f98cbd4f891dee3f19ed3e10f	k__Bacteria; p__SR1; c__SR1_[C-1]; o__SR1_[O-1]; f__SR1_[F-1]; g__SR1_[G-1]; s__sp._oral_taxon_875	0.9699821135362053
107f24dc4047b3c15475be58be00b83e	k__Bacteria; p__SR1; c__SR1_[C-1]; o__SR1_[O-1]; f__SR1_[F-1]; g__SR1_[G-1]; s__sp._oral_taxon_874	0.9954389129825351
7172a470845bcb307969be37577332cb	k__Bacteria; p__Bacteroidetes; c__Flavobacteriia; o__Flavobacteriales; f__Flavobacteriaceae; g__Bergeyella; s__sp._oral_taxon_322	0.9951853491561925
f52c7e47eef8049ab476dbdda05f10a7	k__Bacteria; p__Fusobacteria; c__Fusobacteriia; o__Fusobacteriales; f__Fusobacteriaceae; g__Fusobacterium	0.993882335833089
e54b35e7962abdaf6095637f1f937b20	k__Bacteria; p__Actinobacteria; c__Actinobacteria; o__Actinomycetales; f__Corynebacteriaceae; g__Corynebacterium; s__kroppenstedtii	0.9999944917024173
2a28c7b1b3fce930049b5533bf3c6b0d	k__Bacteria; p__Firmicutes; c__Negativicutes; o__Selenomonadales; f__Veillonellaceae; g__Veillonella	0.864234113714833
eeb782ca0c922a6818965ced2dcd2f7c	k__Bacteria; p__Firmicutes; c__Clostridia; o__Clostridiales; f__Lachnospiraceae_[XIV]; g__Oribacterium; s__sp._oral_taxon_102	0.9211165200998368
094379e6084e522915d342729e0e592e	k__Bacteria; p__Firmicutes; c__Clostridia; o__Clostridiales; f__Peptostreptococcaceae_[XI]; g__Mogibacterium	0.9034926806117523
dbb51c5a7739193b42ca18f163ac6f0d	k__Bacteria; p__Proteobacteria; c__Betaproteobacteria; o__Burkholderiales; f__Comamonadaceae	0.9987202993284987
c8dadc3494667f4d3df9b4a30e91f738	k__Bacteria; p__Firmicutes; c__Bacilli; o__Lactobacillales; f__Lactobacillaceae; g__Lactobacillus; s__gasseri	0.984344119451491
92824a52563e78f80872dd8dca543f21	k__Bacteria; p__Firmicutes; c__Bacilli; o__Lactobacillales; f__Streptococcaceae; g__Streptococcus	0.9999123194504214
83aea4be8e073dfc4158848618da8b69	k__Bacteria	0.9613372068825776
e442e0430d9fd48a084c02e7bd4bd171	k__Bacteria; p__Bacteroidetes; c__Bacteroidia; o__Bacteroidales; f__Prevotellaceae; g__Prevotella; s__denticola	0.9831146252107038
73d9da784e7f9836c90577f44932dedf	k__Bacteria; p__Spirochaetes; c__Spirochaetia; o__Spirochaetales; f__Spirochaetaceae; g__Treponema; s__sp._oral_taxon_246	0.7967153488682405
faf3f25dd88d93fc65eb78fb5c5e6f53	k__Bacteria; p__Firmicutes; c__Bacilli; o__Lactobacillales; f__Streptococcaceae; g__Streptococcus	0.9999999337621185
8e63b9ecc13d2cbfab3f9e01dbdf504e	k__Bacteria; p__Proteobacteria; c__Gammaproteobacteria; o__Xanthomonadales; f__Xanthomonadaceae; g__Stenotrophomonas; s__	0.8267013136464073
59960a39115a2aa907b90a8bb83eec91	k__Bacteria; p__Bacteroidetes; c__Bacteroidia; o__Bacteroidales; f__Prevotellaceae; g__Prevotella; s__aurantiaca	0.7895181748455676
1b14d67ff5c7b0fddf62c6303a90a8fe	k__Bacteria; p__Firmicutes; c__Bacilli; o__Lactobacillales; f__Lactobacillaceae; g__Lactobacillus; s__zeae	0.8959794183537173
6f27378024a7a4ae0dc3ef0d9c469595	k__Bacteria; p__Firmicutes; c__Clostridia; o__Clostridiales; f__Peptostreptococcaceae; g__Filifactor; s__	0.8720858297925317
85cb8dffbc6e4fbd23c4fc980fce118a	k__Bacteria; p__Firmicutes; c__Clostridia; o__Clostridiales; f__Peptostreptococcaceae_[XI]; g__Peptostreptococcaceae_[XI][G-6]; s__[Eubacterium]_nodatum	0.9348920093494243
9eb37e4f5e25359354ab59fb777d2c8e	k__Bacteria; p__Firmicutes; c__Clostridia; o__Clostridiales; f__Eubacteriaceae; g__Eubacterium; s__rectale	0.9153812136373946
019a87ddaaca4a27c1fa6fac3c89f499	k__Bacteria; p__Firmicutes; c__Clostridia; o__Clostridiales; f__Veillonellaceae; g__Selenomonas; s__noxia	0.7177781862959841
8672945a648b82eb9ba18cba9b8cc084	k__Bacteria	0.9999999999999962
35f3eff2befe233b4b3fc868d9053f5a	k__Bacteria; p__Bacteroidetes; c__Bacteroidia; o__Bacteroidales; f__Prevotellaceae; g__Prevotella; s__sp._oral_taxon_305	0.9999992390011041
6f1ea5930b68abc181f2b0d5a08dc411	k__Bacteria; p__Bacteroidetes; c__Bacteroidia; o__Bacteroidales; f__Prevotellaceae; g__Prevotella	0.9999958312235849
14fac81015767a2851d42fe0be4bad1f	k__Bacteria; p__Firmicutes; c__Clostridia; o__Clostridiales; f__Lachnospiraceae; g__Dorea; s__	0.9582467204038506
0d9537f743b743f1a04e0a5556c937a3	k__Bacteria; p__Firmicutes; c__Clostridia; o__Clostridiales	0.9999999999944428
5103850a6660f7471af63db1a4c7787b	k__Bacteria; p__Bacteroidetes; c__Bacteroidia; o__Bacteroidales; f__Prevotellaceae; g__Prevotella	0.9999998431046888
3adfffc34fe64be3e433b8aa0ed6b5d3	k__Bacteria; p__Bacteroidetes; c__Flavobacteriia; o__Flavobacteriales; f__Flavobacteriaceae; g__Capnocytophaga	0.9999999999964699
94bcd6f8d5b4bb0822cb5a0f9b6e0aca	k__Bacteria; p__Firmicutes; c__Bacilli; o__Lactobacillales; f__Carnobacteriaceae	0.7998977253985806
e5ef37be357222f942cf42bc4de172a7	k__Bacteria; p__Fusobacteria; c__Fusobacteriia; o__Fusobacteriales; f__Leptotrichiaceae; g__Leptotrichia; s__sp._oral_taxon_847	0.9999934814697018
7dc28b1427752598ce57bd57800b35b3	k__Bacteria; p__Firmicutes; c__Clostridia; o__Clostridiales; f__Peptococcaceae; g__Peptococcus; s__sp._oral_taxon_167	0.8653615446024601
3fab0fbe15e91a00ee63cea70145a04b	k__Bacteria; p__Bacteroidetes; c__Bacteroidia; o__Bacteroidales; f__Prevotellaceae; g__Prevotella	0.9999337949648773
0c7b5f64ce2dfce4c779c012df20c509	k__Bacteria; p__Bacteroidetes; c__Bacteroidia; o__Bacteroidales; f__Prevotellaceae; g__Prevotella; s__saccharolytica	0.9999998812992671
675187838543f74731ee9b4210388be9	k__Bacteria; p__Firmicutes	0.9999999999984203
34da4f7a4d4313ec7ba1ebb7b378efd1	k__Bacteria; p__Bacteroidetes; c__Bacteroidia; o__Bacteroidales; f__Prevotellaceae; g__Prevotella; s__sp._oral_taxon_317	0.714782869781773
f155482558db00cda2975cbcb12e20e4	k__Bacteria; p__Actinobacteria; c__Actinobacteria; o__Actinomycetales; f__Actinomycetaceae; g__Actinomyces	0.9999611707169688
12ffb74722a73b1ba4a52149bed88af3	k__Bacteria; p__Proteobacteria; c__Betaproteobacteria; o__Burkholderiales; f__Comamonadaceae	0.9998829614525986
19004906c5e000032d293d606ca7982d	k__Bacteria; p__Firmicutes; c__Bacilli; o__Bacillales	0.7879358692226988
9c6f562dc9cb4a699aed17a3ab185d8f	k__Bacteria; p__Actinobacteria; c__Actinobacteria; o__Bifidobacteriales; f__Bifidobacteriaceae; g__Scardovia; s__wiggsiae	0.9999733650199547
ea8df4654b89942b5c29ccdc944ee0ec	k__Bacteria; p__Chloroflexi; c__Anaerolineae; o__DRC31; f__; g__; s__	0.9999999334109071
28337124f36a41234c33c0dd98b8bcd1	k__Bacteria; p__Acidobacteria; c__Acidobacteria-6; o__CCU21; f__; g__; s__	0.9999999535267972
59c3a662474cd4389dc0e04ebad10949	k__Bacteria; p__Fusobacteria; c__Fusobacteriia; o__Fusobacteriales; f__Leptotrichiaceae; g__Leptotrichia; s__sp._oral_taxon_219	0.9855276113024882
4a161c9414f609a710871e5289bd5d0b	k__Bacteria; p__Firmicutes; c__Negativicutes; o__Selenomonadales; f__Veillonellaceae; g__Veillonella	0.973692784034266
1092baea3bfbc8dea215058d0c73e7bc	k__Bacteria; p__Firmicutes; c__Clostridia; o__Clostridiales; f__Clostridiales_[F-1]; g__Clostridiales_[F-1][G-1]; s__sp._oral_taxon_093	0.9999999999997726
c208ebff0eb3050b5921a96a2b75b50b	k__Bacteria; p__Firmicutes; c__Clostridia; o__Clostridiales; f__Lachnospiraceae	0.8636577406060997
43dd2e2354127808f1200f193f47a5a0	k__Bacteria; p__Firmicutes; c__Clostridia; o__Clostridiales; f__Peptostreptococcaceae; g__Filifactor; s__	0.9101709042918485
847f8fd35f1ed4646e4944696d7e570b	k__Bacteria; p__Firmicutes	0.99999999999949
b03139da7301b13b2515ea0da6fcdae5	k__Bacteria; p__Bacteroidetes; c__Bacteroidia; o__Bacteroidales; f__Prevotellaceae; g__Prevotella; s__sp._oral_taxon_942	0.9150144994793992
997ae968621efb939f244f2d5652afff	k__Bacteria; p__Actinobacteria; c__Actinobacteria; o__Actinomycetales; f__Micrococcaceae; g__Rothia	0.9638974410632624
239048a2ee588d756185e53a2ed96e4d	k__Bacteria; p__Proteobacteria; c__Betaproteobacteria; o__Burkholderiales; f__Burkholderiaceae; g__Lautropia; s__mirabilis	0.9941478008914157
693bd82e0f4ba80bb79938224c1df2ef	k__Bacteria; p__Actinobacteria; c__Actinobacteria; o__Actinomycetales; f__Micrococcaceae; g__Rothia	0.8793017297263651
6d785a1fbc3885e2eed1ba09342270dd	k__Bacteria; p__Firmicutes; c__Bacilli; o__Bacillales	0.9997169949618487
51db8458b3d306dba91044aca38a3752	k__Bacteria; p__Fusobacteria; c__Fusobacteriia; o__Fusobacteriales; f__Leptotrichiaceae; g__Leptotrichia; s__	0.9510379928629261
5daabb9c1d37f03a394d9bf0e871dc44	k__Bacteria; p__Proteobacteria; c__Gammaproteobacteria; o__Xanthomonadales; f__Sinobacteraceae; g__Nevskia; s__ramosa	0.9999969853781431
cdc362e559cc3b0b34ae4e299b397a5a	k__Bacteria; p__Bacteroidetes; c__Bacteroidia; o__Bacteroidales; f__Prevotellaceae; g__Prevotella; s__saccharolytica	0.999999953516679
8829f1e0e88b55eef1c4ae10b9a29e21	k__Bacteria; p__Firmicutes; c__Clostridia; o__Clostridiales; f__Lachnospiraceae_[XIV]; g__Butyrivibrio; s__sp._oral_taxon_080	0.9999719236438369
f87aab142455c0a5641410fdf304ca55	k__Bacteria; p__Fusobacteria; c__Fusobacteriia; o__Fusobacteriales; f__Leptotrichiaceae; g__Leptotrichia	0.999999999999554
4f7c6dbe2ed7d6c7d0978bebc84f4fec	k__Bacteria; p__Bacteroidetes; c__Bacteroidia; o__Bacteroidales; f__Prevotellaceae; g__Prevotella; s__saccharolytica	0.9999997691140674
8a891645308e73dbabcda54d823d3564	k__Bacteria; p__Gracilibacteria_(GN02); c__GN02_[C-1]; o__GN02_[O-1]; f__GN02_[F-1]; g__GN02_[G-1]; s__sp._oral_taxon_872	0.9997642359345352
ff9f236e2f107947f48432acb88228d3	k__Bacteria; p__Actinobacteria; c__MB-A2-108; o__0319-7L14; f__; g__; s__	0.9999994969095085
9f13c34dd8a8712496ca29735771bfdb	k__Bacteria; p__Bacteroidetes; c__Bacteroidia; o__Bacteroidales; f__Prevotellaceae; g__Prevotella; s__sp._oral_taxon_315	0.9999999925474867
3a1afdacd31aac66b64e38402aaed2af	k__Bacteria; p__Cyanobacteria; c__Chloroplast; o__Stramenopiles; f__; g__; s__	0.999999999823828
520568bc40bbb04666acb672ce8de665	k__Bacteria; p__Actinobacteria; c__Actinobacteria; o__WCHB1-81; f__At425_EubF1; g__; s__	0.9999999991018313
9fc26631a7771ce5b5b26becfd96f638	k__Bacteria; p__Bacteroidetes; c__Flavobacteriia; o__Flavobacteriales; f__Flavobacteriaceae; g__Capnocytophaga; s__gingivalis	0.9723117620937635
9746d0383d464b285a38fc34d6e5fb0a	k__Bacteria; p__Proteobacteria; c__Gammaproteobacteria; o__Pasteurellales; f__Pasteurellaceae; g__Aggregatibacter	0.9301152031218369
4437c9177a480cc2f93ca9721c327ddf	k__Bacteria; p__Proteobacteria; c__Gammaproteobacteria; o__Pasteurellales; f__Pasteurellaceae; g__Haemophilus	0.9000020346358604
75a25d1eea5fbc1ae48cb8edc16d52ab	k__Bacteria; p__Gracilibacteria_(GN02); c__GN02_[C-1]; o__GN02_[O-1]; f__GN02_[F-1]; g__GN02_[G-1]; s__sp._oral_taxon_872	0.9999922801653561
bf52b71b2a2fbec3eb24c774f76af947	k__Bacteria; p__Fusobacteria; c__Fusobacteriia; o__Fusobacteriales; f__Leptotrichiaceae; g__Leptotrichia; s__sp._oral_taxon_417	0.7899075664518674
ab0d395adde26af3c3b6bb7e0907760f	k__Bacteria; p__Firmicutes; c__Bacilli; o__Lactobacillales; f__Streptococcaceae; g__Streptococcus	0.9999999647858626
6d1ac7e02d8161f59afb66a1e36952b4	k__Bacteria; p__Firmicutes; c__Clostridia; o__Clostridiales; f__Peptostreptococcaceae_[XI]; g__Peptostreptococcus; s__stomatis	0.9049760621408961
668984bb4ed5afc4caaeb40ebaff44b8	k__Bacteria; p__Bacteroidetes; c__Bacteroidia; o__Bacteroidales; f__Prevotellaceae; g__Prevotella	0.9999999999997158
050495dccc1dfc07050c5eb141b260c5	k__Bacteria; p__Firmicutes; c__Clostridia; o__Clostridiales	0.9999852963723925
afe83acd26f075f37f63d0367f4add04	k__Bacteria; p__Spirochaetes; c__Spirochaetia; o__Spirochaetales; f__Spirochaetaceae; g__Treponema; s__sp._oral_taxon_927	0.9999993589488761
00ef94d84c134b3060dc276856bb23ff	k__Bacteria; p__Firmicutes; c__Clostridia; o__Clostridiales; f__Peptostreptococcaceae_[XI]; g__Peptostreptococcaceae_[XI][G-4]; s__sp._oral_taxon_369	0.8598272949873241
f4a2e7e0e4dc421fc02d209a528e9973	k__Bacteria; p__Firmicutes; c__Bacilli; o__Lactobacillales; f__Streptococcaceae; g__Streptococcus	0.9941662527570082
d347b62ddb9596156a60a5f481ec8ccc	k__Bacteria; p__Firmicutes; c__Clostridia; o__Clostridiales; f__Lachnospiraceae_[XIV]; g__Lachnospiraceae_[G-8]; s__sp._oral_taxon_500	0.9999999398362736
4e287b41797566b16709adec4ec8cfb9	k__Bacteria; p__Spirochaetes; c__Spirochaetia; o__Spirochaetales; f__Spirochaetaceae; g__Treponema; s__sp._oral_taxon_258	0.9993775447055022
ad925c6c76c6cfb5c34a9093501fa199	k__Bacteria; p__Proteobacteria; c__Gammaproteobacteria; o__Pasteurellales; f__Pasteurellaceae; g__Haemophilus	0.8667317552443229
6cecadc4bc0055c6a838ed4a7d9d550d	k__Bacteria; p__Actinobacteria; c__Actinobacteria	0.9999999999999989
23d04fe187482258b7475f01a71237ad	k__Bacteria; p__Firmicutes; c__Clostridia; o__Clostridiales; f__Lachnospiraceae	0.8371817821290857
77c5ca84aa7d12a10ca9aeff0394793e	k__Bacteria; p__Firmicutes; c__Clostridia; o__Clostridiales; f__Peptococcaceae; g__Peptococcus; s__sp._oral_taxon_167	0.8379620593036332
07b194907f9f8e84252b99134fe9f61e	k__Bacteria; p__Firmicutes; c__Bacilli; o__Lactobacillales; f__Streptococcaceae; g__Streptococcus	0.9999615563626181
f0acef9ae3026c74dd30423e22528321	k__Bacteria; p__Bacteroidetes; c__Bacteroidia; o__Bacteroidales; f__Prevotellaceae; g__Prevotella	0.9999999999999994
2a61af4f1b94548535f7acac0ef35b9b	k__Bacteria; p__Firmicutes; c__Clostridia; o__Clostridiales; f__Peptostreptococcaceae_[XI]; g__Peptostreptococcaceae_[XI][G-4]; s__sp._oral_taxon_369	0.8590299211077681
8a2666e9f9567fe46d098ce5f21d973d	k__Bacteria; p__Firmicutes; c__Clostridia; o__Clostridiales; f__Peptostreptococcaceae_[XI]; g__Filifactor; s__alocis	0.7533589512250576
5081e3792bafa8e3c7615bad8a3168df	k__Bacteria; p__Bacteroidetes; c__Bacteroidia; o__Bacteroidales; f__Porphyromonadaceae; g__Porphyromonas	0.9998345193310841
8e392232a473145850a4424414a7a23b	k__Bacteria; p__Bacteroidetes; c__Bacteroidia; o__Bacteroidales; f__Prevotellaceae; g__Prevotella	0.9999747490070642
8f3725477d0b5b5441b5ba1e6d91a8bf	k__Bacteria; p__Fusobacteria; c__Fusobacteriia; o__Fusobacteriales; f__Leptotrichiaceae; g__Leptotrichia; s__goodfellowii	0.9996473678665315
7f9468f8481001df53b779e47d66cb3e	k__Bacteria; p__Actinobacteria; c__Actinobacteria; o__Bifidobacteriales; f__Bifidobacteriaceae; g__Scardovia; s__wiggsiae	0.9999583165066074
db20b27d27123530560f425d63c9820b	k__Bacteria; p__Tenericutes; c__Mollicutes; o__Acholeplasmatales; f__Acholeplasmataceae; g__Acholeplasma; s__	0.9999555299583297
b8d75f54498dfff4f28c74675483e0b2	k__Bacteria; p__Bacteroidetes; c__Flavobacteriia; o__Flavobacteriales	0.9999999991851558
a91197a4b630694af4fddaadb6b2c8e4	k__Bacteria; p__Firmicutes; c__Bacilli; o__Lactobacillales; f__Streptococcaceae; g__Streptococcus	0.9979985167578195
b0a904eaaa980404b414b9f64fa1de4c	k__Bacteria; p__Proteobacteria; c__Betaproteobacteria; o__Neisseriales; f__Neisseriaceae; g__Kingella	0.9999025358222252
6b01fabec83ef435720c9ede7d2ca42f	k__Bacteria; p__Bacteroidetes; c__Bacteroidia; o__Bacteroidales; f__Prevotellaceae; g__Alloprevotella; s__sp._oral_taxon_473	0.9997079186019091
daadd5225fcea5ffa540853b70738ae5	k__Bacteria; p__Firmicutes	0.999999999999648
76878be7f326af9de78fe6860bf37838	k__Bacteria; p__Fusobacteria; c__Fusobacteriia; o__Fusobacteriales; f__Leptotrichiaceae; g__Leptotrichia; s__sp._oral_taxon_223	0.9262697269324046
4d6eeea82d881648cb00fe65e4e82009	k__Bacteria; p__Proteobacteria; c__Betaproteobacteria; o__Burkholderiales; f__; g__; s__	0.998244120640093
8097bdeaec6031553604e828786924e7	k__Bacteria; p__Bacteroidetes; c__Flavobacteriia; o__Flavobacteriales; f__Flavobacteriaceae; g__Flavobacterium; s__	0.9995848994856317
9817a381c6178e8f6b09a76c08b0a5cd	k__Bacteria; p__Bacteroidetes; c__Bacteroidia; o__Bacteroidales; f__Prevotellaceae; g__Prevotella; s__oralis	0.9999907130348133
577b216b566ae26804ebb7db016755fc	k__Bacteria; p__Firmicutes; c__Clostridia; o__Clostridiales; f__Peptostreptococcaceae_[XI]; g__Peptostreptococcaceae_[XI][G-7]; s__sp._oral_taxon_081	0.989678112912008
e220f5a05a8903c25877acc12d9963ac	k__Bacteria; p__Spirochaetes; c__Spirochaetia; o__Spirochaetales; f__Spirochaetaceae; g__Treponema; s__sp._oral_taxon_258	0.999903135149697
6151e93b23abde3bad492a202a10144a	k__Bacteria; p__Tenericutes; c__Mollicutes; o__RF39; f__; g__; s__	0.9999985651588394
d992e23b0cdb06aa87e5dc54cc2d0126	k__Bacteria; p__Proteobacteria; c__Gammaproteobacteria; o__Legionellales; f__Coxiellaceae; g__Aquicella; s__	0.9999999999871818
337c16741dd8bf9c120a9eea4e8443cd	k__Bacteria; p__Planctomycetes; c__Planctomycetia; o__Pirellulales; f__Pirellulaceae; g__; s__	0.9999837904047528
387a61c6a8863241367616bcf30c2389	k__Bacteria; p__Tenericutes; c__Mollicutes; o__; f__; g__; s__	0.9999999519664453
b7bb0b71b95abaaf4a021409898a801e	k__Bacteria; p__Planctomycetes; c__Planctomycetia; o__Planctomycetales; f__Planctomycetaceae; g__Planctomyces; s__	0.9999999947415859
3a2ab1b8f29bfbcf8857cffd86292cbe	k__Bacteria; p__Actinobacteria; c__Thermoleophilia; o__Gaiellales; f__Gaiellaceae; g__; s__	0.9999976089442151
f5c3c5baff64cd6cbae3da613e3adb32	k__Bacteria; p__Planctomycetes; c__Planctomycetia; o__Planctomycetales; f__Planctomycetaceae; g__Planctomyces; s__	0.9999983468042212
48606c10dfd1e4d1d4d86747a59c37b0	k__Bacteria; p__Chloroflexi; c__Anaerolineae; o__DRC31; f__; g__; s__	0.9999874829790313
8253cf7a7f34ecf63dc6f7ac5aaf41c5	k__Bacteria; p__KSB3; c__; o__; f__; g__; s__	0.9989444379935132
2b17cf1cb928d72485181fb3ffd5bb86	k__Bacteria; p__Proteobacteria; c__Alphaproteobacteria; o__Rhodobacterales; f__Rhodobacteraceae; g__; s__	0.9472597780088456
de05a97f75594bd7d095d6ae8d2b392d	k__Bacteria; p__Actinobacteria; c__Acidimicrobiia; o__Acidimicrobiales; f__; g__; s__	0.9924649917424457
4236bf8714be155d6e8db4086ce4aba0	k__Bacteria	0.9639329474594439
36f20da5e567cc641f8568b41544905f	k__Bacteria; p__Planctomycetes; c__Planctomycetia; o__Pirellulales; f__Pirellulaceae; g__; s__	0.9999991171662603
281c8201a61ff81b0684332fd74877ca	k__Bacteria; p__OP3; c__koll11; o__; f__; g__; s__	0.9993489866490918
8d432dfe318f3edf051c40ba8bc31490	k__Bacteria; p__Chloroflexi; c__Anaerolineae; o__Caldilineales; f__Caldilineaceae	0.9999970449257711
279720a29981eace02264a8a30a18d84	k__Bacteria; p__Chlamydiae; c__Chlamydiia; o__Chlamydiales; f__; g__; s__	0.998718879912969
150f7bd173e7942222b757051b749793	k__Bacteria; p__Planctomycetes; c__Planctomycetia; o__Pirellulales; f__Pirellulaceae; g__; s__	0.9999999642418096
7d4fe2f82b0e49fb1c38bd84634cbfe2	k__Bacteria; p__Bacteroidetes; c__Bacteroidia; o__Bacteroidales; f__Prevotellaceae; g__Prevotella; s__dentalis	0.9999999959541981
d88bc2ab7bbf327786c5c7b1b01bd188	k__Bacteria; p__Actinobacteria; c__Actinobacteria; o__Actinomycetales; f__Micrococcaceae; g__Rothia	0.913625385691646
9c1979e688c597af59d62ccbed7d0573	k__Bacteria; p__Proteobacteria; c__Betaproteobacteria; o__Burkholderiales; f__Comamonadaceae	0.9898896031441524
ee8880a78afff9f0fb2487319e57e30a	k__Bacteria; p__Actinobacteria; c__Actinobacteria; o__Corynebacteriales; f__Corynebacteriaceae; g__Corynebacterium; s__matruchotii	0.9933016437608578
512814b1bbaecebc5130354f7c28a327	k__Bacteria; p__Firmicutes; c__Bacilli; o__Gemellales; f__Gemellaceae; g__; s__	0.9937302154348318
a1b4ef32f79ef5a1a88292f277ce1726	k__Bacteria; p__Proteobacteria; c__Deltaproteobacteria; o__Desulfobacterales; f__Desulfobulbaceae; g__Desulfobulbus; s__	0.999150513032703
19374e75e4f42aa74e412f68b713d2a7	k__Bacteria; p__Proteobacteria; c__Betaproteobacteria; o__Burkholderiales; f__Comamonadaceae; g__Hydrogenophaga; s__	0.9915834886759514
102b2f5e392087dfe657a42789e4400f	k__Bacteria; p__Spirochaetes; c__Spirochaetes; o__Spirochaetales; f__Spirochaetaceae; g__Spirochaeta; s__aurantia	0.999999999999801
3bac5276740b1a4290688d7a1e32745c	k__Bacteria; p__Proteobacteria; c__Gammaproteobacteria; o__Pasteurellales; f__Pasteurellaceae; g__Haemophilus	0.7444588491468631
9d59f767ac759b8c41d87ee844a88cd3	k__Bacteria; p__Firmicutes; c__Bacilli; o__Lactobacillales; f__Streptococcaceae; g__Streptococcus	0.9999998470423036
631eaa12e76555c14e2fd776ec6d13cc	k__Bacteria; p__Firmicutes; c__Bacilli; o__Bacillales; f__Staphylococcaceae; g__Staphylococcus	0.9984018002947294
7a8e02dd7c3694518931c654621ab1c4	k__Bacteria; p__Actinobacteria; c__Actinobacteria; o__Bifidobacteriales; f__Bifidobacteriaceae; g__Bifidobacterium; s__dentium	0.9515486604327058
7e3f801ff2fdc90c450960972bec01d5	k__Bacteria; p__Firmicutes; c__Clostridia; o__Clostridiales; f__Lachnospiraceae_[XIV]; g__Butyrivibrio; s__sp._oral_taxon_455	0.9853202280198942
4cfd1218e8e227f0fbb3b65b621b82b6	k__Bacteria; p__Firmicutes; c__Negativicutes; o__Selenomonadales; f__Veillonellaceae; g__Veillonella	0.9452290583895615
62fa052b0df302255137a8ab1edf5dd0	k__Bacteria; p__Proteobacteria; c__Gammaproteobacteria; o__Pasteurellales; f__Pasteurellaceae; g__Haemophilus	0.895032226142388
18cb094b94a8f6f25c4a19cd82e34c09	k__Bacteria; p__Firmicutes; c__Bacilli; o__Lactobacillales; f__Streptococcaceae; g__Streptococcus	0.999999707410603
3dff97165a78569c2fd6e4906c15de23	k__Bacteria; p__Proteobacteria; c__Betaproteobacteria; o__Burkholderiales; f__Comamonadaceae; g__Variovorax; s__paradoxus	0.8412804947650024
9360407bc5f742d25256c900a429e49e	k__Bacteria; p__Proteobacteria; c__Gammaproteobacteria; o__Alteromonadales; f__OM60; g__; s__	0.9114456514475343
5f44336390120e4d042b89a86f2ff8ff	k__Bacteria; p__Spirochaetes; c__Spirochaetia; o__Spirochaetales; f__Spirochaetaceae; g__Treponema	0.9999999981381434
148ff83b698d82a1b59386c4b507ab89	k__Bacteria; p__Bacteroidetes; c__Bacteroidia; o__Bacteroidales	1.0000000000000009
1a640323ced18e5f6ba3bf27e73299db	k__Bacteria; p__Proteobacteria; c__Gammaproteobacteria; o__Pseudomonadales; f__Pseudomonadaceae; g__Pseudomonas	0.9283937326884784
a53f0623b87ed6b4b5c92695cfde39cd	k__Bacteria; p__Bacteroidetes; c__Bacteroidia; o__Bacteroidales; f__Prevotellaceae; g__Prevotella; s__amnii	0.7811849454525388
04f7c446dc9eb799285b1a4cf799e247	k__Bacteria; p__Fusobacteria; c__Fusobacteriia; o__Fusobacteriales; f__Fusobacteriaceae; g__Fusobacterium	0.9727435289418418
cccafb4e009fed2dbec0a7e30f89394b	k__Bacteria; p__Bacteroidetes; c__Bacteroidia; o__Bacteroidales; f__Porphyromonadaceae; g__Tannerella	0.9999997767869518
a593775a1535549777736699393604e9	k__Bacteria; p__Bacteroidetes; c__Flavobacteriia; o__Flavobacteriales; f__Flavobacteriaceae; g__Capnocytophaga; s__sputigena	0.9562556458348839
29a01263621eb612eac1ada3bb5c37d8	k__Bacteria; p__Fusobacteria; c__Fusobacteriia; o__Fusobacteriales; f__Leptotrichiaceae; g__Leptotrichia; s__sp._oral_taxon_221	0.9999734858548812
60a37b1d1d748fada8898c7bf99b05c2	k__Bacteria; p__Actinobacteria; c__Actinobacteria; o__Actinomycetales; f__Micrococcaceae; g__Rothia	0.89281761318566
95d0d07b5f724743fa1d67a8f9a38127	k__Bacteria; p__Firmicutes; c__Bacilli; o__Bacillales; f__Gemellaceae; g__Gemella	0.7376159306463961
656f5474cb52ca560d5df83ef684f8a0	k__Bacteria; p__Proteobacteria; c__Betaproteobacteria; o__Neisseriales; f__Neisseriaceae; g__Kingella; s__	0.7978648017400077
90e1ad75aa48b341c5a806c0a64fc68f	k__Bacteria; p__Firmicutes; c__Negativicutes; o__Selenomonadales; f__Veillonellaceae; g__Selenomonas	0.9990848564695193
e488fc71ad499dfb28d0bf559e51fc92	k__Bacteria; p__Proteobacteria; c__Betaproteobacteria; o__Neisseriales; f__Neisseriaceae; g__Neisseria	0.9946684493556096
2ef9171c66e70558b3a417a1b2f528cc	k__Bacteria; p__Firmicutes; c__Mollicutes; o__Mollicutes_[O-1]; f__Mollicutes_[F-1]; g__Mollicutes_[G-1]; s__sp._oral_taxon_504	0.9999951959648146
0e1ff2e8e141164ec41fac10b06e4a01	k__Bacteria; p__Proteobacteria; c__Gammaproteobacteria; o__Pseudomonadales; f__Moraxellaceae; g__Moraxella; s__	0.9829408216625624
bd67fe34c0cc51b08042b0fa24da83ec	k__Bacteria; p__Firmicutes; c__Bacilli; o__Bacillales; f__Gemellaceae; g__Gemella	0.7066209715295705
1f3252f745278156d5634b3aa7fd8286	k__Bacteria; p__Firmicutes; c__Negativicutes; o__Selenomonadales; f__Veillonellaceae; g__Veillonella; s__dispar	0.8079652560155898
5353fcf36e59b6b122a0c94d1e43de36	k__Bacteria; p__Proteobacteria; c__Gammaproteobacteria; o__Legionellales; f__Coxiellaceae; g__Aquicella; s__	0.9999997956956785
86a7212d75d71ed14ac662e07b976185	k__Bacteria; p__Proteobacteria; c__Alphaproteobacteria; o__Rhizobiales; f__Rhizobiaceae	0.9979618984254255
ebf5c09078eddfc5a270eb0cf0147807	k__Bacteria; p__Firmicutes; c__Clostridia; o__Clostridiales	0.9999999975984311
404de528a684a48b73c38d2728be7805	k__Bacteria; p__Spirochaetes; c__Spirochaetes; o__Spirochaetales; f__Spirochaetaceae; g__Treponema; s__amylovorum	0.9453048616713787
90c4d4f829f65bad402725ec659a0e5c	k__Bacteria; p__Proteobacteria; c__Gammaproteobacteria; o__Legionellales; f__Coxiellaceae; g__; s__	0.9635231025265022
90cfbf8e7cb905daa631009cbedc0aa3	k__Bacteria; p__Cyanobacteria; c__Chloroplast; o__Stramenopiles; f__; g__; s__	0.9999258228103113
1befd7fc21f7e408931020c9342f2be6	k__Bacteria; p__Firmicutes; c__Clostridia; o__Clostridiales; f__Clostridiaceae; g__Clostridium; s__perfringens	0.9996528573877382
0f9036746f35edfeaefde2f132fbe977	k__Bacteria; p__Planctomycetes; c__Planctomycetia; o__Pirellulales; f__Pirellulaceae; g__; s__	0.9999998581102959
e492f2e1198525fb8a411a8bda6c652a	k__Bacteria; p__Proteobacteria; c__Gammaproteobacteria; o__Legionellales; f__Legionellaceae; g__; s__	0.9002255192211213
43622c644be0ba992d0c64cf1265dc17	k__Bacteria; p__Cyanobacteria; c__Chloroplast; o__Chlorophyta; f__Chlamydomonadaceae; g__; s__	0.99999979909112
9d25895bd84802a406c4982d2a864cfb	k__Bacteria; p__Planctomycetes; c__Planctomycetia; o__Pirellulales; f__Pirellulaceae; g__; s__	0.9999272713334806
945bd58649af7eef50ba25e899ba67a9	k__Bacteria; p__Bacteroidetes; c__Bacteroidia; o__Bacteroidales; f__Bacteroidaceae; g__Bacteroides; s__heparinolyticus	0.9999980139367577
695219fd0a938eeed87351e68dd62d99	k__Bacteria; p__Bacteroidetes; c__Bacteroidia; o__Bacteroidales; f__Porphyromonadaceae; g__Tannerella	0.999999200818552
5203dd1a73f7ec83e233b1aa3004cc0d	k__Bacteria; p__Planctomycetes; c__Planctomycetia; o__Pirellulales; f__Pirellulaceae; g__; s__	0.9999991328469301
ee70a5df6562f95773ab0e22cd5ebca9	k__Bacteria; p__Bacteroidetes; c__Cytophagia; o__Cytophagales; f__Cytophagaceae; g__; s__	0.9999958813657605
130dbca5312aa06692bef69b5c4ab348	k__Bacteria; p__Fusobacteria; c__Fusobacteriia; o__Fusobacteriales; f__Leptotrichiaceae; g__Leptotrichia; s__shahii	0.947946933851128
be1558c0f542c1b84cd0540fc174a5d5	k__Bacteria; p__Bacteroidetes; c__Bacteroidia; o__Bacteroidales; f__Prevotellaceae; g__Prevotella; s__pleuritidis	0.9999998936448747
b862fb5f4f7f5a974521d676d1bf915c	k__Bacteria; p__Firmicutes; c__Clostridia; o__Clostridiales; f__Lachnospiraceae_[XIV]; g__Lachnoanaerobaculum; s__sp._oral_taxon_496	0.999999884917464
2b5cc337e65fe7afd740010469142d53	k__Bacteria; p__Gracilibacteria_(GN02); c__GN02_[C-1]; o__GN02_[O-1]; f__GN02_[F-1]; g__GN02_[G-1]; s__sp._oral_taxon_872	0.999991312202591
d29dc6a15b2beb9c2a5cc0057157cf4a	k__Bacteria; p__Proteobacteria; c__Gammaproteobacteria; o__Pasteurellales; f__Pasteurellaceae; g__Haemophilus	0.7971371048958004
440edd8bc6a0ed77a1457194b0a00cd9	k__Bacteria; p__Bacteroidetes; c__Bacteroidia; o__Bacteroidales; f__Prevotellaceae; g__Prevotella	0.9999815536667185
d3d1c1d744b24bc3207513bcdaf4169c	k__Bacteria; p__Firmicutes; c__Erysipelotrichia; o__Erysipelotrichales; f__Erysipelotrichaceae; g__Eggerthia; s__catenaformis	0.9236012555754352
0b7b6e322f09a5ade6c847b9296e3b23	k__Bacteria	1.0000000000000058
e4835543a02ace8d85608637f41c09e2	k__Bacteria; p__Firmicutes; c__Bacilli; o__Gemellales; f__Gemellaceae; g__; s__	0.9243841257983978
91bfa4cca8f4437b7cbfd7fc86f8f406	k__Bacteria; p__Bacteroidetes; c__Bacteroidia; o__Bacteroidales; f__Porphyromonadaceae; g__Tannerella; s__sp._oral_taxon_916	0.7720899092434598
f7bd2ace6190bc2d885cf61450be4d9b	k__Bacteria; p__Proteobacteria; c__Alphaproteobacteria; o__Rhodobacterales; f__Rhodobacteraceae; g__Rhodobacter; s__	0.8709101846267724
9faf85517e35fb96a3b6d7949a69f995	k__Bacteria; p__Actinobacteria; c__Actinobacteria; o__Bifidobacteriales; f__Bifidobacteriaceae; g__Bifidobacterium; s__dentium	0.9270154389430563
85615785334e439f70b13519e87548ea	k__Bacteria; p__Spirochaetes; c__Spirochaetia; o__Spirochaetales; f__Spirochaetaceae; g__Treponema	0.9999997793398179
f76c627aa4b55f78fc6f750471feb594	k__Bacteria; p__Firmicutes; c__Negativicutes; o__Selenomonadales; f__Veillonellaceae; g__Veillonellaceae_[G-1]	0.8320661691421909
8c55a3fa9c0e24d8ff1c30d15ad27ca4	k__Bacteria; p__Firmicutes; c__Negativicutes; o__Selenomonadales; f__Veillonellaceae; g__Selenomonas; s__sputigena	0.9570434900751105
82713cecc706dfc2c0d94a3571932ced	k__Bacteria; p__Firmicutes; c__Clostridia; o__Clostridiales; f__Ruminococcaceae; g__; s__	0.8507515432100375
1c540f8179f58906972a432575d770ee	k__Bacteria; p__Actinobacteria	0.9969755494820755
c2bed160637827a1039abc2be936ed22	k__Bacteria; p__Proteobacteria; c__Betaproteobacteria; o__Burkholderiales; f__Comamonadaceae	0.9959533278938065
fa521b716926ea803ceed88ca24ba0b9	k__Bacteria; p__Bacteroidetes; c__Bacteroidia; o__Bacteroidales; f__Bacteroidales_[F-2]; g__Bacteroidales_[G-2]; s__sp._oral_taxon_274	0.9999990737566007
c48227b06ded6023133f9814d2b1e011	k__Bacteria; p__Bacteroidetes; c__Bacteroidia; o__Bacteroidales; f__Prevotellaceae; g__Prevotella; s__micans	0.9999999513789403
7e7f65f7a4d0dd5a56206612c1bf2cac	k__Bacteria; p__Firmicutes; c__Negativicutes; o__Selenomonadales; f__Veillonellaceae; g__Dialister; s__invisus	0.7171299374672906
a04ee07b94891617e5c5f3ad15baf7b2	k__Bacteria; p__Actinobacteria; c__Coriobacteriia; o__Eggerthellales; f__Eggerthellaceae; g__Cryptobacterium; s__curtum	0.9999999320664182
ecc2af3f9a31f28a3f5ec949f945a10c	k__Bacteria; p__Fusobacteria; c__Fusobacteriia; o__Fusobacteriales; f__Fusobacteriaceae; g__Fusobacterium	0.95776873530062
3ecf139891d1aef291eece7185dd1e2f	k__Bacteria; p__Fusobacteria; c__Fusobacteriia; o__Fusobacteriales; f__Fusobacteriaceae; g__Fusobacterium	0.995186695453248
5da2ec43539a17ef69feb08994cc690b	k__Bacteria	0.9999999998128104
b3a566cdf5dcb3908309c4992d33ab91	k__Bacteria; p__Firmicutes; c__Bacilli; o__Lactobacillales; f__Streptococcaceae; g__Streptococcus	0.9997957271487097
3fb6905c058b10898f7f7182d613d261	k__Bacteria; p__Firmicutes; c__Clostridia; o__Clostridiales; f__Lachnospiraceae_[XIV]; g__Lachnospiraceae_[G-8]; s__sp._oral_taxon_500	0.9999999539197131
5eb646de2e8def1bb181f43126b23590	k__Bacteria; p__Firmicutes; c__Bacilli; o__Lactobacillales; f__Streptococcaceae; g__Streptococcus	0.9999968902308921
d7a1a841a19cb53fe6beafdc269e48f8	k__Bacteria; p__Proteobacteria; c__Gammaproteobacteria; o__Pasteurellales; f__Pasteurellaceae; g__Haemophilus; s__pittmaniae	0.7458927855287389
f335598844a9bdedc77dc2879ffc6fc1	k__Bacteria; p__SR1; c__SR1_[C-1]; o__SR1_[O-1]; f__SR1_[F-1]; g__SR1_[G-1]; s__sp._oral_taxon_875	0.9976535278250817
4fab1fe10b792575e8695acc4a0fe2c4	k__Bacteria; p__Firmicutes; c__Clostridia; o__Clostridiales; f__Peptostreptococcaceae_[XI]; g__Peptostreptococcaceae_[XI][G-2]; s__sp._oral_taxon_091	0.9999998744129862
e3e95afc3f1cada027a054aa4c505fdc	k__Bacteria; p__Bacteroidetes; c__Bacteroidetes_[C-1]; o__Bacteroidetes_[O-1]; f__Bacteroidetes_[F-1]; g__Bacteroidetes_[G-3]; s__sp._oral_taxon_365	0.999968915175489
1dc61cffecedb134e4df505a7aa258d7	k__Bacteria; p__Spirochaetes; c__Spirochaetia; o__Spirochaetales; f__Spirochaetaceae; g__Treponema; s__amylovorum	0.9807114232972127
1a389d9ba1fe8f394c1217f835d06759	k__Bacteria; p__Bacteroidetes; c__Bacteroidetes_[C-1]; o__Bacteroidetes_[O-1]; f__Bacteroidetes_[F-1]; g__Bacteroidetes_[G-5]; s__sp._oral_taxon_505	0.9998735733521295
dd19a6df0ec68d810d8b5c228413d2d1	k__Bacteria; p__Firmicutes; c__Bacilli; o__Lactobacillales; f__Streptococcaceae; g__Streptococcus	0.919439141838681
5cce84633ae255ba3e833c5e03510d6a	k__Bacteria; p__Proteobacteria; c__Epsilonproteobacteria; o__Campylobacterales; f__Campylobacteraceae; g__Campylobacter; s__concisus	0.9414337013233794
b941533c8f8131155ff58df088b41086	k__Bacteria; p__Spirochaetes; c__Spirochaetia; o__Spirochaetales; f__Spirochaetaceae; g__Treponema	0.9999999959153731
4073bde463dc2bf02d393106966f010c	k__Bacteria; p__Proteobacteria; c__Betaproteobacteria; o__Neisseriales; f__Neisseriaceae; g__Neisseria	0.7743987303275691
1f58b68ba4da58525aa4af2529245212	k__Bacteria; p__Firmicutes; c__Erysipelotrichia; o__Erysipelotrichales; f__Erysipelotrichaceae; g__Erysipelotrichaceae_[G-1]; s__sp._oral_taxon_904	0.9911516533129137
ade9143ba123ccab540a53816259c652	k__Bacteria; p__Fusobacteria; c__Fusobacteriia; o__Fusobacteriales; f__Fusobacteriaceae; g__Fusobacterium	0.8112726220597432
7f9123d1ff4435c1bf8fd6583a455915	k__Bacteria; p__Actinobacteria; c__Actinobacteria; o__Actinomycetales; f__Micrococcaceae; g__Rothia	0.7891313964163313
1a42c94452007eeacb73078594f5988b	k__Bacteria; p__Bacteroidetes; c__Bacteroidia; o__Bacteroidales; f__Porphyromonadaceae; g__Porphyromonas; s__gingivalis	0.9994531960622884
f51c22e555861f1060a17ce274f81847	k__Bacteria; p__Proteobacteria; c__Betaproteobacteria; o__Neisseriales; f__Neisseriaceae; g__Kingella; s__	0.998821477120279
d3349d829d8215d52c11e5f542dce1f1	k__Bacteria; p__Firmicutes; c__Negativicutes; o__Selenomonadales; f__Veillonellaceae; g__Anaeroglobus; s__geminatus	0.9535299238208081
832414ffecf6b03579229e6a0e74f476	k__Bacteria; p__Proteobacteria; c__Betaproteobacteria; o__Neisseriales; f__Neisseriaceae	0.9999999977064348
4ab9dde2657bb5c91a08691a9a9cd2cb	k__Bacteria; p__Tenericutes; c__Mollicutes; o__RF39; f__; g__; s__	0.999992167801698
af652592994443fe3cd3c564e9496456	k__Bacteria; p__Firmicutes; c__Clostridia; o__Clostridiales; f__Peptostreptococcaceae_[XI]; g__Peptostreptococcaceae_[XI][G-4]; s__sp._oral_taxon_369	0.8574995352749654
e258377583784256e48b2af44af71e16	k__Bacteria	0.9999999999999996
239dcba383435bc740f774054a9e2c08	k__Bacteria; p__Firmicutes; c__Bacilli; o__Lactobacillales; f__Streptococcaceae; g__Lactococcus	0.9999999065872949
eae2c660a72e3f1dab24ff50191069aa	k__Bacteria; p__Firmicutes; c__Bacilli; o__Gemellales; f__Gemellaceae; g__; s__	0.9674088730512469
dfe93b6dc2438dbaa041cba30cf2d0ec	k__Bacteria; p__Firmicutes; c__Clostridia; o__Clostridiales; f__Lachnospiraceae_[XIV]; g__Catonella; s__morbi	0.9477019965185659
b9b9647f2f4e331b45bb51d33e1e7148	k__Bacteria; p__Bacteroidetes; c__Bacteroidia; o__Bacteroidales; f__Bacteroidales_[F-2]; g__Bacteroidales_[G-2]; s__sp._oral_taxon_274	0.9999996391529973
4397ee511ebb83011349c6ce7a15dc6d	k__Bacteria; p__Firmicutes; c__Clostridia; o__Clostridiales; f__Peptostreptococcaceae_[XI]; g__Mogibacterium	0.9198418413807201
87c7e9d160c9611dc7f1a44870a13212	k__Bacteria; p__Fusobacteria; c__Fusobacteriia; o__Fusobacteriales; f__Leptotrichiaceae; g__Leptotrichia; s__sp._oral_taxon_392	0.9629175153787154
403bdccba7192bba05edf448297e7b1b	k__Bacteria; p__Synergistetes; c__Synergistia; o__Synergistales; f__Synergistaceae; g__Fretibacterium; s__fastidiosum	0.9964762463491096
da9c6af3fd4afb59a509b473ed6b2874	k__Bacteria; p__Actinobacteria; c__Actinobacteria; o__Actinomycetales; f__Actinomycetaceae; g__Mobiluncus	0.9999991034644607
f6bc48eacb4bffac95c7d905ce8af03f	k__Bacteria; p__Bacteroidetes; c__Bacteroidia; o__Bacteroidales; f__Prevotellaceae; g__Alloprevotella; s__rava	0.9996173832114401
33d26f8d332f9591f3d0c91e0d2c44f1	k__Bacteria; p__Actinobacteria; c__Actinobacteria; o__Actinomycetales; f__Micrococcaceae; g__Rothia	0.8593285668629166
9630624810cb29e7c0d6f9c9a53acbb4	k__Bacteria; p__Spirochaetes; c__Spirochaetia; o__Spirochaetales; f__Spirochaetaceae; g__Treponema; s__lecithinolyticum	0.999782664886835
6b804dc730af3c455e361fadd1f0c23c	k__Bacteria; p__Proteobacteria; c__Betaproteobacteria; o__Neisseriales; f__Neisseriaceae; g__Neisseria	0.9926729231082515
ce9770417654cf89d4202e84fcfc2807	k__Bacteria; p__Bacteroidetes; c__Bacteroidia; o__Bacteroidales; f__Prevotellaceae; g__Prevotella; s__oulorum	0.9363369128248631
e4314e248e5e535eb8ef4cb01e5be01d	k__Bacteria; p__Firmicutes; c__Bacilli; o__Lactobacillales; f__Streptococcaceae; g__Streptococcus	0.9999888744649943
5410f72c2b7523a052c1bb041172d144	k__Bacteria; p__Firmicutes; c__Clostridia; o__Clostridiales; f__Peptostreptococcaceae_[XI]; g__Peptostreptococcaceae_[XI][G-4]; s__sp._oral_taxon_369	0.8587986393898152
5be674e1bcae5afa74f0fb8d190b1fb7	k__Bacteria; p__Bacteroidetes; c__Flavobacteriia; o__Flavobacteriales; f__Flavobacteriaceae; g__Capnocytophaga	0.99998140732997
63fd07ffa795f7f593f2ed3ad329190d	k__Bacteria; p__Bacteroidetes; c__Bacteroidia; o__Bacteroidales; f__Prevotellaceae; g__Prevotella; s__histicola	0.7230053718201545
987f5200d1762d7051428d4e78411f11	k__Bacteria; p__Proteobacteria; c__Betaproteobacteria; o__Neisseriales; f__Neisseriaceae; g__Neisseria	0.9936734924347679
1bf5acc2c9de50a36fab966d3ece961b	k__Bacteria; p__Firmicutes; c__Negativicutes; o__Selenomonadales; f__Veillonellaceae; g__Veillonella	0.9756204783770854
62eb9c019e6e7ff6ccd56dc43dc5a37d	k__Bacteria; p__Firmicutes; c__Bacilli; o__Lactobacillales; f__Streptococcaceae; g__Streptococcus	0.9951383830793954
4178219bdb9627221ecc685898395474	k__Bacteria; p__Firmicutes; c__Clostridia; o__Clostridiales; f__Lachnospiraceae_[XIV]; g__Lachnospiraceae_[G-8]; s__sp._oral_taxon_500	0.9999999694736919
608e42f15abe3f2eb21aeeba0c44dd76	k__Bacteria; p__Firmicutes; c__Bacilli; o__Lactobacillales; f__Streptococcaceae; g__Streptococcus	0.9999998346814326
b139f703acb26ce32184bf1fbfa2efde	k__Bacteria; p__Bacteroidetes; c__Bacteroidia; o__Bacteroidales; f__Prevotellaceae; g__Prevotella; s__oralis	0.999970094065948
40c865c519ec775c3897b8ad7d5fe8f7	k__Bacteria; p__Firmicutes; c__Bacilli; o__Lactobacillales; f__Streptococcaceae; g__Streptococcus	0.9999403398412036
3d1e9d531eac13636fbf730037b3d668	k__Bacteria; p__Firmicutes; c__Bacilli; o__Lactobacillales; f__Lactobacillaceae; g__Lactobacillus; s__reuteri	0.8399786932139356
f7c5c1bea133b5479060e80d8201e08b	k__Bacteria; p__Firmicutes; c__Bacilli; o__Lactobacillales; f__Lactobacillaceae; g__Lactobacillus; s__reuteri	0.8623924949895275
c1b7664144a7bab34650f8ac8d5a5ced	k__Bacteria; p__Proteobacteria; c__Betaproteobacteria; o__Neisseriales; f__Neisseriaceae; g__Neisseria	0.9949206870380563
d88f5d57046733a98b7061667f57d076	k__Bacteria; p__Firmicutes; c__Bacilli; o__Bacillales; f__Gemellaceae; g__Gemella	0.7277880211196484
122040474918be42afbb2aaeae3e0fac	k__Bacteria; p__Bacteroidetes; c__Bacteroidia; o__Bacteroidales; f__Prevotellaceae; g__Prevotella	0.9999999978455751
f5d6eece55626b44a95e228f6ed36319	k__Bacteria; p__Firmicutes; c__Clostridia; o__Clostridiales; f__Peptostreptococcaceae_[XI]; g__Mogibacterium	0.938249549464072
f5a2d712fb1dca21e2a47c7920593581	k__Bacteria; p__Proteobacteria; c__Gammaproteobacteria; o__Pasteurellales; f__Pasteurellaceae; g__Haemophilus	0.8276624769193364
cf01c4b403a1d009d1de20bf68f72966	k__Bacteria; p__Bacteroidetes; c__Bacteroidia; o__Bacteroidales; f__Prevotellaceae; g__Prevotella	0.9997541435184563
0af917881159c3c3edcc165acc449427	k__Bacteria; p__Firmicutes; c__Negativicutes; o__Selenomonadales; f__Veillonellaceae; g__Veillonella	0.948290458285519
87a0795b14af67bbdc77d08886c2a0b8	k__Bacteria; p__Bacteroidetes; c__Bacteroidia; o__Bacteroidales; f__Prevotellaceae; g__Prevotella	0.9982342261884815
9188f247a0acfc7b17d280b70919cbeb	k__Bacteria; p__Bacteroidetes; c__Bacteroidia; o__Bacteroidales; f__Prevotellaceae; g__Prevotella	0.9834713135040815
bdc3c605c7afcb80273054c0ccf29d12	k__Bacteria; p__Firmicutes; c__Negativicutes; o__Selenomonadales; f__Veillonellaceae; g__Veillonellaceae_[G-1]	0.7022333539663596
d3c4ea9c784ed91830f57f2afda82bc4	k__Bacteria; p__Actinobacteria; c__Actinobacteria; o__Actinomycetales; f__Actinomycetaceae; g__Actinobaculum; s__sp._oral_taxon_183	0.8335840961536853
90a196bc99022a99d1d91c5dc854efd0	k__Bacteria; p__Firmicutes; c__Bacilli; o__Lactobacillales; f__Streptococcaceae; g__Streptococcus	0.9999770378220083
5612dcd7164f078f6680c240da45657e	k__Bacteria; p__Proteobacteria; c__Gammaproteobacteria; o__Pasteurellales; f__Pasteurellaceae; g__Haemophilus	0.8772200661680127
2d2913841a6aa2f79c550c7f717aa6f9	k__Bacteria; p__Bacteroidetes; c__Bacteroidia; o__Bacteroidales; f__[Paraprevotellaceae]; g__[Prevotella]; s__tannerae	0.9172743779591268
07cda82f26c8df23e775b1ab80b011c1	k__Bacteria; p__Firmicutes; c__Clostridia; o__Clostridiales; f__Clostridiales_[F-1]; g__Clostridiales_[F-1][G-1]; s__sp._oral_taxon_093	0.9999999999997868
40ad443d5b286be6de44fce14b6bb0f0	k__Bacteria; p__Firmicutes; c__Bacilli; o__Bacillales; f__Staphylococcaceae; g__Staphylococcus	0.998272572542927
e781069a96fc5b875d3d2a34df669578	k__Bacteria; p__Bacteroidetes; c__Bacteroidia; o__Bacteroidales	1.0000000000000049
e05b5ed7f69daa3d604c1e189655647a	k__Bacteria; p__Saccharibacteria_(TM7); c__TM7_[C-1]; o__TM7_[O-1]; f__TM7_[F-1]; g__TM7_[G-1]; s__sp._oral_taxon_352	0.9571823383108948
0daeb10fe214fbb3488a456cef5e5f35	k__Bacteria; p__Firmicutes; c__Negativicutes; o__Selenomonadales; f__Veillonellaceae; g__Veillonella; s__dispar	0.8734485894794147
2deff10f99d18cfe60346fb2371672d2	k__Bacteria; p__Firmicutes; c__Clostridia; o__Clostridiales; f__Peptostreptococcaceae_[XI]; g__Peptostreptococcaceae_[XI][G-7]; s__sp._oral_taxon_081	0.9999993908852084
ac9a2e31e8851080abb240985d4c6e65	k__Bacteria; p__Spirochaetes; c__Spirochaetes; o__Spirochaetales; f__Spirochaetaceae; g__Treponema; s__amylovorum	0.9222142845755537
4654acdf2dc48759560a8724266ce008	k__Bacteria; p__Fusobacteria; c__Fusobacteriia; o__Fusobacteriales; f__Leptotrichiaceae; g__Leptotrichia; s__	0.9448829206882848
e0326b26284a546f4a3fc3dc011dd084	k__Bacteria; p__Fusobacteria; c__Fusobacteriia; o__Fusobacteriales; f__Leptotrichiaceae; g__Leptotrichia; s__goodfellowii	0.9977975153871499
e21d97903b9fd205ad03975cd6ab6976	k__Bacteria; p__Bacteroidetes; c__Bacteroidia; o__Bacteroidales; f__Rikenellaceae; g__Blvii28; s__	0.9999999955227707
b25ef24a0790caf009a9cb888345ff92	k__Bacteria; p__Bacteroidetes; c__Bacteroidia; o__Bacteroidales; f__Bacteroidaceae; g__Bacteroidaceae_[G-1]; s__sp._oral_taxon_272	0.9999999999999858
995a50d468ec832e050d3c1c46639a8e	k__Bacteria; p__Proteobacteria; c__Betaproteobacteria; o__Neisseriales; f__Neisseriaceae; g__Neisseria	0.9858318648384167
159522a11c794fa3d830fa4c724a2e80	k__Bacteria; p__Bacteroidetes; c__Bacteroidia; o__Bacteroidales; f__Prevotellaceae; g__Prevotella	0.9999999884719599
9ed95cac377362e18091ef6d63a1c08f	k__Bacteria; p__Firmicutes	0.9999999802003295
d5d74a886c8e616d830d838ecebd3fde	k__Bacteria; p__Spirochaetes; c__Spirochaetia; o__Spirochaetales; f__Spirochaetaceae; g__Treponema; s__sp._oral_taxon_490	0.9996846599156222
33f8fe6764fe6d6c51e73cf966ab82d4	k__Bacteria; p__Bacteroidetes; c__Bacteroidia; o__Bacteroidales; f__Prevotellaceae; g__Prevotella; s__oralis	0.999990690135868
cc07bf0b5c76133b45b0492b966d28f3	k__Bacteria; p__Firmicutes; c__Clostridia; o__Clostridiales; f__Peptostreptococcaceae_[XI]; g__Peptostreptococcaceae_[XI][G-1]; s__[Eubacterium]_infirmum	0.8641191145564976
d009e5dfdbdc2173e63c7ff609ba4778	k__Bacteria; p__Bacteroidetes; c__Bacteroidia; o__Bacteroidales; f__Prevotellaceae; g__Prevotella	0.9824760229917447
8975b4f444cd8a85d8f4b2414519fb24	k__Bacteria; p__Proteobacteria; c__Gammaproteobacteria; o__Pasteurellales; f__Pasteurellaceae; g__Haemophilus	0.9862182209232062
5624bc048278e87203702c8bc5c6f7eb	k__Bacteria	0.9999999255255883
7641df0239306e27cc90546489e67e75	k__Bacteria; p__Bacteroidetes; c__Bacteroidia; o__Bacteroidales; f__Prevotellaceae; g__Prevotella; s__saccharolytica	0.9999999796727226
0874935c490c6fc68ea4cbd16bb0b003	k__Bacteria; p__Bacteroidetes; c__Bacteroidia; o__Bacteroidales; f__Prevotellaceae; g__Prevotella; s__sp._oral_taxon_526	0.9999999999894129
bfb09d92addd8e1d6febdc954834462e	k__Bacteria; p__Fusobacteria; c__Fusobacteriia; o__Fusobacteriales; f__Fusobacteriaceae; g__Fusobacterium	0.957710343205246
a207fea3c1c668c038452b2282b3aea5	k__Bacteria; p__Firmicutes; c__Bacilli; o__Lactobacillales; f__Streptococcaceae; g__Streptococcus	0.9999949813472935
d7909a95a1369c4fae10ef2ab7eb0231	k__Bacteria; p__Firmicutes; c__Negativicutes; o__Selenomonadales; f__Veillonellaceae; g__Veillonella	0.9742043882805885
2f3d2e2b0e30d3e15a9ec8ab3da30e9f	k__Bacteria; p__Firmicutes; c__Clostridia; o__Clostridiales; f__[Tissierellaceae]; g__; s__	0.9409192751079634
36672417f9a517897daca75e17294759	k__Bacteria; p__Firmicutes; c__Bacilli; o__Lactobacillales; f__Streptococcaceae; g__Streptococcus	0.9999994214569213
f635acfb461b844d841946bc2d3984ec	k__Bacteria; p__Bacteroidetes; c__Bacteroidia; o__Bacteroidales; f__Prevotellaceae; g__Prevotella; s__sp._oral_taxon_317	0.952349637987537
054618eba3905e33e9da166a78ee436c	k__Bacteria; p__Proteobacteria; c__Alphaproteobacteria; o__Rhizobiales; f__Methylobacteriaceae; g__Methylobacterium	0.9999999973819172
b0b173fcf4949e9d509a58e415b4f457	k__Bacteria; p__Bacteroidetes; c__Bacteroidia; o__Bacteroidales; f__Prevotellaceae; g__Prevotella; s__amnii	0.9829148746417841
1119709a161c301faa27723c7dbaa597	k__Bacteria; p__Tenericutes; c__Mollicutes; o__RF39; f__; g__; s__	0.9999950775375132
8a00d4a61231f7d238a39a4b489b6076	k__Bacteria; p__Firmicutes; c__Clostridia; o__Clostridiales; f__Veillonellaceae; g__Selenomonas; s__noxia	0.9020838424256054
918a9f28b17214a94feeb6cc1f4a20d0	k__Bacteria; p__Bacteroidetes; c__Bacteroidia; o__Bacteroidales; f__Prevotellaceae; g__Prevotella	0.9996111529341455
297b2356207f845c3ac46d389597bf22	k__Bacteria; p__Proteobacteria; c__Gammaproteobacteria; o__Cardiobacteriales; f__Cardiobacteriaceae; g__Cardiobacterium	0.9926571962878403
975fb0ab846d1d99d8a0b5c481591f4a	k__Bacteria; p__Bacteroidetes; c__Bacteroidia; o__Bacteroidales; f__Prevotellaceae; g__Prevotella	0.999999999996626
c3f93ba023ebc52529451cbb8cdc493d	k__Bacteria; p__Bacteroidetes; c__Bacteroidia; o__Bacteroidales; f__Prevotellaceae; g__Alloprevotella; s__rava	0.9999989552698794
96b44d6b1ce2a334f8493c472cc10cd9	k__Bacteria; p__Spirochaetes; c__Spirochaetia; o__Spirochaetales; f__Spirochaetaceae; g__Treponema; s__sp._oral_taxon_237	0.8099879954112874
00ebd6d9afdf562829be19000c3119bd	k__Bacteria; p__Firmicutes; c__Clostridia; o__Clostridiales; f__Peptostreptococcaceae_[XI]; g__Peptostreptococcaceae_[XI][G-4]; s__sp._oral_taxon_369	0.8603464384958462
38825bf02cd5f84cb92f2d331793e790	k__Bacteria; p__Actinobacteria; c__Coriobacteriia; o__Coriobacteriales; f__Atopobiaceae; g__Olsenella; s__uli	0.999170217210306
2e9b5d786053946d77e1d0cbc9b9a8b9	k__Bacteria; p__Spirochaetes; c__Spirochaetia; o__Spirochaetales; f__Spirochaetaceae; g__Treponema; s__denticola	0.9672423775116357
da14aaf428c4dca4ab4ab6a1c1c9a509	k__Bacteria; p__Actinobacteria; c__Actinobacteria; o__Bifidobacteriales; f__Bifidobacteriaceae; g__Scardovia; s__wiggsiae	0.9999727235037157
f848e28f69b27b45df76de8cf9ceed9b	k__Bacteria; p__Bacteroidetes; c__Bacteroidetes_[C-1]; o__Bacteroidetes_[O-1]; f__Bacteroidetes_[F-1]; g__Bacteroidetes_[G-3]; s__sp._oral_taxon_365	0.9597532822909328
53c9ba648f83939472f64e7ece4472a3	k__Bacteria; p__Firmicutes; c__Bacilli; o__Lactobacillales; f__Aerococcaceae; g__Alloiococcus; s__	0.9712830781624642
ad00ff09a98182d4067ba403e3bf1a92	k__Bacteria	0.9999999608504153
76b33b246ff2afce1e67827a070364c0	k__Bacteria; p__Firmicutes; c__Clostridia; o__Clostridiales; f__Peptostreptococcaceae_[XI]; g__Peptostreptococcaceae_[XI][G-7]; s__sp._oral_taxon_081	0.9999999727904342
3bacb7cbc8818d4cbe8598ca35ca46d3	k__Bacteria; p__Firmicutes; c__Bacilli; o__Bacillales	0.8443716575088133
e1ff1ab6a7c5fd889ab5382963108fab	k__Bacteria; p__Proteobacteria; c__Epsilonproteobacteria; o__Campylobacterales; f__Campylobacteraceae; g__Campylobacter; s__gracilis	0.9795722062136397
346091762ee4adf8f5090b30af61deb0	k__Bacteria; p__Proteobacteria; c__Gammaproteobacteria; o__Pasteurellales; f__Pasteurellaceae	0.9999998775723374
7594429bbd8b822dd36352b12b66cd92	k__Bacteria; p__Firmicutes; c__Bacilli; o__Lactobacillales	0.974462759389252
702112741bd2ccc0de255f601e35804f	k__Bacteria; p__Actinobacteria; c__Coriobacteriia; o__Coriobacteriales; f__Coriobacteriaceae; g__Atopobium; s__sp._oral_taxon_416	0.9996986869366901
d425b8947d2066431ed2f14db1454497	k__Bacteria; p__Bacteroidetes; c__Bacteroidia; o__Bacteroidales; f__Prevotellaceae; g__Prevotella; s__dentalis	0.9999999883569332
19219db0719b5f6fb270238525c328ff	k__Bacteria; p__Firmicutes; c__Clostridia; o__Clostridiales; f__Lachnospiraceae_[XIV]; g__Lachnospiraceae_[G-8]; s__sp._oral_taxon_500	0.9999999840245694
82ab616542abc34704a4d28d691096aa	k__Bacteria; p__Firmicutes; c__Clostridia; o__Clostridiales	0.9999999999999779
860405e908f93e5c57eeb54c622746f7	k__Bacteria; p__Firmicutes; c__Clostridia; o__Clostridiales; f__Lachnospiraceae_[XIV]; g__Johnsonella; s__sp._oral_taxon_166	0.9999977376645159
c54c380f2b9e3081b3289df785bda3e9	k__Bacteria; p__Firmicutes; c__Clostridia; o__Clostridiales; f__Peptostreptococcaceae_[XI]; g__Peptostreptococcaceae_[XI][G-7]; s__sp._oral_taxon_081	0.9999999882922027
46aaf9366e3344b5c3b1c002ea9f7512	k__Bacteria; p__Actinobacteria; c__Actinobacteria; o__Bifidobacteriales; f__Bifidobacteriaceae; g__Scardovia; s__wiggsiae	0.9999733645158381
3792068b913e3cc4b70df4512dd11a9d	k__Bacteria; p__Firmicutes; c__Bacilli; o__Lactobacillales; f__Streptococcaceae; g__Streptococcus	0.9959506768110363
144c0616389780e49d7b930fece367cc	k__Bacteria; p__Actinobacteria; c__Actinobacteria; o__Bifidobacteriales; f__Bifidobacteriaceae; g__Scardovia; s__wiggsiae	0.9999756572095264
fda389444089bd7f2d0d0829e27bfb5b	k__Bacteria; p__Firmicutes; c__Bacilli; o__Lactobacillales; f__Streptococcaceae; g__Streptococcus	0.9999846859755326
77addec90ec3d655b9687c0800503787	k__Bacteria; p__Bacteroidetes; c__Bacteroidia; o__Bacteroidales; f__Prevotellaceae; g__Prevotella; s__dentalis	0.9995600570921941
8df92c1fdfd27100542f46a03ab1197b	k__Bacteria; p__Firmicutes; c__Bacilli; o__Lactobacillales	0.9452661698238674
a280cd19cb61fac9105009b22c4f76a4	k__Bacteria; p__Firmicutes; c__Clostridia; o__Clostridiales; f__Ruminococcaceae; g__Ruminococcaceae_[G-2]; s__sp._oral_taxon_085	0.9999999994435882
921699012e00e6a55cefdce29bc37603	k__Bacteria; p__Firmicutes; c__Bacilli; o__Bacillales; f__Staphylococcaceae; g__Staphylococcus	0.9990207774536716
699d93dd0ccb8fe36bcbe618c5ec723a	k__Bacteria; p__Firmicutes; c__Clostridia; o__Clostridiales; f__Lachnospiraceae_[XIV]; g__Lachnoanaerobaculum; s__sp._oral_taxon_496	0.9999986405638882
3f701a1a27fe8601ebe892325d4c3101	k__Bacteria; p__Fusobacteria; c__Fusobacteriia; o__Fusobacteriales; f__Fusobacteriaceae; g__Fusobacterium	0.9656803674895639
b74e66a10ee581919152bfffe6086dd2	k__Bacteria; p__Spirochaetes; c__Spirochaetia; o__Spirochaetales; f__Spirochaetaceae; g__Treponema	0.7070627852739572
8c43d1807c83c398c1e19d8a600c238c	k__Bacteria; p__Proteobacteria; c__Alphaproteobacteria; o__Rhizobiales; f__Rhizobiaceae; g__Agrobacterium	0.7277119189785953
4a12fcd912f36db1fc39099795432ff4	k__Bacteria; p__Bacteroidetes; c__Bacteroidia; o__Bacteroidales; f__Prevotellaceae; g__Prevotella	0.9936329652978073
16f8ccac35eee9a408736c139a08eb22	k__Bacteria; p__Saccharibacteria_(TM7); c__TM7_[C-1]; o__TM7_[O-1]; f__TM7_[F-1]; g__TM7_[G-1]; s__sp._oral_taxon_352	0.9610753000919967
41282fa689f89f16175822df9ac68f8d	k__Bacteria; p__Proteobacteria; c__Betaproteobacteria; o__Burkholderiales; f__Comamonadaceae	0.9985813217086987
2606ba2dd57eba2f9d6dd4419a1a0430	k__Bacteria; p__Firmicutes; c__Clostridia; o__Clostridiales	0.9999999999988767
d8d9ad527dacff12d4d4dda8f5695ae7	k__Bacteria; p__Firmicutes; c__Clostridia; o__Clostridiales; f__; g__; s__	0.9826500844193737
b6dd0e873b8f2adb33c93ef95567ec6e	k__Bacteria; p__Bacteroidetes; c__Bacteroidia; o__Bacteroidales; f__Prevotellaceae; g__Prevotella; s__intermedia	0.9163665760628348
a616ee4eb2ccfc76f7a52a8445dcd90b	k__Bacteria; p__Firmicutes; c__Erysipelotrichi; o__Erysipelotrichales; f__Erysipelotrichaceae; g__; s__	0.9975351259757905
fa5d914b48c5a184c2a732020754a4c5	k__Bacteria; p__Actinobacteria; c__Actinobacteria; o__Actinomycetales; f__Actinomycetaceae; g__Actinobaculum; s__sp._oral_taxon_848	0.9913642585410937
34b36f9e649c7a1dad27a943e92dde51	k__Bacteria; p__Firmicutes; c__Bacilli; o__Lactobacillales; f__Streptococcaceae; g__Streptococcus	0.9999998851209699
affc82229aea267283c0d83eb52f6fd5	k__Bacteria; p__Firmicutes; c__Bacilli; o__Lactobacillales; f__Streptococcaceae; g__Streptococcus	0.999998573933828
76b5549bd4ea5177d327b76ff957bdb8	k__Bacteria; p__Bacteroidetes; c__Bacteroidia; o__Bacteroidales; f__Prevotellaceae; g__Prevotella	0.9999997730963497
2a20173fd9d599a502906c8377391815	k__Bacteria; p__Firmicutes; c__Bacilli; o__Lactobacillales; f__Streptococcaceae; g__Streptococcus	0.9999779172175981
847ac60dc8b5c90fde55aa4912be7072	k__Bacteria; p__Bacteroidetes; c__Bacteroidetes_[C-1]; o__Bacteroidetes_[O-1]; f__Bacteroidetes_[F-1]; g__Bacteroidetes_[G-5]; s__sp._oral_taxon_511	0.9999244753431902
289835975c86156d1305be8d5f12f009	k__Bacteria; p__Firmicutes; c__Bacilli; o__Lactobacillales; f__Streptococcaceae; g__Streptococcus	0.9999867688539149
3c5cebe3e3ef05a25b813c5d5ade7277	k__Bacteria; p__Proteobacteria; c__Gammaproteobacteria; o__Pasteurellales; f__Pasteurellaceae; g__Aggregatibacter	0.9869706716672851
911a4f8746f9183e1b468ca728e122df	k__Bacteria; p__Firmicutes; c__Clostridia; o__Clostridiales; f__Lachnospiraceae_[XIV]; g__Lachnospiraceae_[G-3]; s__sp._oral_taxon_100	0.9999998601188436
8bc1cad95dfec6017d27cc203054c04b	k__Bacteria; p__Bacteroidetes; c__Bacteroidia; o__Bacteroidales; f__Prevotellaceae; g__Prevotella	0.99999999999977
c9a9bd0d0f8dbea926b14c951cfe8fc0	k__Bacteria; p__Proteobacteria; c__Gammaproteobacteria; o__Pseudomonadales; f__Moraxellaceae; g__Moraxella; s__	0.981446268811567
b29dd725ff4e62d07dea82ca83c660ae	k__Bacteria; p__Fusobacteria; c__Fusobacteriia; o__Fusobacteriales; f__Fusobacteriaceae; g__Fusobacterium	0.863304859534636
f63732292d27126a1a99d1f852837cde	k__Bacteria; p__Proteobacteria; c__Gammaproteobacteria; o__Pasteurellales; f__Pasteurellaceae; g__Aggregatibacter	0.9076350705831296
67f8a917443ad556c50c28533496232e	k__Bacteria; p__Saccharibacteria_(TM7); c__TM7_[C-1]; o__TM7_[O-1]; f__TM7_[F-1]; g__TM7_[G-1]; s__sp._oral_taxon_352	0.9419217163863112
7706b0ffcf1f357e1c73b290285bec27	k__Bacteria; p__Proteobacteria; c__Gammaproteobacteria; o__Pasteurellales; f__Pasteurellaceae; g__Haemophilus	0.7983541701220975
f7b6b0849ae6eb2a8043fbcd3ef54f6e	k__Bacteria; p__Bacteroidetes; c__Bacteroidia; o__Bacteroidales; f__Prevotellaceae; g__Prevotella	0.9999999999690383
59de3d0107a6108c2fe2d6662f85b31f	k__Bacteria; p__Bacteroidetes	0.9999998375056047
6c87eac39ea48501a376234f30793794	k__Bacteria; p__Spirochaetes; c__Spirochaetia; o__Spirochaetales; f__Spirochaetaceae; g__Treponema; s__sp._oral_taxon_226	0.9665450726578503
a4c2188e28ecd94baf9c0960ec3d4df4	k__Bacteria; p__Actinobacteria; c__Actinobacteria; o__Actinomycetales; f__Actinomycetaceae; g__Actinomyces	0.9188309441256046
a05245d353f9982f0e1553f8b823bb88	k__Bacteria; p__Bacteroidetes; c__Bacteroidia; o__Bacteroidales; f__Prevotellaceae; g__Prevotella; s__pleuritidis	0.9999997354397644
19ce3b79988185e995dbbe81e5144f9d	k__Bacteria; p__Fusobacteria; c__Fusobacteriia; o__Fusobacteriales; f__Leptotrichiaceae; g__Leptotrichia	0.9999999999978146
a24e92b28bf09ae92a6fe1c7d2a90373	k__Bacteria; p__Firmicutes; c__Clostridia; o__Clostridiales; f__Lachnospiraceae_[XIV]; g__Lachnospiraceae_[G-2]; s__sp._oral_taxon_096	0.9532429523439803
8451e08867d82e078b6cd05a27636a34	k__Bacteria; p__Firmicutes; c__Clostridia; o__Clostridiales; f__Lachnospiraceae; g__; s__	0.7273575983087838
d9fb90d2475c77d70d4810695cab6931	k__Bacteria; p__Fusobacteria; c__Fusobacteriia; o__Fusobacteriales; f__Leptotrichiaceae; g__Leptotrichia; s__sp._oral_taxon_221	0.9999239223737337
5be24247c3e4025ae25b2159897111d5	k__Bacteria; p__Firmicutes; c__Clostridia; o__Clostridiales; f__Peptoniphilaceae; g__Peptoniphilaceae_[G-2]; s__sp._oral_taxon_790	0.9999907221828667
2cd54774d2f03c67d317d0e69e6512ad	k__Bacteria; p__Firmicutes; c__Bacilli; o__Gemellales; f__Gemellaceae; g__; s__	0.9746197732205163
ec4aa4b10b189e3e569bf7a9fe697d13	k__Bacteria; p__Bacteroidetes; c__Cytophagia; o__Cytophagales; f__Cytophagaceae; g__Emticicia; s__	0.9999999999995879
e658d3cc2933853d7af7e069e8c66816	k__Bacteria; p__Bacteroidetes; c__Bacteroidia; o__Bacteroidales; f__Prevotellaceae; g__Prevotella	0.991220800904053
fd7a2053d89c6d381095df05e6de5807	k__Bacteria; p__Firmicutes; c__Clostridia; o__Clostridiales; f__Peptostreptococcaceae_[XI]; g__Peptostreptococcaceae_[XI][G-7]; s__[Eubacterium]_yurii_subsps._yurii_&_margaretiae	0.9123816023708265
e19f2f518c83fc70b75aa3f8c1484924	k__Bacteria; p__Firmicutes; c__Bacilli; o__Bacillales; f__Staphylococcaceae; g__Staphylococcus	0.9993956501381563
7204a3016bde7957ae61936d4f2dc1ed	k__Bacteria; p__Firmicutes; c__Clostridia; o__Clostridiales; f__Ruminococcaceae; g__Ruminococcaceae_[G-2]; s__sp._oral_taxon_085	0.9999046522361448
fd3999cb92f4539a2675170d0f17f9de	k__Bacteria; p__Bacteroidetes; c__Bacteroidia; o__Bacteroidales; f__[Paraprevotellaceae]; g__[Prevotella]; s__tannerae	0.9908512417365156
6bbf5e833aad4bf1c40c6829ae278966	k__Bacteria; p__Firmicutes; c__Clostridia; o__Clostridiales; f__Peptostreptococcaceae; g__Filifactor; s__	0.9340247390871708
166b85e4848cce15e370c3a1b8d35bb4	k__Bacteria; p__Bacteroidetes; c__Bacteroidia; o__Bacteroidales; f__Prevotellaceae; g__Prevotella; s__dentalis	0.9999997534111194
9adcd6fade837bce539b9e735b4777a2	k__Bacteria; p__Bacteroidetes; c__Bacteroidia; o__Bacteroidales; f__Prevotellaceae; g__Prevotella	0.9999999007362336
759297776e2ccdb99a8a6a0aa5c4a56e	k__Bacteria; p__Bacteroidetes; c__Bacteroidia; o__Bacteroidales; f__Prevotellaceae; g__Prevotella; s__	0.7166775670018172
694b1af51aea547e563499f664388159	k__Bacteria; p__Firmicutes; c__Clostridia; o__Clostridiales; f__Peptococcaceae; g__Peptococcus; s__sp._oral_taxon_167	0.9015550573412229
8cd35902b7fedcc4034d16a04ef7b45e	k__Bacteria; p__Bacteroidetes; c__Bacteroidia; o__Bacteroidales; f__Prevotellaceae; g__Prevotella; s__saccharolytica	0.9999998548706478
1098dbca43840abdefbbe6082341ed9b	k__Bacteria; p__Bacteroidetes; c__Bacteroidia; o__Bacteroidales; f__Prevotellaceae; g__Prevotella	0.9999968028857905
7789f4c6c1a8b94218e1dde07a09c731	k__Bacteria; p__Firmicutes; c__Negativicutes; o__Selenomonadales; f__Veillonellaceae; g__Selenomonas; s__artemidis	0.9609646148183835
2ba063b57835a95fb24120afcb82ed3c	k__Bacteria; p__Proteobacteria; c__Gammaproteobacteria; o__Pasteurellales; f__Pasteurellaceae; g__Haemophilus	0.9826802400760497
645550617648ce7ba3f03f3897778230	k__Bacteria; p__Firmicutes; c__Negativicutes; o__Selenomonadales; f__Veillonellaceae; g__Anaeroglobus; s__geminatus	0.9867274945845801
4304a9d28491b22d8219bafc01daf8e7	k__Bacteria; p__Firmicutes	0.9785066011601264
1f8f2e1026a6931183244e1b29f13aa9	k__Bacteria; p__Bacteroidetes; c__Bacteroidia; o__Bacteroidales; f__Prevotellaceae; g__Prevotella; s__pallens	0.9735391076525571
6d114d6fa382d8729f565ceb5972fc6c	k__Bacteria; p__Proteobacteria; c__Betaproteobacteria; o__Neisseriales; f__Neisseriaceae; g__Neisseria	0.9992758563644533
85593413e79d84dd15dc6ed776a17c22	k__Bacteria; p__Fusobacteria; c__Fusobacteriia; o__Fusobacteriales; f__Leptotrichiaceae; g__Leptotrichia; s__sp._oral_taxon_219	0.9333575875864983
9a3b70e9a98a46fb828f419998b811b3	k__Bacteria; p__Firmicutes; c__Bacilli; o__Bacillales	0.8180034176064092
0c9883afda8f1d9af39d6fdcdeabe5b2	k__Bacteria; p__Spirochaetes; c__Spirochaetia; o__Spirochaetales; f__Spirochaetaceae; g__Treponema	0.999999916047097
a883b6a60104698c4677aeb145dd864f	k__Bacteria; p__Bacteroidetes; c__Bacteroidia; o__Bacteroidales; f__Porphyromonadaceae; g__Porphyromonas; s__sp._oral_taxon_278	0.8828454951068145
a23692bfebe51de5a4ad9233b4885878	k__Bacteria; p__Firmicutes; c__Erysipelotrichia; o__Erysipelotrichales; f__Erysipelotrichaceae; g__Erysipelotrichaceae_[G-1]; s__sp._oral_taxon_905	0.8088968214036619
37480ce1f8aa02b8aed3833830ecfa2f	k__Bacteria; p__Firmicutes; c__Clostridia; o__Clostridiales; f__Peptostreptococcaceae_[XI]; g__Mogibacterium	0.9296043834173748
b36afa249622970d04a5e25ff6e971d2	k__Bacteria; p__Bacteroidetes; c__Bacteroidia; o__Bacteroidales; f__Prevotellaceae; g__Prevotella; s__pallens	0.9256804879505878
fd338292a01a906d9b00111d26dd753c	k__Bacteria; p__Firmicutes; c__Erysipelotrichia; o__Erysipelotrichales; f__Erysipelotrichaceae; g__Erysipelotrichaceae_[G-1]; s__sp._oral_taxon_904	0.9409841565275657
1a733a04fcf4c623f8cba597498e0de5	k__Bacteria; p__Firmicutes; c__Bacilli; o__Lactobacillales; f__Streptococcaceae; g__Streptococcus	0.9999984811227433
d750ce4e26742e0afdc940e80e5c4c80	k__Bacteria; p__Actinobacteria; c__Actinobacteria; o__Actinomycetales; f__Actinomycetaceae; g__Actinobaculum; s__sp._oral_taxon_183	0.8787604366481719
dbadcd46e8d2be5dd99a68da5e9b513e	k__Bacteria; p__Firmicutes	0.9999990453088521
fce9eef7ff9428f07cfab70415f91470	k__Bacteria; p__Bacteroidetes; c__Bacteroidia; o__Bacteroidales; f__Porphyromonadaceae; g__Porphyromonas; s__gingivalis	0.9281634480978951
2dcf1430410f8639b34fed64754b38da	k__Bacteria; p__Tenericutes; c__Mollicutes; o__RF39; f__; g__; s__	0.9999976908285875
3da6d1fa56cb8c22d02ddd29b297ce3c	k__Bacteria; p__Bacteroidetes; c__Bacteroidia; o__Bacteroidales; f__Prevotellaceae; g__Prevotella	0.9988305615912622
b9239eed9e68887aa44077a6a5053618	k__Bacteria; p__Firmicutes; c__Clostridia; o__Clostridiales; f__Peptostreptococcaceae_[XI]; g__Peptostreptococcaceae_[XI][G-2]; s__sp._oral_taxon_091	0.9999996218905527
8cb16e52cdc706c5af54340b5f0fca4a	k__Bacteria; p__Bacteroidetes; c__Bacteroidia; o__Bacteroidales; f__Prevotellaceae; g__Prevotella	0.9999590878100734
30c0e29e97ec21b7da50f690110010d6	k__Bacteria; p__Firmicutes	0.9999999999859416
3b303a0fe902d193532b551e2912c8e4	k__Bacteria; p__Proteobacteria; c__Gammaproteobacteria; o__Pasteurellales; f__Pasteurellaceae; g__Haemophilus	0.8963425307099504
7dab099ed8d670f38b7976f388ce841f	k__Bacteria; p__Proteobacteria; c__Gammaproteobacteria; o__Pasteurellales; f__Pasteurellaceae	0.9999867823113804
6c712cc8b8c9d51c6613cce2511afb38	k__Bacteria; p__Firmicutes; c__Clostridia; o__Clostridiales; f__Peptostreptococcaceae_[XI]; g__Peptostreptococcaceae_[XI][G-6]; s__[Eubacterium]_nodatum	0.9485800595511521
5a6dbf3160926727529d128b54f8173c	k__Bacteria; p__Bacteroidetes; c__Bacteroidia; o__Bacteroidales; f__Porphyromonadaceae; g__Tannerella	0.9983592200028619
d21cd265c5bc028fd093d90225eb1270	k__Bacteria; p__Fusobacteria; c__Fusobacteriia; o__Fusobacteriales; f__Fusobacteriaceae; g__Fusobacterium; s__periodonticum	0.8048021215053882
10f92d530a45fffb73c46a5b8ca2a679	k__Bacteria; p__Firmicutes; c__Bacilli; o__Lactobacillales; f__Enterococcaceae; g__Enterococcus	0.7268828396059371
1feeba160c07d0bac417a609e1dae2df	k__Bacteria; p__Actinobacteria; c__Actinobacteria; o__Bifidobacteriales; f__Bifidobacteriaceae; g__Gardnerella; s__vaginalis	0.9996206352868298
b77a56066f455aee967405bd0c194431	k__Bacteria; p__Proteobacteria; c__Alphaproteobacteria	0.8331158576923098
4eb23641bcbfb413eff53105b18eb467	k__Bacteria; p__Firmicutes; c__Negativicutes; o__Selenomonadales; f__Veillonellaceae; g__Anaeroglobus; s__geminatus	0.9705496419488708
190580cc7e6ed5bc4f4dd1635deb9cb8	k__Bacteria; p__Firmicutes	0.9999999999946051
f8507133359a8164fd40c8c48b6798c4	k__Bacteria; p__Proteobacteria; c__Epsilonproteobacteria; o__Campylobacterales; f__Campylobacteraceae; g__Campylobacter; s__gracilis	0.993012546056863
b10c667c3fd0a4d002daa5685a847a40	k__Bacteria; p__Proteobacteria; c__Betaproteobacteria; o__Neisseriales; f__Neisseriaceae; g__Neisseria	0.9974655684483936
24ba65ad90018ee9b3974dd5664a6e63	k__Bacteria; p__Proteobacteria; c__Gammaproteobacteria; o__Pasteurellales; f__Pasteurellaceae; g__Haemophilus	0.9053034487514107
1a3446c5511247e16e89e117b56baf7f	k__Bacteria; p__Fusobacteria; c__Fusobacteriia; o__Fusobacteriales; f__Leptotrichiaceae; g__Leptotrichia; s__sp._oral_taxon_417	0.8112549408476708
6034996aebf0fba41e4b24e223ebfca2	k__Bacteria; p__Firmicutes; c__Clostridia; o__Clostridiales; f__Lachnospiraceae; g__Coprococcus; s__	0.9754600710802718
3caf135c6eb58255fc1cb43de9f3b393	k__Bacteria; p__Firmicutes; c__Clostridia; o__Clostridiales; f__Ruminococcaceae; g__Oscillospira; s__	0.9993850955850112
7916af5b1b601f768f609ded3f98e2ea	k__Bacteria; p__Firmicutes	0.9999999999977139
96121b4291dc6143d28de661dcd0128b	k__Bacteria; p__Bacteroidetes; c__Bacteroidia; o__Bacteroidales; f__Prevotellaceae; g__Prevotella	0.9999939691121267
c8b4239bd1c074efee409a73d1f27787	k__Bacteria; p__Bacteroidetes; c__Cytophagia; o__Cytophagales; f__Cytophagaceae; g__Flectobacillus; s__	0.9999999854124583
fe3d69f2c9f717205aa4d0431fc37446	k__Bacteria	0.9685089887115955
e240bf50f1cb60b9a5e9cfe2e21ee19f	k__Bacteria	0.9996741754069864
b1f15f9b9119346b9f774d1f41205e41	k__Bacteria; p__Actinobacteria; c__Actinobacteria; o__Actinomycetales; f__Micrococcaceae; g__Rothia; s__	0.885307393636285
629fcdf8752f7997b84f0a7068d7ca39	k__Bacteria; p__Bacteroidetes; c__Bacteroidia; o__Bacteroidales; f__Porphyromonadaceae; g__Porphyromonas; s__uenonis	0.7875863349518687
38b7a1c61bf275cd6f8df2048abdbd76	k__Bacteria; p__Firmicutes; c__Bacilli; o__Lactobacillales; f__Streptococcaceae; g__Streptococcus	0.9999997104470775
b491cb9a85ba2c3470b761cad87a2c8f	k__Bacteria; p__Firmicutes; c__Bacilli; o__Lactobacillales; f__Streptococcaceae; g__Streptococcus	0.9999995576392734
4fe61c0974ca6d58b1267ad8620f8d78	k__Bacteria; p__Actinobacteria; c__Actinobacteria; o__Actinomycetales; f__Actinomycetaceae; g__Actinomyces	0.9989622269708317
df9e87abc2b7787cc43ba2519e53e45b	k__Bacteria; p__Proteobacteria; c__Gammaproteobacteria; o__Pasteurellales; f__Pasteurellaceae	0.9999999874101568
34a5db13721c208d91d0f97a4bd41db4	k__Bacteria; p__Proteobacteria; c__Alphaproteobacteria	0.9822318909314526
f16f724d83c99f0d59db7e5aa93aae81	k__Bacteria; p__Bacteroidetes; c__Bacteroidia; o__Bacteroidales; f__Prevotellaceae; g__Prevotella; s__pleuritidis	0.999999899506539
dd383547d785b8ce09981c0a422a15b8	k__Bacteria; p__Bacteroidetes; c__Bacteroidetes_[C-1]; o__Bacteroidetes_[O-1]; f__Bacteroidetes_[F-1]; g__Bacteroidetes_[G-3]; s__sp._oral_taxon_436	0.9999997044057818
bf2539f5db427ff6a1896bd12f20bd71	k__Bacteria	0.9521490765575537
b6f9de3ac93a6ec3c8e644b51dc9d67b	k__Bacteria; p__Spirochaetes; c__Spirochaetes; o__Spirochaetales; f__Spirochaetaceae; g__Treponema; s__amylovorum	0.9459144925589255
d8f28f7f859e754780bcfb9853ad31de	k__Bacteria; p__Firmicutes; c__Bacilli; o__Lactobacillales	0.7456289161727393
d2bbc70eed9b9af91accfdeab0c60dcd	k__Bacteria; p__Firmicutes	0.9989665194827017
005304277dcb7e30e25cb8ff0d6af10b	k__Bacteria; p__Firmicutes; c__Clostridia; o__Clostridiales; f__Lachnospiraceae_[XIV]; g__Lachnospiraceae_[G-3]; s__sp._oral_taxon_100	0.9999998611634834
d10e1bc7a064de34b47a4c37200d6588	k__Bacteria; p__Bacteroidetes; c__Bacteroidia; o__Bacteroidales; f__Prevotellaceae; g__Prevotella; s__shahii	0.9413750191800296
651800bc0f808199cd5cbb695d9c8873	k__Bacteria; p__Firmicutes; c__Bacilli; o__Lactobacillales; f__Lactobacillaceae; g__Lactobacillus; s__gasseri	0.9951697155561242
b993f4c589d35c7a9df9a6683afa1865	k__Bacteria; p__Firmicutes; c__Clostridia; o__Clostridiales; f__Lachnospiraceae_[XIV]; g__Butyrivibrio; s__sp._oral_taxon_080	0.9999910103354126
3ec5330ede3f8c909fa0632bee2f398b	k__Bacteria; p__Firmicutes; c__Negativicutes; o__Selenomonadales; f__Veillonellaceae; g__Veillonella; s__sp._oral_taxon_780	0.9982704305652905
3c7ae7c06304570e118c9cb631c8cd88	k__Bacteria; p__Bacteroidetes; c__Bacteroidia; o__Bacteroidales; f__Prevotellaceae; g__Prevotella	0.9999974250378574
5ee0ca4e6f65667be0490b0011fcd5e4	k__Bacteria; p__Firmicutes; c__Erysipelotrichia; o__Erysipelotrichales; f__Erysipelotrichaceae; g__Eggerthia; s__catenaformis	0.8747146355736956
eb0f7e5032396a115280413614f3dd24	k__Bacteria; p__Bacteroidetes; c__Bacteroidia; o__Bacteroidales; f__Prevotellaceae; g__Alloprevotella; s__rava	0.9997268752824272
95ebc2830a010cb7b767977d2bb5fd90	k__Bacteria; p__Bacteroidetes; c__Bacteroidia; o__Bacteroidales; f__Porphyromonadaceae; g__Tannerella; s__forsythia	0.931208768253028
af0116e90683496051aad319ddb9a518	k__Bacteria; p__Firmicutes; c__Clostridia; o__Clostridiales; f__Peptostreptococcaceae_[XI]; g__Mogibacterium	0.9456460703451532
85907a308bfc12297a741066f8dafa07	k__Bacteria; p__Tenericutes; c__Mollicutes; o__RF39; f__; g__; s__	0.9999999462268377
75c4e82f46fd6c82064a297a2ce62829	k__Bacteria; p__Firmicutes; c__Bacilli; o__Lactobacillales; f__Streptococcaceae; g__Streptococcus	0.9999247294788651
446805f0ef3ab7bc1928de685af2c80a	k__Bacteria; p__Spirochaetes; c__Spirochaetia; o__Spirochaetales; f__Spirochaetaceae; g__Treponema	0.9999999999801117
7dce9ce801618d9ad34234899303ad2a	k__Bacteria; p__Actinobacteria; c__Coriobacteriia; o__Eggerthellales; f__Eggerthellaceae; g__Cryptobacterium; s__curtum	0.9997968263216077
d0e406b4e66c049311b7fb2af9521d7e	k__Bacteria; p__Proteobacteria; c__Gammaproteobacteria; o__Pasteurellales; f__Pasteurellaceae; g__Haemophilus	0.9188647181764189
b444b57e1d2675f152653c0a8a2bb976	k__Bacteria; p__Spirochaetes; c__Spirochaetia; o__Spirochaetales; f__Spirochaetaceae; g__Treponema; s__sp._oral_taxon_246	0.8613367119460357
3dbe5b2e267a7d21cca83b8491afdc6e	k__Bacteria; p__Firmicutes	0.9999999999970849
5f3bb7844646e7245eb7ce88e073648a	k__Bacteria; p__Proteobacteria; c__Betaproteobacteria; o__Neisseriales; f__Neisseriaceae; g__Neisseria	0.9821241228340519
f0c619f5230cdd62153f2c1a424d5b31	k__Bacteria; p__Bacteroidetes; c__Bacteroidia; o__Bacteroidales; f__Prevotellaceae; g__Prevotella; s__multiformis	0.9868264691200627
705c1f4bbc244897e4029281709717e3	k__Bacteria; p__Firmicutes; c__Mollicutes; o__Mycoplasmatales; f__Mycoplasmataceae; g__Mycoplasma	0.8611575480898376
8f671ae3155c260642f76b13b34cb061	k__Bacteria; p__Proteobacteria; c__Gammaproteobacteria; o__Pasteurellales; f__Pasteurellaceae; g__Haemophilus	0.842447237334504
3b742ba6abaa292bf9c618c902ec5cdb	k__Bacteria; p__Proteobacteria; c__Deltaproteobacteria; o__GMD14H09; f__; g__; s__	0.9997403255887201
1d03a48e5d5b855fc0ee5089f7089c71	k__Bacteria; p__Fusobacteria; c__Fusobacteriia; o__Fusobacteriales; f__Fusobacteriaceae; g__Fusobacterium; s__periodonticum	0.7318520918004986
3c6e341d0e118f820a373cd65c39b92c	k__Bacteria; p__Tenericutes; c__Mollicutes; o__RF39; f__; g__; s__	0.9999947343507012
634e824b20cb122c6be0ba1c205aaa5f	k__Bacteria	0.9616851806343624
cadf0f91a5853fe123d77cca0bcbdaef	k__Bacteria; p__Firmicutes; c__Bacilli; o__Lactobacillales; f__Streptococcaceae; g__Streptococcus; s__mutans	0.9999997306131768
dafad2fe85fcef3a993b7aa8a8e9efe5	k__Bacteria; p__Bacteroidetes; c__Bacteroidia; o__Bacteroidales; f__Bacteroidales_[F-2]; g__Bacteroidales_[G-2]; s__sp._oral_taxon_274	0.9999997733326297
8e498633e919755cc79d054ea9013493	k__Bacteria; p__Proteobacteria; c__Gammaproteobacteria; o__Legionellales	0.9017898769962205
69926e6f084e2cb46e4ba2a0ea690520	k__Bacteria; p__Firmicutes; c__Bacilli; o__Lactobacillales; f__Streptococcaceae; g__Streptococcus	0.9996667400156766
088cf16e27590a9d42c787df50e4e509	k__Bacteria; p__Firmicutes; c__Clostridia; o__Clostridiales; f__Peptostreptococcaceae_[XI]; g__Peptostreptococcaceae_[XI][G-1]; s__[Eubacterium]_infirmum	0.8639282841090057
21b7aea5c294af2c54ee9350384734c7	k__Bacteria; p__Firmicutes; c__Bacilli; o__Lactobacillales; f__Streptococcaceae; g__Streptococcus	0.9999999846999444
b24cf908dafb6546497e9f56b98b23fc	k__Bacteria; p__Bacteroidetes; c__Bacteroidetes_[C-1]; o__Bacteroidetes_[O-1]; f__Bacteroidetes_[F-1]; g__Bacteroidetes_[G-3]; s__sp._oral_taxon_281	0.890979178697677
cbe830d98678171729f2d6d8e4a144f3	k__Bacteria; p__Proteobacteria; c__Betaproteobacteria; o__Burkholderiales; f__Comamonadaceae	0.9998572230229859
8685c6118d64a1e79d5b3091075b869a	k__Bacteria; p__Firmicutes; c__Negativicutes; o__Selenomonadales; f__Veillonellaceae; g__Selenomonas; s__sputigena	0.7109472624184572
1db298a2feccb140735cb578809b9fed	k__Bacteria; p__Firmicutes	0.9999999999999156
b7bc4451c1f421be9fc539d8a1aeb154	k__Bacteria; p__Firmicutes; c__Clostridia; o__Clostridiales; f__Lachnospiraceae_[XIV]; g__Lachnospiraceae_[G-3]; s__sp._oral_taxon_100	0.9999999669404792
edc5253e736029b7de2404c5ad6599bf	k__Bacteria; p__Bacteroidetes; c__Bacteroidia; o__Bacteroidales; f__Porphyromonadaceae; g__Porphyromonas; s__sp._oral_taxon_930	0.997630873944673
1cfaf1b32e8fbb3b0f427255ec8f135e	k__Bacteria	0.9999999999999992
eb9a940b9193c904f391c8ca71d15670	k__Bacteria; p__Firmicutes; c__Erysipelotrichia; o__Erysipelotrichales; f__Erysipelotrichaceae; g__Eggerthia; s__catenaformis	0.9308505420227181
f67cc5ea073338b83617f582e8a656ca	k__Bacteria; p__Firmicutes; c__Clostridia; o__Clostridiales; f__Lachnospiraceae_[XIV]; g__Butyrivibrio; s__sp._oral_taxon_455	0.99950804121539
df0f0a9d5db22848ba6256c860710c45	k__Bacteria; p__Bacteroidetes; c__Bacteroidia; o__Bacteroidales; f__Prevotellaceae; g__Prevotella; s__enoeca	0.9999999936379993
730f77ab6840a76c1722b69779173493	k__Bacteria; p__Spirochaetes; c__Spirochaetia; o__Spirochaetales; f__Spirochaetaceae; g__Treponema	0.9965520422273628
d568f1411840759765c43b6894787325	k__Bacteria; p__Firmicutes; c__Bacilli; o__Lactobacillales; f__Aerococcaceae; g__Granulicatella; s__balaenopterae	0.7114566723725058
c0b17aba2396881b81b4a0b89814469e	k__Bacteria; p__Firmicutes; c__Erysipelotrichia; o__Erysipelotrichales; f__Erysipelotrichaceae; g__Erysipelotrichaceae_[G-1]; s__sp._oral_taxon_904	0.9866713820191314
7f901f3f17b3ca353d999fed20b63d82	k__Bacteria; p__Firmicutes; c__Negativicutes; o__Selenomonadales; f__Veillonellaceae; g__Megasphaera; s__sp._oral_taxon_123	0.9982999700351166
2a4dc603d0001bc850589b14005d7a4d	k__Bacteria; p__Actinobacteria; c__Actinobacteria; o__Actinomycetales; f__Micrococcaceae; g__Rothia; s__	0.7552281345638973
08ec4e04fe4447d5e4d999dc64ce65ee	k__Bacteria; p__Proteobacteria; c__Gammaproteobacteria; o__Pasteurellales; f__Pasteurellaceae; g__Haemophilus	0.9262337149571878
89af2510311ed459f1f2ba71a3bb5cf6	k__Bacteria; p__Firmicutes; c__Bacilli; o__Bacillales	0.9723243153100213
a5ac59d7296844393dddbca6305955c2	k__Bacteria; p__Bacteroidetes; c__Bacteroidia; o__Bacteroidales; f__Prevotellaceae; g__Alloprevotella; s__rava	0.7940709374659329
cba88d684fe882f65a2c42fa764b3ae4	k__Bacteria; p__Bacteroidetes; c__Flavobacteriia; o__Flavobacteriales; f__Flavobacteriaceae; g__Capnocytophaga; s__sputigena	0.9967995094124772
965e5f9d5cec95da5c749b3ff153a8da	k__Bacteria; p__Bacteroidetes; c__Bacteroidia; o__Bacteroidales; f__Porphyromonadaceae; g__Tannerella	0.9999998953425882
f171e66d390ab34c5a096f416ef374a2	k__Bacteria; p__Firmicutes; c__Bacilli; o__Lactobacillales	0.9139167657376385
5c9efe351d6ecc2c9b8eee72defb3a28	k__Bacteria; p__Firmicutes; c__Bacilli; o__Lactobacillales; f__Streptococcaceae; g__Streptococcus; s__mutans	0.9999997270332646
d2cacbb56227d6e8dd3e3e7c47a5ac99	k__Bacteria; p__Bacteroidetes; c__Bacteroidia; o__Bacteroidales; f__Bacteroidales_[F-2]; g__Bacteroidales_[G-2]; s__sp._oral_taxon_274	0.9999990891914079
209d7484f003928fa122516df2abdc48	k__Bacteria; p__Firmicutes; c__Clostridia; o__Clostridiales; f__Peptoniphilaceae; g__Parvimonas	0.9174848132574128
7b0f06986d9b7ccfcb9898514d231066	k__Bacteria; p__Bacteroidetes; c__Bacteroidia; o__Bacteroidales; f__Prevotellaceae; g__Prevotella; s__nanceiensis	0.9998809673614745
448b73d98fefab111b74835c138e13ab	k__Bacteria; p__Firmicutes; c__Bacilli; o__Lactobacillales; f__Streptococcaceae; g__Streptococcus	0.9999877291021871
42dc3f52be0d081468a32132b5dd7d58	k__Bacteria; p__Firmicutes; c__Negativicutes; o__Selenomonadales; f__Veillonellaceae; g__Veillonella	0.9861069609543327
dd8254b759b2bffadf06348be52f9d16	k__Bacteria; p__Fusobacteria; c__Fusobacteriia; o__Fusobacteriales; f__Fusobacteriaceae; g__Fusobacterium	0.9972506172732309
d8d700a42b9d90421185c0bf3630537b	k__Bacteria; p__Firmicutes; c__Bacilli; o__Bacillales; f__Gemellaceae; g__Gemella	0.7072221601005223
cd9eb0ba65ef4d45b7f92dcda8417872	k__Bacteria; p__Bacteroidetes; c__Bacteroidia; o__Bacteroidales; f__Prevotellaceae; g__Prevotella	0.9804183480319363
ad2e522fb76b6cd9236e84750bc29487	k__Bacteria; p__Proteobacteria; c__Alphaproteobacteria	0.9646640834076915
01ad58802d33c1403140bcbde900ebc1	k__Bacteria; p__Spirochaetes; c__Spirochaetia; o__Spirochaetales; f__Spirochaetaceae; g__Treponema; s__sp._oral_taxon_238	0.9597781822503588
64a30388a65a1db35e3f206084adc059	k__Bacteria; p__Bacteroidetes; c__Bacteroidia; o__Bacteroidales; f__Prevotellaceae; g__Prevotella; s__pallens	0.9962173838086709
660cfb171fc633edfb89304c732593dc	k__Bacteria; p__Actinobacteria; c__Coriobacteriia; o__Coriobacteriales; f__Coriobacteriaceae; g__Atopobium	0.8149291268587764
7a5192939a8971e9a7fbd16c6584e29c	k__Bacteria; p__Synergistetes; c__Synergistia; o__Synergistales; f__Synergistaceae; g__Fretibacterium; s__fastidiosum	0.9977386363864189
575c4e18f9b8b4b4c64fa0dbcac4c2c8	k__Bacteria; p__Proteobacteria; c__Betaproteobacteria; o__Burkholderiales; f__Comamonadaceae; g__Ottowia; s__sp._oral_taxon_894	0.9999099604915899
65a680d87228069b628996a7a4b2abef	k__Bacteria; p__Proteobacteria; c__Betaproteobacteria; o__Neisseriales; f__Neisseriaceae; g__Neisseria; s__oralis	0.9991565228417325
031823b996c2571d377298d4721bf337	k__Bacteria; p__Fusobacteria; c__Fusobacteriia; o__Fusobacteriales; f__Leptotrichiaceae; g__Leptotrichia; s__sp._oral_taxon_221	0.9999559957805958
764dd8e7dcef56e4914958e3f420b4ec	k__Bacteria; p__Proteobacteria; c__Gammaproteobacteria; o__Pasteurellales; f__Pasteurellaceae	0.7451184712577702
e21b65025d9747ee40724cd5fc7ed882	k__Bacteria; p__Firmicutes; c__Bacilli	0.9999748311900453
dab9617476565c4bc5ab717e5798607a	k__Bacteria; p__TM7; c__TM7-3; o__CW040; f__F16; g__; s__	0.7169780412668412
bd34784977d9640d4ce21357ffa115cc	k__Bacteria; p__Firmicutes; c__Negativicutes; o__Selenomonadales; f__Veillonellaceae; g__Selenomonas; s__sputigena	0.9090437159655146
73219ab18bebc065a8c6c99bd40680c6	k__Bacteria; p__Proteobacteria; c__Gammaproteobacteria; o__Pasteurellales; f__Pasteurellaceae; g__Haemophilus	0.8536996209905401
4e1ebc07c92ab6b70ab134f470fb4beb	k__Bacteria; p__Fusobacteria; c__Fusobacteriia; o__Fusobacteriales; f__Fusobacteriaceae; g__Fusobacterium	0.9464512980848092
6d6142d17b2549da3d57fd090ab3bf5e	k__Bacteria; p__Firmicutes; c__Clostridia; o__Clostridiales; f__Ruminococcaceae; g__; s__	0.8946708166418934
489f84b9966171b8ad3ca4b11cba9035	k__Bacteria; p__Firmicutes; c__Clostridia; o__Clostridiales; f__Peptostreptococcaceae_[XI]; g__Peptostreptococcaceae_[XI][G-6]; s__[Eubacterium]_nodatum	0.9598542782619435
677fe6d40ebf4d946cef13a8f0fd2784	k__Bacteria; p__Fusobacteria; c__Fusobacteriia; o__Fusobacteriales; f__Fusobacteriaceae; g__Fusobacterium	0.835499736673579
9026e2f40417972a36340c43c22dbb60	k__Bacteria; p__Proteobacteria; c__Gammaproteobacteria; o__Enterobacteriales; f__Enterobacteriaceae; g__Serratia; s__marcescens	0.9194161665405506
d224b40a0a56041773f649be6a148278	k__Bacteria; p__Firmicutes; c__Bacilli; o__Lactobacillales	0.985843826638211
6ae410ec2874e1c54165f15715815aac	k__Bacteria; p__Firmicutes; c__Clostridia; o__Clostridiales	0.9999742758661444
d2391f118c0abcaae6bf9e35b95f2e22	k__Bacteria; p__Proteobacteria; c__Betaproteobacteria; o__Procabacteriales; f__Procabacteriaceae; g__; s__	0.9999999620156934
b1603ba37361609b72f42c607f9de984	k__Bacteria; p__Actinobacteria; c__Actinobacteria; o__Actinomycetales; f__Actinomycetaceae; g__Actinomyces; s__graevenitzii	0.999190910000948
c9010735181b89751ac1c02f2a106d83	k__Bacteria; p__Bacteroidetes; c__Bacteroidia; o__Bacteroidales; f__Prevotellaceae; g__Prevotella	0.9993132368197564
1840f9f3374039848b7301078ed8931c	k__Bacteria; p__Firmicutes; c__Clostridia; o__Clostridiales	0.9998883840641972
cb553cd94d730b95dde83d10fe6f3e8e	k__Bacteria; p__Bacteroidetes; c__Flavobacteriia; o__Flavobacteriales; f__Flavobacteriaceae; g__Capnocytophaga	0.9999999999418496
cfd67e25f2d1a42b28653aa81b2111ee	k__Bacteria; p__Firmicutes; c__Clostridia; o__Clostridiales; f__Lachnospiraceae; g__Blautia; s__	0.9998500513977723
093ff698e1df548742b784231b5d6330	k__Bacteria; p__Bacteroidetes; c__Bacteroidia; o__Bacteroidales; f__Bacteroidales_[F-2]; g__Bacteroidales_[G-2]; s__sp._oral_taxon_274	0.9999998757988001
bf4d3eb5064b47e73adecd8eb3db0c7a	k__Bacteria	0.9894114844575832
e3947d9114eaa27ec740129d2bd330d1	k__Bacteria; p__Actinobacteria; c__Thermoleophilia; o__Solirubrobacterales; f__; g__; s__	0.9999998069801181
1fcdb141c95475c92debd811e28c23ca	k__Bacteria; p__Bacteroidetes; c__Bacteroidia; o__Bacteroidales; f__Porphyromonadaceae; g__Porphyromonas; s__endodontalis	0.9045762355215335
79e13904e123853267d6f82102727c7a	k__Bacteria; p__Proteobacteria; c__Betaproteobacteria; o__Burkholderiales; f__Comamonadaceae; g__RS62; s__	0.8755110545849722
21e917d96018f3a3cd68450170adadf4	k__Bacteria; p__Proteobacteria; c__Alphaproteobacteria; o__Rhodobacterales; f__Rhodobacteraceae	0.9033240074147156
feb931982882ba95cd8e02ebcffe0327	k__Bacteria; p__Bacteroidetes; c__Bacteroidia; o__Bacteroidales; f__Porphyromonadaceae; g__Porphyromonas; s__uenonis	0.7875863350350497
1e0d5c4bf129e5611099af90f9ba1245	k__Bacteria; p__Fusobacteria; c__Fusobacteriia; o__Fusobacteriales; f__Fusobacteriaceae; g__Fusobacterium	0.8370514063599488
384a84faa282fbf31d0075a0714509a4	k__Bacteria; p__Actinobacteria; c__Actinobacteria; o__Actinomycetales	0.7494794662482633
ffa535bb6ca9c619db253e88d388900e	k__Bacteria; p__Cyanobacteria	0.9888705436404059
94b9a45f64762112eeed03eec0dd3dfa	k__Bacteria; p__Bacteroidetes; c__Bacteroidia; o__Bacteroidales; f__Prevotellaceae; g__Prevotella; s__nanceiensis	0.9999999512327532
7093eb3acb8cfb081541f82e2ac67ad6	k__Bacteria; p__Proteobacteria; c__Betaproteobacteria; o__Burkholderiales; f__Comamonadaceae; g__Hydrogenophaga; s__	0.9941753544928668
ff85108f10b5b399822f23d773ebda73	k__Bacteria; p__Firmicutes; c__Bacilli; o__Lactobacillales	0.9744410226129826
1c865c039ebc21300e9ed8ba104a275c	k__Bacteria; p__Firmicutes; c__Negativicutes; o__Selenomonadales; f__Veillonellaceae; g__Selenomonas; s__sputigena	0.7625962753312969
8ce6c4b120d12a52fcb3ae6babbe1784	k__Bacteria; p__Cyanobacteria; c__Chloroplast; o__Euglenozoa; f__; g__; s__	0.9999950253256135
dc0a6818af33db187a9b59ce18dd84dd	k__Bacteria; p__Proteobacteria; c__Alphaproteobacteria; o__Rickettsiales; f__mitochondria; g__Pythium; s__ultimum	0.999997415464421
d926871f22d4c1a377e84958df97769a	k__Bacteria; p__Firmicutes; c__Bacilli; o__Lactobacillales; f__Streptococcaceae; g__Streptococcus	0.992965003517242
914a716e217610c0161ac0c772954c05	k__Bacteria; p__Bacteroidetes; c__Bacteroidia; o__Bacteroidales; f__Prevotellaceae; g__Prevotella; s__histicola	0.7385094055131008
daefe75b61293ef4e35ed7de82186154	k__Bacteria; p__Proteobacteria; c__Alphaproteobacteria; o__Rhizobiales; f__Phyllobacteriaceae; g__; s__	0.9637819111370035
34e0829e59883f65ca4ef4b5de09e54a	k__Bacteria; p__Bacteroidetes; c__Bacteroidia; o__Bacteroidales; f__Prevotellaceae	0.8074578407930518
dc6a597e37f274e61c1f85b99d3852cd	k__Bacteria; p__Firmicutes	0.9766508722362872
979741cfaf17b1c5c889aec28951b6e7	k__Bacteria; p__Proteobacteria; c__Gammaproteobacteria; o__Chromatiales; f__Chromatiaceae; g__; s__	0.999753527357333
0596ce7da1c9f459afc7b4be2035c631	k__Bacteria; p__Saccharibacteria_(TM7); c__TM7_[C-1]; o__TM7_[O-1]; f__TM7_[F-1]; g__TM7_[G-3]; s__sp._oral_taxon_351	0.8395845349082682
71230f578b971f167ea28fd3d07945ad	k__Bacteria; p__Proteobacteria; c__Betaproteobacteria; o__Rhodocyclales; f__Rhodocyclaceae; g__Dechloromonas; s__	0.8986628409309323
a65ce5abd9317d32a89ca2500c97d640	k__Bacteria; p__Firmicutes; c__Bacilli; o__Lactobacillales; f__Streptococcaceae; g__Streptococcus	0.9999535575250551
bf54e55ea948b1cb3c656b38a61bcc91	k__Bacteria; p__Firmicutes; c__Clostridia; o__Clostridiales; f__Peptostreptococcaceae_[XI]; g__Peptostreptococcaceae_[XI][G-4]; s__sp._oral_taxon_369	0.8607321920799068
67f0e6cf2394a54c47cfb63407607132	k__Bacteria; p__Elusimicrobia; c__Elusimicrobia; o__Elusimicrobiales; f__; g__; s__	0.9999982802432479
d709dce3023b72973c6f46d71ea67c40	k__Bacteria; p__Firmicutes; c__Clostridia; o__Clostridiales; f__Lachnospiraceae_[XIV]; g__Lachnoanaerobaculum; s__sp._oral_taxon_496	0.999999792441564
206a0168e7cd072f8119b6c21304d733	k__Bacteria; p__Bacteroidetes; c__Bacteroidia; o__Bacteroidales; f__Prevotellaceae; g__Prevotella; s__sp._oral_taxon_443	0.9908948179780925
dc3655c37efd5a09554e7d22b72dcc95	k__Bacteria; p__Firmicutes; c__Bacilli; o__Lactobacillales; f__Streptococcaceae; g__Streptococcus; s__mutans	0.9999997650005091
18a78a95d27fd28bc2226b287910788e	k__Bacteria; p__Bacteroidetes; c__Bacteroidia; o__Bacteroidales; f__Bacteroidaceae; g__Bacteroidaceae_[G-1]; s__sp._oral_taxon_272	0.9999999999996305
1027ad9dee0eb6dc63307285dee14f71	k__Bacteria; p__Firmicutes; c__Bacilli; o__Lactobacillales; f__Streptococcaceae; g__Streptococcus	0.9999990677244902
3029b1dff9e9c5c47f70d9bdeb681b24	k__Bacteria; p__Firmicutes; c__Clostridia; o__Clostridiales; f__Lachnospiraceae_[XIV]; g__Stomatobaculum; s__longum	0.8177123975205906
f6a3d1ace8e7d40353df8264035dbba7	k__Bacteria; p__Firmicutes; c__Bacilli; o__Bacillales; f__Gemellaceae; g__Gemella	0.7101453731937807
65783c726ca24f986940bca587f27243	k__Bacteria	1.0000000000000044
ed8f4b712d43c10092caec9d79a3aff1	k__Bacteria; p__Bacteroidetes; c__Bacteroidia; o__Bacteroidales; f__Prevotellaceae; g__Prevotella	0.9970949314323261
0a7be4cb26ed16f835da13996424f4f0	k__Bacteria; p__Proteobacteria; c__Betaproteobacteria; o__Neisseriales; f__Neisseriaceae	0.9999686540667401
b4f463e3556bfa04887097e1d794a704	k__Bacteria; p__Firmicutes; c__Bacilli; o__Bacillales; f__Staphylococcaceae; g__Staphylococcus	0.9979865981292223
463b766d3d93e3e084fa1b8d203e3bd2	k__Bacteria; p__Fusobacteria; c__Fusobacteriia; o__Fusobacteriales; f__Leptotrichiaceae; g__Leptotrichia; s__sp._oral_taxon_219	0.9893606562954129
083a1935ff4edcb96392dba1468c0d0c	k__Bacteria; p__Actinobacteria	0.9827156051885921
fab796a093e7f221da3bff7d0c6c30cd	k__Bacteria; p__Proteobacteria; c__Betaproteobacteria; o__Neisseriales; f__Neisseriaceae; g__Neisseria	0.9983315644109122
13c81e34f60ba58659e2621abc56724f	k__Bacteria; p__Bacteroidetes; c__Bacteroidia; o__Bacteroidales; f__Prevotellaceae; g__Prevotella; s__oulorum	0.9665354294988917
ad98da37031850d17e13f0ad4bb62d2d	k__Bacteria; p__Tenericutes; c__Mollicutes; o__RF39; f__; g__; s__	0.9999437199688775
133c560e0b82bea606ee3aae7fd01397	k__Bacteria; p__Spirochaetes; c__Spirochaetia; o__Spirochaetales; f__Spirochaetaceae; g__Treponema; s__denticola	0.8512570532262705
234da247e1a93fa9a09072533d0da874	k__Bacteria; p__Fusobacteria; c__Fusobacteriia; o__Fusobacteriales; f__Fusobacteriaceae; g__Fusobacterium	0.9066572889090356
ef0823531eb0f77762418c2a16cd46ec	k__Bacteria; p__Firmicutes; c__Bacilli; o__Lactobacillales; f__Streptococcaceae; g__Streptococcus	0.9999994723641347
75b6dda6408689931e5f2686fe35fc9f	k__Bacteria; p__Planctomycetes; c__Planctomycetia; o__Planctomycetales; f__Planctomycetaceae; g__Planctomyces; s__	0.9999997686528684
0508c7dcffbcaef7d770169c7df47721	k__Bacteria; p__Cyanobacteria; c__Oscillatoriophycideae; o__Oscillatoriales; f__Phormidiaceae; g__; s__	0.998278172013508
fc4ad892b440869509a16c56a59ebdd8	k__Bacteria; p__Bacteroidetes; c__Bacteroidia; o__Bacteroidales; f__Porphyromonadaceae; g__Dysgonomonas; s__	0.9999982779427276
dfcafb3b8ffcd8f200fdb9ffc25fde48	k__Bacteria; p__Firmicutes; c__Clostridia; o__Clostridiales; f__Lachnospiraceae	0.742060888936015
7f9b001fcc70f4bddda4e2eca0b570b4	k__Bacteria; p__Firmicutes; c__Clostridia; o__Clostridiales; f__Lachnospiraceae_[XIV]; g__Lachnospiraceae_[G-3]; s__sp._oral_taxon_100	0.9959305699333563
a2222d7dea6e06af0c665034cd400c15	k__Bacteria; p__Planctomycetes; c__Planctomycetia; o__Pirellulales; f__Pirellulaceae; g__; s__	0.9999967600751963
0050800c51acc9077d53cfd506304547	k__Bacteria; p__Chloroflexi; c__Anaerolineae; o__SHA-20; f__; g__; s__	0.9999948419121568
7215566ae42c832a755121cc4ffe84a6	k__Bacteria; p__Proteobacteria; c__Betaproteobacteria; o__Neisseriales; f__Neisseriaceae; g__Neisseria	0.9851844203229042
1b41699e8c86d7461e2be6519fdb25df	k__Bacteria; p__Bacteroidetes; c__Bacteroidia; o__Bacteroidales; f__Porphyromonadaceae; g__Porphyromonas; s__uenonis	0.7875863351722111
99204c7ba1cd288a5dc01b0aa6c3be18	k__Bacteria; p__Bacteroidetes; c__Bacteroidia; o__Bacteroidales; f__Prevotellaceae; g__Prevotella; s__saccharolytica	0.9999995345002848
49a772e65faa03786a347f895f930606	k__Bacteria; p__Bacteroidetes; c__Cytophagia; o__Cytophagales; f__Cyclobacteriaceae; g__; s__	0.967794551750527
e12e35eee60216ddf1f3808fb52633e7	k__Bacteria; p__Firmicutes; c__Bacilli; o__Lactobacillales; f__Streptococcaceae; g__Streptococcus	0.9998836037445257
1362bd35b83d544def805a617232eee4	k__Bacteria; p__Firmicutes; c__Bacilli; o__Lactobacillales; f__Streptococcaceae; g__Streptococcus	0.9999998960427386
e24f4b161b2324ae5a1225dcd125e7ee	k__Bacteria	0.9954501882297991
d0c76198f4a3ea4d83c8ee2da917ef32	k__Bacteria; p__Bacteroidetes; c__Bacteroidia; o__Bacteroidales; f__Prevotellaceae; g__Prevotella	0.9998963775611299
751b4491c56b1d77b13cf3767c095261	k__Bacteria; p__Firmicutes; c__Bacilli; o__Lactobacillales; f__Streptococcaceae; g__Streptococcus	0.9633601580666569
a1c3f87ff262047fa6b0d4f97eb7fbcb	k__Bacteria; p__Gracilibacteria_(GN02); c__GN02_[C-1]; o__GN02_[O-1]; f__GN02_[F-1]; g__GN02_[G-1]; s__sp._oral_taxon_872	0.9999996141084359
f02b9335af9a22c54b584cf90f33dadb	k__Bacteria; p__Firmicutes; c__Bacilli; o__Bacillales; f__Staphylococcaceae; g__Staphylococcus	0.9949338609969883
576b2a53e9dcc09270badf30e5ad6a06	k__Bacteria; p__Bacteroidetes; c__Bacteroidia; o__Bacteroidales; f__Prevotellaceae; g__Prevotella; s__dentalis	0.9999999141923476
175b21a85e7b6f86c7d2559b18b04668	k__Bacteria; p__Firmicutes; c__Clostridia; o__Clostridiales; f__Ruminococcaceae; g__Ruminococcaceae_[G-1]; s__sp._oral_taxon_075	0.9999999996629612
bd30adf4b5c38c0f8bfeba5620c33f24	k__Bacteria; p__Firmicutes; c__Clostridia; o__Clostridiales; f__Veillonellaceae	0.8638979627447655
e63834ac85d91c7740d9dfc40504597f	k__Bacteria; p__Synergistetes; c__Synergistia; o__Synergistales; f__Synergistaceae; g__Fretibacterium	0.9524126595107142
81b7ae99e458bb68aa9587994e1b87d7	k__Bacteria; p__Firmicutes; c__Clostridia; o__Clostridiales; f__Peptostreptococcaceae_[XI]; g__Peptostreptococcaceae_[XI][G-2]; s__sp._oral_taxon_091	0.9999999260619062
941498de386d5825f3556593d4dbf298	k__Bacteria; p__Proteobacteria; c__Betaproteobacteria; o__Neisseriales; f__Neisseriaceae; g__Neisseria	0.9956865563547337
ee9c58fbc4b312e6543e2451d72a0623	k__Bacteria; p__Firmicutes; c__Bacilli; o__Lactobacillales; f__Streptococcaceae; g__Streptococcus	0.999999379157102
3eb9a0053e528ab8d685443c60ce30df	k__Bacteria; p__Firmicutes; c__Clostridia; o__Clostridiales; f__Lachnospiraceae_[XIV]; g__Butyrivibrio; s__sp._oral_taxon_455	0.999577053572895
0f3fdf7d006fb06f8496943d6dc31d1c	k__Bacteria; p__Proteobacteria; c__Betaproteobacteria; o__Neisseriales; f__Neisseriaceae; g__Neisseria	0.9995970180033581
c84fe1cf674ad33714fd653d738448da	k__Bacteria; p__Actinobacteria; c__Actinobacteria; o__Actinomycetales; f__Corynebacteriaceae; g__Corynebacterium; s__matruchotii	0.9065076876300047
2f4f19db222117afcd6d1106e444b592	k__Bacteria; p__Spirochaetes; c__Spirochaetes; o__Spirochaetales; f__Spirochaetaceae; g__Treponema; s__amylovorum	0.9759545677772433
bf20593fbd4287185c53c985cb132f3b	k__Bacteria; p__Firmicutes; c__Clostridia; o__Clostridiales; f__Ruminococcaceae; g__Ruminococcaceae_[G-1]; s__sp._oral_taxon_075	0.999999999793161
90d3eccfdcc4caa1558e180d54395d85	k__Bacteria; p__Firmicutes; c__Clostridia; o__Clostridiales; f__Lachnospiraceae_[XIV]; g__Lachnospiraceae_[G-3]; s__sp._oral_taxon_100	0.9999991674780572
701dcc7a936bba11d4b107677bc4703f	k__Bacteria	0.9558944809637232
737323971d26c062d1ec3e972a8e3efe	k__Bacteria; p__Firmicutes; c__Clostridia; o__Clostridiales; f__Peptostreptococcaceae_[XI]; g__Peptostreptococcaceae_[XI][G-7]; s__sp._oral_taxon_081	0.9999999793576964
f3523af56110df941144ceb977a1d056	k__Bacteria; p__Fusobacteria; c__Fusobacteriia; o__Fusobacteriales; f__Leptotrichiaceae; g__; s__	0.7819039903470743
b7411db89b3fa7c3c7769365962fdc13	k__Bacteria	0.9601746451244433
b31c6eb7bc63d533de9cd13c1833ab98	k__Bacteria; p__Actinobacteria; c__Actinobacteria; o__Actinomycetales; f__Actinomycetaceae; g__Actinomyces	0.7148757202572589
ba6890c75bd81f3b6c5f2d033a5026ab	k__Bacteria; p__Actinobacteria; c__Actinobacteria; o__Actinomycetales; f__Micrococcaceae; g__Rothia	0.983129678652188
7605982f9ff5bbf100702374bd665c39	k__Bacteria; p__Proteobacteria; c__Gammaproteobacteria; o__Pasteurellales; f__Pasteurellaceae; g__Haemophilus	0.8049267004214833
7236634b02b4f9f47c1799e463881b88	k__Bacteria; p__Synergistetes; c__Synergistia; o__Synergistales; f__Synergistaceae; g__Fretibacterium	0.9022136261296005
3768b04c3fa89751ad2d17a19caadc8a	k__Bacteria; p__Firmicutes; c__Bacilli; o__Bacillales; f__Gemellaceae; g__Gemella	0.7570092642071191
f8b4275a3ec77bdea9f2343f68682c83	k__Bacteria; p__Spirochaetes; c__Spirochaetia; o__Spirochaetales; f__Spirochaetaceae; g__Treponema	0.999999858458939
51d843c8e018c6e65c237cd57fafa362	k__Bacteria; p__Firmicutes; c__Bacilli; o__Lactobacillales; f__Streptococcaceae; g__Streptococcus	0.9999770507100124
443e70047808cee99b0588f58df9507f	k__Bacteria; p__Firmicutes; c__Clostridia; o__Clostridiales; f__Lachnospiraceae_[XIV]; g__Lachnospiraceae_[G-7]; s__sp._oral_taxon_086	0.9534338224995257
6e9b6ab10a835525f25a581384621521	k__Bacteria; p__Proteobacteria; c__Epsilonproteobacteria; o__Campylobacterales; f__Campylobacteraceae; g__Campylobacter; s__concisus	0.9653953669915687
7144a32eec2600e42cf5040118105a72	k__Bacteria	0.9999999999999958
39320f738291f57dac837164120aa6fb	k__Bacteria; p__Bacteroidetes; c__Flavobacteriia; o__Flavobacteriales; f__Flavobacteriaceae; g__Bergeyella; s__sp._oral_taxon_907	0.9727053864006913
419104197beb2b76b9e23eb0c5d615ae	k__Bacteria	0.9948485610155408
b132c4d893d0d00180b39ac58160b463	k__Bacteria; p__Firmicutes; c__Bacilli; o__Bacillales	0.9869965174500431
322b0555cb806b1e68d7a603900d7e50	k__Bacteria; p__Firmicutes; c__Negativicutes; o__Selenomonadales; f__Veillonellaceae; g__Veillonella	0.9840275606043751
2a1a9371a381a3b70bbf79b9a5406774	k__Bacteria; p__Firmicutes; c__Negativicutes; o__Selenomonadales; f__Veillonellaceae; g__Veillonella; s__dispar	0.8782286912023872
e3f1be01ac6c3ab01adec743bc76094a	k__Bacteria; p__Bacteroidetes; c__Flavobacteriia; o__Flavobacteriales; f__Flavobacteriaceae; g__Capnocytophaga; s__haemolytica	0.9995157446265471
374422c3d8dce9841b517944bc68a5c5	k__Bacteria; p__Proteobacteria; c__Gammaproteobacteria; o__Pasteurellales; f__Pasteurellaceae	0.9999999997295578
ed728fd0d016000f530860bc93dacd9c	k__Bacteria; p__Proteobacteria; c__Betaproteobacteria; o__Neisseriales; f__Neisseriaceae; g__Kingella; s__oralis	0.9932933704254163
e16ad5cc44a709ccd86edc3c7e1e58b4	k__Bacteria; p__Firmicutes; c__Bacilli; o__Lactobacillales	0.9553033250413029
e29697a5872b2f98632925bae9627e35	k__Bacteria; p__Bacteroidetes; c__Bacteroidia; o__Bacteroidales; f__Prevotellaceae; g__Prevotella; s__sp._oral_taxon_305	0.9999999516039407
c07758fd2469899768c682a627f91d60	k__Bacteria; p__Actinobacteria; c__Actinobacteria; o__Actinomycetales; f__Micrococcaceae; g__Rothia; s__	0.9756829371582272
1ffa8f238b32161032397dfc912f1bec	k__Bacteria; p__Bacteroidetes; c__Bacteroidia; o__Bacteroidales; f__Prevotellaceae; g__Prevotella	0.9997505031686401
9e040d3d2096c4178c011cb7cfca9280	k__Bacteria; p__Proteobacteria; c__Betaproteobacteria; o__Neisseriales; f__Neisseriaceae; g__Neisseria	0.9921113396253932
c9f33a423e6c7feb2bcd01a6881bb500	k__Bacteria; p__Saccharibacteria_(TM7); c__TM7_[C-1]; o__TM7_[O-1]; f__TM7_[F-1]; g__TM7_[G-3]; s__sp._oral_taxon_351	0.9171589489109698
b4b9535e49539ce408c3d8752b76b3d0	k__Bacteria; p__Proteobacteria; c__Betaproteobacteria; o__Burkholderiales; f__Comamonadaceae	0.9996396482072224
b048d6371c68b97596dac76975b0a564	k__Bacteria; p__Firmicutes; c__Clostridia; o__Clostridiales; f__Peptostreptococcaceae_[XI]; g__Mogibacterium; s__timidum	0.9671490706357528
c0e14d7acbd2d503c86a7ba60338c37c	k__Bacteria; p__Bacteroidetes; c__Bacteroidia; o__Bacteroidales; f__Prevotellaceae; g__Alloprevotella; s__sp._oral_taxon_914	0.8655120746281944
827800cfaffa5a68bbf2921e5878def4	k__Bacteria; p__Firmicutes; c__Clostridia; o__Clostridiales; f__Lachnospiraceae_[XIV]; g__Lachnoanaerobaculum; s__orale	0.7522131410234658
4bfbd1cb11c9577afe3862178624f4c1	k__Bacteria; p__Bacteroidetes; c__Flavobacteriia; o__Flavobacteriales; f__Flavobacteriaceae; g__Capnocytophaga; s__granulosa	0.9695419692808557
6a702f1ad9089ef68634dbbbba4c734b	k__Bacteria; p__Bacteroidetes; c__Bacteroidia; o__Bacteroidales; f__Bacteroidales_[F-2]; g__Bacteroidales_[G-2]; s__sp._oral_taxon_274	0.9999998093028535
7336a00a110d961a16ddbcbde4c469a8	k__Bacteria; p__Firmicutes; c__Negativicutes; o__Selenomonadales; f__Veillonellaceae; g__Veillonella; s__rogosae	0.8940274797548995
53bc0d2b36474997a7c250039973c517	k__Bacteria; p__Proteobacteria; c__Alphaproteobacteria; o__; f__; g__; s__	0.9305275786563367
c18ac92659d1589bfa879fe6bf59d68d	k__Bacteria; p__Firmicutes; c__Bacilli; o__Bacillales; f__Gemellaceae; g__Gemella	0.7190102274252836
5dc3b2decde5f73d8084e5ee1721dae5	k__Bacteria; p__Firmicutes	0.9999965612274552
f8ee123e0fb6dd6b87f445ed4703a71c	k__Bacteria; p__Planctomycetes; c__Planctomycetia; o__Pirellulales; f__Pirellulaceae; g__planctomycete; s__MS30D1	0.7157823031293594
e08be4c0f56c1d1ad0867234d949700e	k__Bacteria; p__Acidobacteria; c__Acidobacteria-6; o__iii1-15; f__; g__; s__	0.9982462153620834
870b2feebd661b8012a351ff0915727e	k__Bacteria; p__Firmicutes; c__Bacilli; o__Bacillales; f__; g__; s__	0.980620497104321
51bb57d0bdd0f5053693279c9827023b	k__Bacteria; p__Chloroflexi; c__Anaerolineae; o__; f__; g__; s__	0.9999918486731588
28681b1a94071597b3954c4649a7a067	k__Bacteria; p__Firmicutes; c__Bacilli; o__Haloplasmatales; f__Haloplasmataceae; g__; s__	0.9999861620265946
f9e20d8b2caa60ab37e5043e098d8328	k__Bacteria; p__Actinobacteria; c__Acidimicrobiia; o__Acidimicrobiales	0.9999958212526127
3cca54ca851dae8cf1e18b1ebcfcabab	k__Bacteria; p__Proteobacteria; c__Betaproteobacteria; o__Neisseriales; f__Neisseriaceae; g__Neisseria	0.9862007770335377
8dee2d102dc855b4973c82bf013c3fbb	k__Bacteria	0.9988852706645028
1e91b2c833b11701b3f1028467b5104d	k__Bacteria; p__Proteobacteria; c__Deltaproteobacteria; o__MIZ46; f__; g__; s__	0.9999999999948699
bb230723dfea8b64f85b376a8b7d0378	k__Bacteria; p__Actinobacteria; c__Coriobacteriia; o__Coriobacteriales; f__Coriobacteriaceae; g__Adlercreutzia; s__	0.9504263869776585
c230fec7fac3cecc5951fa90e2e7220a	k__Bacteria; p__Planctomycetes; c__Planctomycetia; o__Pirellulales; f__Pirellulaceae; g__; s__	0.8810014417641846
20a9240f3437c99d3f371972d5408354	k__Bacteria; p__Chlamydiae; c__Chlamydiia; o__Chlamydiales; f__; g__; s__	0.9990125500284945
945bfc4ed1bf400b3f97452e972c40bc	k__Bacteria; p__Firmicutes; c__Clostridia; o__Clostridiales; f__Clostridiaceae; g__Oxobacter; s__	0.9941649487546496
be672d3a691f09825efc441ea8196aa8	k__Bacteria; p__Cyanobacteria; c__Synechococcophycideae; o__Pseudanabaenales; f__Pseudanabaenaceae; g__; s__	0.9604464633541604
1dd1a8f37f715d772ee0107a155d82d4	k__Bacteria; p__Firmicutes; c__Clostridia; o__Clostridiales; f__; g__; s__	0.7751824475262168
f72e7336194473344706cf38be915b79	k__Bacteria; p__Planctomycetes; c__C6; o__d113; f__; g__; s__	0.9972990636203675
c8c3dbb2026a599318acb546f27df537	k__Bacteria; p__Actinobacteria; c__Actinobacteria; o__Actinomycetales; f__Micrococcaceae; g__Rothia; s__	0.8523755435909762
6559b992d99845731c02b515dc225cef	k__Bacteria; p__Proteobacteria; c__Epsilonproteobacteria; o__Campylobacterales; f__; g__; s__	0.9999802919121534
e82a14af11e374c915b3b6f17b8fdbb9	k__Bacteria; p__Planctomycetes; c__Planctomycetia; o__Planctomycetales; f__Planctomycetaceae; g__Planctomyces; s__	0.9999999764493455
8fe2989017b4638a8952b92d6f95ab93	k__Bacteria; p__Fusobacteria; c__Fusobacteriia; o__Fusobacteriales; f__Leptotrichiaceae; g__Leptotrichia; s__sp._oral_taxon_221	0.999884495672257
701dbc8ffb708fcfd6d688725240a77b	k__Bacteria; p__Proteobacteria; c__Betaproteobacteria; o__Rhodocyclales; f__Rhodocyclaceae; g__Dechloromonas	0.9612907801457342
efdccf61ba7e030ce435fa2f6fa0194e	k__Bacteria; p__Firmicutes; c__Clostridia; o__Clostridiales; f__Peptostreptococcaceae_[XI]; g__Peptostreptococcaceae_[XI][G-2]; s__sp._oral_taxon_091	0.9999999361567851
642b36d337d7eabebecbc5412e6a9c33	k__Bacteria; p__Proteobacteria; c__Deltaproteobacteria; o__Desulfobacterales; f__Desulfobulbaceae; g__Desulfobulbus; s__	0.9870628492128015
3c83ba1753c0b6301bf1992ebfc7ab2a	k__Bacteria; p__Bacteroidetes; c__Bacteroidia; o__Bacteroidales; f__Porphyromonadaceae; g__Porphyromonas	0.9999999975097869
b714e9c02d782412fa693e57a5913f87	k__Bacteria; p__Firmicutes; c__Bacilli; o__Lactobacillales; f__Streptococcaceae; g__Streptococcus	0.9999441591279246
2cc3bb42e472b4a615a1ae297ea8d157	k__Bacteria; p__Bacteroidetes; c__Sphingobacteriia; o__Sphingobacteriales; f__Sphingobacteriaceae; g__; s__	0.9999759057093071
f2db1d08107a0eb929b393cee053b3b5	k__Bacteria; p__Firmicutes; c__Clostridia; o__Clostridiales	0.7657464869097077
baf5841138e688266de3f6a5ae327538	k__Bacteria; p__Fusobacteria; c__Fusobacteriia; o__Fusobacteriales; f__Leptotrichiaceae; g__Leptotrichia; s__	0.880865689441599
64fa9f47072e47250e7049e5cade5bca	k__Bacteria; p__Spirochaetes; c__Spirochaetia; o__Spirochaetales; f__Spirochaetaceae; g__Treponema; s__amylovorum	0.9949792047021135
e6984f142094f9f3f9cfdd0ff0b4d880	k__Bacteria; p__Proteobacteria; c__Gammaproteobacteria; o__Pasteurellales; f__Pasteurellaceae; g__Haemophilus	0.9024162653279152
4470e19c111dd66c1d52e938a92bcd83	k__Bacteria; p__Firmicutes; c__Bacilli; o__Lactobacillales; f__Aerococcaceae; g__Abiotrophia; s__defectiva	0.8981610355439972
9d18f1717578f51f4e6548008999936b	k__Bacteria; p__Proteobacteria; c__Epsilonproteobacteria; o__Campylobacterales; f__Campylobacteraceae; g__Campylobacter; s__gracilis	0.9844136935271869
c569f00c4e370b0b77f271c21e7a3be2	k__Bacteria; p__Fusobacteria; c__Fusobacteriia; o__Fusobacteriales; f__Fusobacteriaceae; g__Fusobacterium; s__periodonticum	0.7295522704777118
2516f40a6b219d685e0d44b68307a35c	k__Bacteria; p__Bacteroidetes; c__Bacteroidia; o__Bacteroidales; f__Prevotellaceae; g__Prevotella; s__dentalis	0.9999999822997837
749e644c2cd4139d427bea2008b739c5	k__Bacteria; p__Firmicutes; c__Bacilli; o__Lactobacillales; f__Streptococcaceae; g__Streptococcus	0.9327506290033942
1e532d22c9cb1b4093d7039bf6746555	k__Bacteria; p__Firmicutes; c__Bacilli; o__Lactobacillales	0.902151596269165
74fbb9e2ae265cb10b1f9632c6def5d9	k__Bacteria; p__Firmicutes; c__Clostridia; o__Clostridiales; f__Lachnospiraceae_[XIV]; g__Lachnospiraceae_[G-2]; s__sp._oral_taxon_096	0.9998638857753109
483da638645304f841d78d8fd61ec4bf	k__Bacteria; p__Proteobacteria; c__Gammaproteobacteria; o__Pasteurellales; f__Pasteurellaceae; g__Haemophilus	0.7246712413567897
d4f91481fcaf813ed986bd8d5161659c	k__Bacteria; p__Spirochaetes; c__Spirochaetia; o__Spirochaetales; f__Spirochaetaceae; g__Treponema; s__sp._oral_taxon_237	0.9489258174383982
e38c8764a88cdbeec716ed0f61fc89d0	k__Bacteria; p__Bacteroidetes; c__Bacteroidia; o__Bacteroidales; f__Prevotellaceae; g__Prevotella; s__sp._oral_taxon_305	0.9999996865406112
2de38865b6bdc2fd2ea0a0e54611b860	k__Bacteria; p__Firmicutes; c__Negativicutes; o__Selenomonadales; f__Veillonellaceae; g__Veillonella; s__rogosae	0.8227367881356041
1c225cf3d85712b681a8e0397777978a	k__Bacteria; p__Actinobacteria; c__Actinobacteria; o__Actinomycetales; f__Actinomycetaceae; g__Actinomyces; s__sp._oral_taxon_897	0.9808248358657161
6dcb8494c120abd0966dadfb06a16c69	k__Bacteria; p__Firmicutes; c__Clostridia; o__Clostridiales; f__Ruminococcaceae; g__Ruminococcaceae_[G-1]; s__sp._oral_taxon_075	0.9999999997163229
48ba3ac8a48238e866d889dc34d3343c	k__Bacteria; p__GN02; c__BD1-5; o__; f__; g__; s__	0.9960825982167044
10bd7020660a1f3cf6a8070d1e9fbc25	k__Bacteria; p__Firmicutes; c__Negativicutes; o__Selenomonadales; f__Veillonellaceae; g__Selenomonas; s__sputigena	0.8621207712087817
9ceefbc7260018dce16083ca4178978c	k__Bacteria; p__Actinobacteria; c__Coriobacteriia; o__Eggerthellales; f__Eggerthellaceae; g__Cryptobacterium; s__curtum	0.9999999912901103
964178608535a7fee256f4e5baf77f3e	k__Bacteria; p__Firmicutes; c__Bacilli; o__Lactobacillales; f__Streptococcaceae; g__Streptococcus	0.9999975291190716
1dd2df0a4e0df2642d3d76981dfe9197	k__Bacteria; p__Firmicutes; c__Clostridia; o__Clostridiales; f__Ruminococcaceae; g__Ruminococcaceae_[G-1]; s__sp._oral_taxon_075	0.999999999795051
02aa42a1f0e8731790b40487cfaa244c	k__Bacteria; p__SR1; c__SR1_[C-1]; o__SR1_[O-1]; f__SR1_[F-1]; g__SR1_[G-1]; s__sp._oral_taxon_875	0.8305520071931283
30f8d51b3127b1dc3f55382c32cf1dce	k__Bacteria; p__Bacteroidetes; c__Bacteroidia; o__Bacteroidales; f__Prevotellaceae; g__Prevotella; s__sp._oral_taxon_396	0.9984486371261289
0bb81142bb332f1000ab52e651ede8d6	k__Bacteria; p__Proteobacteria; c__Betaproteobacteria; o__Neisseriales; f__Neisseriaceae	0.9999999998400425
424d277e7d292afb7cf0923abe760413	k__Bacteria; p__Proteobacteria; c__Deltaproteobacteria; o__Desulfovibrionales; f__Desulfovibrionaceae; g__Desulfovibrio; s__fairfieldensis	0.9571260649825116
32a8a6c2a6a541a5500daefddb1131b8	k__Bacteria; p__Firmicutes; c__Clostridia; o__Clostridiales; f__Lachnospiraceae_[XIV]; g__Lachnospiraceae_[G-8]; s__sp._oral_taxon_500	0.9999998748565638
9d0c64dd0b848377b800961d610e56b3	k__Bacteria; p__Bacteroidetes; c__Bacteroidia; o__Bacteroidales; f__Prevotellaceae; g__Prevotella; s__salivae	0.9999575764527453
cbe697304c4ef7f09d8245eaba48045e	k__Bacteria; p__Bacteroidetes; c__Bacteroidia; o__Bacteroidales; f__Bacteroidaceae; g__Bacteroidaceae_[G-1]; s__sp._oral_taxon_272	0.9999999999999716
4aae2f0ab21233a9d6e7b9aec09eb56c	k__Bacteria; p__Proteobacteria; c__Alphaproteobacteria; o__Sphingomonadales; f__Sphingomonadaceae	0.9697515362452136
ed0bd9906f66c6cef22c5adf03fd2e4a	k__Bacteria; p__Firmicutes; c__Clostridia; o__Clostridiales; f__Peptostreptococcaceae_[XI]; g__Peptostreptococcaceae_[XI][G-7]; s__sp._oral_taxon_081	0.9999999877295239
9063f9cc5cf6a4ae58cab6cdbf05df09	k__Bacteria; p__Cyanobacteria; c__Chloroplast; o__; f__; g__; s__	0.9997396806345205
3d9951e810dbb32297d5eacb9ac5abed	k__Bacteria; p__Proteobacteria; c__Gammaproteobacteria; o__Vibrionales	0.9999373717035415
76054df6aacf5836b73424a7b15f0497	k__Bacteria; p__Firmicutes; c__Clostridia; o__Clostridiales; f__Clostridiaceae; g__Clostridium	0.8182881541711787
e98ae4c617b34564f36445f607b9e878	k__Bacteria; p__Firmicutes; c__Clostridia; o__Clostridiales	0.999926251671157
f2218f565c2df243b4db0c431c200c06	k__Bacteria	0.9999787271620149
d0fd892e2576094de9301cef9d6842cb	k__Bacteria; p__Proteobacteria; c__Alphaproteobacteria; o__Rickettsiales; f__mitochondria; g__; s__	0.999999494141889
9d3d96e7d6b9cf778e98b5cd906758b5	k__Bacteria; p__Proteobacteria; c__Alphaproteobacteria; o__Rhizobiales; f__Aurantimonadaceae; g__Fulvimarina; s__	0.9999976262720942
44b8f4b42a1e99459dbfd81ea44670c9	k__Bacteria; p__Verrucomicrobia; c__Opitutae; o__Opitutales; f__Opitutaceae; g__Opitutus; s__	0.9975248621150954
faeefe8449e40f1df8fe66f2412e2a62	k__Bacteria; p__Proteobacteria; c__Alphaproteobacteria; o__Rhizobiales; f__; g__; s__	0.7420087861475941
c709e13a2a6fdd0af0b9fec89aa1105f	k__Bacteria; p__Bacteroidetes; c__Bacteroidia; o__Bacteroidales; f__Porphyromonadaceae; g__Paludibacter; s__	0.9999875108629944
d8fa9034218435c258459433b60d931d	k__Bacteria; p__TM6; c__F38; o__; f__; g__; s__	0.9999999999828901
e5e6b58c2cfc436769df12f07655994b	k__Bacteria; p__Planctomycetes; c__Planctomycetia; o__Gemmatales; f__Gemmataceae; g__; s__	0.7948176698015457
1be67a88463f73cdc699dc7d71aef468	k__Bacteria; p__Firmicutes	0.9999999999964134
94d1f6291ddaf446e9e149a1f80173a9	k__Bacteria; p__Proteobacteria; c__Betaproteobacteria; o__Burkholderiales; f__Comamonadaceae	0.9968107234712609
0078d05af160a9df890ec62eebaa4dee	k__Bacteria; p__Proteobacteria; c__Betaproteobacteria; o__Neisseriales; f__Neisseriaceae; g__Neisseria	0.9923833632803983
6071fca12aa8e5c272e0c16809ba1cf5	k__Bacteria; p__Firmicutes	0.9999999999983039
d5de98c537450ba0e4fbff1eacc5a867	k__Bacteria; p__Saccharibacteria_(TM7); c__TM7_[C-1]; o__TM7_[O-1]; f__TM7_[F-1]; g__TM7_[G-1]; s__sp._oral_taxon_352	0.9592075324658833
83062053819027ac0b2c05cecf900551	k__Bacteria; p__Actinobacteria; c__Actinobacteria; o__Actinomycetales; f__Actinomycetaceae; g__Actinomyces	0.9999960141997547
8835b404aa9fa28feadda3685f1043e3	k__Bacteria; p__Firmicutes; c__Clostridia; o__Clostridiales; f__Peptoniphilaceae; g__Peptoniphilaceae_[G-1]; s__sp._oral_taxon_113	0.9981883578063196
4df222d54ac028716edb01aa29152051	k__Bacteria; p__Gracilibacteria_(GN02); c__GN02_[C-1]; o__GN02_[O-1]; f__GN02_[F-1]; g__GN02_[G-1]; s__sp._oral_taxon_872	0.9999974728762979
1153b6d6482afccf2be8c469481e8342	k__Bacteria; p__Firmicutes; c__Clostridia; o__Clostridiales; f__Lachnospiraceae_[XIV]; g__Lachnospiraceae_[G-3]; s__sp._oral_taxon_100	0.9999999018656544
76505c3468829fdd538e214152013159	k__Bacteria	1.0000000000000018
a0267cd76f1d9b5c3e84bd34b6487e94	k__Bacteria; p__Firmicutes; c__Clostridia; o__Clostridiales; f__Lachnospiraceae_[XIV]; g__Lachnoanaerobaculum; s__orale	0.7709898279325429
8eb3b9ad652a0194fff1432e84545e06	k__Bacteria; p__Firmicutes; c__Bacilli	0.9999431959907094
65ccfae38d11a0693e4670348d688a78	k__Bacteria; p__Firmicutes; c__Clostridia; o__Clostridiales; f__Peptostreptococcaceae_[XI]; g__Peptostreptococcaceae_[XI][G-7]; s__[Eubacterium]_yurii_subsps._yurii_&_margaretiae	0.9223277494548278
9624694ca3b4c8235911f584057f03c6	k__Bacteria; p__Actinobacteria; c__Actinobacteria; o__Actinomycetales; f__Micrococcaceae; g__Rothia; s__mucilaginosa	0.9907735770391347
ca6c7ca56f0a51a0c77b9fcaaa54a1f6	k__Bacteria; p__Firmicutes; c__Clostridia; o__Clostridiales; f__Clostridiales_[F-1]; g__Clostridiales_[F-1][G-1]; s__sp._oral_taxon_093	0.9999999999997726
0bccb57fa7f1ba175a229131c3720122	k__Bacteria; p__Actinobacteria; c__Actinobacteria; o__Actinomycetales; f__Actinomycetaceae; g__Actinobaculum; s__sp._oral_taxon_848	0.9948191844419503
a4134c32f8c5823968dc505716c31357	k__Bacteria; p__Proteobacteria; c__Alphaproteobacteria; o__Sphingomonadales; f__Sphingomonadaceae; g__Sandaracinobacter; s__sibiricus	0.9075054803544329
ec9e6cf8a9c92f317fc2aea8b35a7d3b	k__Bacteria; p__Proteobacteria; c__Betaproteobacteria; o__Burkholderiales; f__Comamonadaceae	0.9979293165169025
c5dce1d3a950faed226f20b0e60a2d05	k__Bacteria	1.0000000000000022
e68fc21759692cef908cce6d56af8fa1	k__Bacteria; p__Bacteroidetes; c__Flavobacteriia; o__Flavobacteriales; f__Flavobacteriaceae; g__Bergeyella; s__sp._oral_taxon_322	0.9936635629504171
db7f14d810778b543090bdeff2bcc73c	k__Bacteria; p__Actinobacteria; c__Actinobacteria; o__Actinomycetales; f__Actinomycetaceae; g__Actinomyces; s__sp._oral_taxon_448	0.967298055360432
09f87ed8ac7bb185d60a2e89fe3f0fee	k__Bacteria; p__Bacteroidetes; c__Bacteroidia; o__Bacteroidales; f__Prevotellaceae; g__Prevotella	0.9999999999988289
38657558dfc544468b468c98417c6a2c	k__Bacteria; p__Bacteroidetes; c__Bacteroidia; o__Bacteroidales; f__Porphyromonadaceae; g__Tannerella	0.9999999814156172
4ea873f3513608945dbfa5e6bf3de240	k__Bacteria; p__Bacteroidetes; c__Bacteroidia; o__Bacteroidales; f__Prevotellaceae; g__Prevotella; s__buccae	0.9998702273145244
284c04a17e76135bef733de2dba81e99	k__Bacteria; p__Bacteroidetes; c__Bacteroidia; o__Bacteroidales; f__Prevotellaceae; g__Prevotella; s__oralis	0.9999820087028987
a1e10a952acc2873870fe02b494bb1be	k__Bacteria; p__Bacteroidetes; c__Bacteroidia; o__Bacteroidales; f__Prevotellaceae; g__Prevotella	0.9999982051146781
61da0129b0955e801796babb0d6cfc08	k__Bacteria; p__Bacteroidetes; c__Bacteroidia; o__Bacteroidales; f__Prevotellaceae; g__Prevotella; s__salivae	0.9949232052693547
2722b21bb59f2f6cf847df7b5bbe9ead	k__Bacteria; p__Proteobacteria; c__Betaproteobacteria; o__Burkholderiales; f__Burkholderiaceae; g__Lautropia; s__	0.9201813001505665
5926ce54dc667c77ea94cee1865037ac	k__Bacteria; p__Cyanobacteria; c__Synechococcophycideae; o__Pseudanabaenales; f__Pseudanabaenaceae; g__Nodosilinea; s__nodulosa	0.9444604224702574
4e45b0dc89f3edffb805912c952dff27	k__Bacteria	0.999999999914914
b332d5d7619f4efbd5cdff0b8c5ad2b6	k__Bacteria; p__Bacteroidetes; c__Bacteroidia; o__Bacteroidales; f__Prevotellaceae; g__Prevotella; s__buccae	0.9999999998217106
672d949932ae2ee45a60e1d82b4b1e38	k__Bacteria; p__Fusobacteria; c__Fusobacteriia; o__Fusobacteriales; f__Leptotrichiaceae; g__; s__	0.9997968625293489
ba37b4c1098f986a4ae15f86bcdb7568	k__Bacteria; p__Fusobacteria; c__Fusobacteriia; o__Fusobacteriales; f__Leptotrichiaceae; g__Leptotrichia; s__goodfellowii	0.9994514607004636
1f443fa21677024857becfbf48c7bb5b	k__Bacteria; p__Bacteroidetes; c__Bacteroidia; o__Bacteroidales; f__Prevotellaceae; g__Prevotella	0.8969643297281273
9b51376df2626ba560787be4a854a045	k__Bacteria; p__Bacteroidetes; c__Bacteroidia; o__Bacteroidales; f__Porphyromonadaceae; g__Porphyromonas; s__gingivalis	0.9994443760823649
86083076fa37dc184edaef5e10ae81ca	k__Bacteria; p__Bacteroidetes; c__Bacteroidia; o__Bacteroidales	0.9999999995949481
fdac4b96781a5d50828175614a3ce735	k__Bacteria; p__Firmicutes; c__Clostridia; o__Clostridiales	0.9999999999855332
e6fc10d9d2137e0013ae6c212317b877	k__Bacteria; p__Proteobacteria; c__Alphaproteobacteria; o__Caulobacterales; f__Caulobacteraceae; g__Caulobacter; s__sp._oral_taxon_002	0.9863737311291294
5d576894af9a979e2c9d7a7ece0f08bb	k__Bacteria; p__Bacteroidetes; c__Bacteroidia; o__Bacteroidales; f__Prevotellaceae; g__Prevotella	0.9813003604736894
4a4b8b39ad6080ae2fa138de5d009ebe	k__Bacteria; p__Actinobacteria; c__Actinobacteria; o__Actinomycetales; f__Actinomycetaceae; g__Actinomyces; s__graevenitzii	0.7786455293855559
818ee2aae62432ef753a74ad08551657	k__Bacteria; p__Fusobacteria; c__Fusobacteriia; o__Fusobacteriales; f__Leptotrichiaceae; g__Leptotrichia; s__sp._oral_taxon_498	0.9993870569532637
3d5f202f1b56dd1a0737ba3371daf638	k__Bacteria; p__Firmicutes; c__Clostridia; o__Clostridiales; f__Peptostreptococcaceae_[XI]; g__Peptostreptococcaceae_[XI][G-1]; s__[Eubacterium]_infirmum	0.8645681360129895
a6e7f52a01dee74bcedd893f1710eb0e	k__Bacteria; p__Bacteroidetes; c__Bacteroidia; o__Bacteroidales; f__Bacteroidales_[F-2]; g__Bacteroidales_[G-2]; s__sp._oral_taxon_274	0.9999997831947476
804d4b76da9201119e55bd2cb59728a1	k__Bacteria; p__Actinobacteria; c__Actinobacteria; o__Actinomycetales; f__Micrococcaceae; g__Rothia	0.8756751650082562
86605c2ad63f7a1687ac804263766c17	k__Bacteria; p__Proteobacteria; c__Betaproteobacteria; o__Neisseriales; f__Neisseriaceae; g__; s__	0.9296149765408971
5d20fce0d94550b9a06680c7419e403e	k__Bacteria; p__Bacteroidetes; c__Bacteroidia; o__Bacteroidales; f__Prevotellaceae; g__Prevotella; s__sp._oral_taxon_526	0.9999999999933635
28e9a5aa2f1eb4727da2e66803191352	k__Bacteria; p__Firmicutes; c__Bacilli; o__Gemellales	0.8354290737837231
d66ba8f69671cded67abef76fbabf713	k__Bacteria; p__Firmicutes; c__Clostridia; o__Clostridiales; f__Peptostreptococcaceae_[XI]; g__Peptostreptococcaceae_[XI][G-9]; s__[Eubacterium]_brachy	0.9999971306817723
f4d1b689bd2d3ef7e3f3adfae419e7c4	k__Bacteria; p__Firmicutes; c__Bacilli; o__Lactobacillales; f__Streptococcaceae; g__Streptococcus	0.9999970370110851
d14118f1ec6353d9dc37963fbe06057b	k__Bacteria; p__Firmicutes; c__Bacilli; o__Lactobacillales; f__Streptococcaceae; g__Streptococcus	0.9617762089804999
75f871e4e5ef0879ffa8450fce070c4f	k__Bacteria; p__Firmicutes; c__Negativicutes; o__Selenomonadales; f__Veillonellaceae; g__Selenomonas; s__sputigena	0.9484795747739507
582aa9d26cc42f71c2881d63e763ba1f	k__Bacteria; p__Firmicutes; c__Bacilli	0.9999999431452269
911c4090e5aa7d27d3524993a717f025	k__Bacteria; p__Actinobacteria; c__Actinobacteria; o__Bifidobacteriales; f__Bifidobacteriaceae; g__Scardovia; s__wiggsiae	0.9999798905684454
5ef06698c4a15c7b4d0a5499c1714125	k__Bacteria; p__Bacteroidetes; c__Bacteroidia; o__Bacteroidales; f__Prevotellaceae; g__Prevotella; s__sp._oral_taxon_305	0.9999996127952112
5c4084197391d21d0078e6c2b2e91256	k__Bacteria; p__Firmicutes; c__Bacilli; o__Bacillales; f__Staphylococcaceae; g__Staphylococcus	0.9990942065547799
9a865c61b6dc08f4b6441e029e1a8b03	k__Bacteria; p__Firmicutes; c__Clostridia; o__Clostridiales; f__Lachnospiraceae_[XIV]; g__Lachnospiraceae_[G-3]; s__sp._oral_taxon_100	0.9999996415687992
c0758b96e4adc6ae1ab80913b982cd29	k__Bacteria; p__Firmicutes; c__Bacilli; o__Bacillales	0.8638043418041312
8bacb65cde8a3803682d1c8115983cef	k__Bacteria; p__Fusobacteria; c__Fusobacteriia; o__Fusobacteriales; f__Leptotrichiaceae; g__Leptotrichia; s__sp._oral_taxon_215	0.9419388377905413
e16a9233e7b681d20f5c81996ddb1ab4	k__Bacteria; p__Firmicutes	0.9999999999883646
56c8fb74da2a78a0255c465e6a8edb1c	k__Bacteria; p__Proteobacteria; c__Epsilonproteobacteria; o__Campylobacterales; f__Campylobacteraceae; g__Campylobacter; s__concisus	0.9234119627479354
a1d1c13024e7cb83b9a98d7cad66cf18	k__Bacteria; p__Firmicutes; c__Clostridia; o__Clostridiales; f__Lachnospiraceae; g__Blautia; s__	0.9998261470780709
8d444412da9e1277622dbaec7c9d5126	k__Bacteria; p__Proteobacteria; c__Betaproteobacteria; o__Burkholderiales; f__Alcaligenaceae; g__Sutterella; s__	0.9999999626404736
0e649d97128c73287e5e694933d9152b	k__Bacteria; p__Firmicutes; c__Bacilli; o__Lactobacillales; f__Streptococcaceae; g__Streptococcus	0.9999045828324741
1d0aebb87d0748e2bed62f544717e125	k__Bacteria; p__Actinobacteria; c__Actinobacteria; o__Actinomycetales; f__Actinomycetaceae; g__Mobiluncus	0.9999995565801281
9e8dc8fc16030235d1571d19f7082b58	k__Bacteria; p__Firmicutes; c__Clostridia; o__Clostridiales; f__Clostridiales_[F-1]; g__Clostridiales_[F-1][G-2]; s__sp._oral_taxon_402	0.9999999990092903
73ad75e52a5c73661d043906e123d32e	k__Bacteria; p__Firmicutes; c__Clostridia; o__Clostridiales; f__Peptostreptococcaceae_[XI]; g__Peptostreptococcaceae_[XI][G-9]; s__[Eubacterium]_brachy	0.9999991719877119
7b35ac8defd56e4e7affa4ea625d7e08	k__Bacteria; p__Fusobacteria; c__Fusobacteriia; o__Fusobacteriales; f__Leptotrichiaceae; g__Leptotrichia; s__sp._oral_taxon_417	0.707793919620173
da4d64d51782fb7bcb48ec2549145823	k__Bacteria; p__Spirochaetes; c__Spirochaetia; o__Spirochaetales; f__Spirochaetaceae; g__Treponema; s__denticola	0.984993635480725
c0b829ff38beadec4221f40a6e82a4a2	k__Bacteria; p__Proteobacteria; c__Betaproteobacteria; o__Neisseriales; f__Neisseriaceae; g__Neisseria	0.9977110585959268
6be9815296386b8a8ef996014aa8e5aa	k__Bacteria; p__Spirochaetes; c__Spirochaetia; o__Spirochaetales; f__Spirochaetaceae; g__Treponema; s__sp._oral_taxon_270	0.9999998519647558
c0afbbaba2e8540dec166ca66df5baca	k__Bacteria; p__Actinobacteria; c__Actinobacteria; o__Actinomycetales; f__Actinomycetaceae; g__Actinomyces; s__graevenitzii	0.9994306094337719
c2a202f5a1564a714df5b6768b73f957	k__Bacteria; p__Bacteroidetes; c__Bacteroidia; o__Bacteroidales; f__Prevotellaceae; g__Prevotella; s__salivae	0.8838297057908434
d78cb9c5e1a221d4303705f4eedc3e50	k__Bacteria; p__Bacteroidetes; c__Bacteroidia; o__Bacteroidales; f__Bacteroidales_[F-2]; g__Bacteroidales_[G-2]; s__sp._oral_taxon_274	0.9999998326477451
da96954c07b9722a6ddb128cb5e5b34d	k__Bacteria; p__Chloroflexi; c__Anaerolineae; o__Anaerolineales; f__Anaerolineaceae; g__Anaerolineae_[G-1]; s__sp._oral_taxon_439	0.9999504306960736
a1fdf1d64cc501ddf752231b83290982	k__Bacteria; p__Fusobacteria; c__Fusobacteriia; o__Fusobacteriales; f__Fusobacteriaceae; g__Fusobacterium	0.9471996218272405
6397ca8e5270d1159ee3f9b5e6c7955b	k__Bacteria; p__Firmicutes; c__Bacilli; o__Lactobacillales; f__Streptococcaceae; g__Streptococcus	0.9999826078686831
14c92b80082a8b8106b782fbf453320f	k__Bacteria; p__Bacteroidetes; c__Bacteroidia; o__Bacteroidales; f__Prevotellaceae; g__Prevotella; s__sp._oral_taxon_317	0.9519487249132915
dee30763f17bf969ce0c15f6544f3a73	k__Bacteria; p__Bacteroidetes; c__Bacteroidia; o__Bacteroidales; f__Prevotellaceae; g__Prevotella; s__saccharolytica	0.9999998929949698
a282113e49dd139282e7d4907f270bde	k__Bacteria; p__Fusobacteria; c__Fusobacteriia; o__Fusobacteriales; f__Leptotrichiaceae; g__Leptotrichia; s__sp._oral_taxon_218	0.9999801601764688
edbb8246f6fa7267257afd1079c67a50	k__Bacteria; p__Bacteroidetes; c__Bacteroidia; o__Bacteroidales; f__Prevotellaceae; g__Prevotella	0.999995519984643
8ec8a1115db9cf0176a45a865dea031a	k__Bacteria; p__Firmicutes; c__Clostridia; o__Clostridiales; f__Lachnospiraceae_[XIV]; g__Lachnoanaerobaculum; s__orale	0.7923726266854879
7e86fb9d7fa679b10f3232b56a0c7501	k__Bacteria; p__Firmicutes; c__Bacilli	0.9999998202835856
410f92d1d7d38cac6f75100dc75adc07	k__Bacteria; p__Bacteroidetes; c__Bacteroidia; o__Bacteroidales; f__Prevotellaceae; g__Prevotella	0.9998661182861521
5d06567b15eabe1b557138c61b7663d0	k__Bacteria; p__Firmicutes	0.9999444814483512
11eda9d8943e053ffaeb469b583a2de0	k__Bacteria; p__Firmicutes; c__Negativicutes; o__Selenomonadales; f__Veillonellaceae; g__Veillonella	0.9792325251398588
eb15c85208378f777d7de9160924cdf2	k__Bacteria; p__Spirochaetes; c__Spirochaetia; o__Spirochaetales; f__Spirochaetaceae; g__Treponema	0.9999999791394428
24a5cdb54a09727b8240b473e1b75cd7	k__Bacteria; p__Spirochaetes; c__Spirochaetia; o__Spirochaetales; f__Spirochaetaceae; g__Treponema; s__sp._oral_taxon_258	0.9978828650749725
d5417048105cdedc846e0aad7dd58208	k__Bacteria; p__Firmicutes; c__Clostridia; o__Clostridiales; f__Lachnospiraceae_[XIV]; g__Lachnospiraceae_[G-3]; s__sp._oral_taxon_100	0.9999982914552804
289f031f0ff9e89c54bbfc48a6a5d9c0	k__Bacteria	0.9999997295221968
369bf7b9d07593dfda01dffea10d6c44	k__Bacteria; p__Firmicutes; c__Bacilli; o__Lactobacillales; f__Streptococcaceae; g__Streptococcus	0.9999633861711901
29da7ddda528f4bba030b74d73880c58	k__Bacteria; p__Proteobacteria; c__Betaproteobacteria; o__Neisseriales; f__Neisseriaceae; g__Neisseria	0.9986604983144013
bedbdebd5d7d8437e3d98e5bd9a13860	k__Bacteria; p__Actinobacteria; c__Actinobacteria; o__Actinomycetales; f__Actinomycetaceae; g__Actinobaculum; s__sp._oral_taxon_183	0.8808425704452372
374544380c105455d1dbd51a368105c9	k__Bacteria; p__Firmicutes; c__Bacilli; o__Lactobacillales; f__Streptococcaceae; g__Streptococcus	0.9999994855990428
6ba117a45e07efe385cfb53a8adb36f1	k__Bacteria	0.966537071609073
62320064f58ac9e7bf5541c13cec16e8	k__Bacteria; p__Firmicutes; c__Negativicutes; o__Selenomonadales; f__Veillonellaceae; g__Veillonella	0.9546299220855481
c9fbc4ba650814c6ff4d2d4536e1fc8f	k__Bacteria; p__Firmicutes; c__Clostridia; o__Clostridiales; f__Peptostreptococcaceae_[XI]; g__Peptostreptococcaceae_[XI][G-2]; s__sp._oral_taxon_091	0.9999998455216831
b5ef84a055558d6415dd822b7ef10377	k__Bacteria; p__Firmicutes; c__Clostridia; o__Clostridiales	0.9978978733099492
51f0f2549b435c61678cedc199e57473	k__Bacteria; p__Synergistetes; c__Synergistia; o__Synergistales; f__Synergistaceae; g__Fretibacterium; s__fastidiosum	0.9993278045570525
b5ce7522de1cdd8cb2fd9bc3eeda6b94	k__Bacteria; p__Bacteroidetes; c__Bacteroidia; o__Bacteroidales; f__Prevotellaceae; g__Prevotella	0.9999999996398542
ede13534143a1cc140dfba36b89b1d45	k__Bacteria; p__Proteobacteria; c__Gammaproteobacteria; o__Pasteurellales; f__Pasteurellaceae	0.9999993065836675
8208346f7b48db7b663c2a2ebc08b573	k__Bacteria; p__Firmicutes; c__Clostridia; o__Clostridiales; f__Ruminococcaceae; g__Ruminococcaceae_[G-2]; s__sp._oral_taxon_085	0.9999999992958948
1c46035d21bcafd39f39e07ac4a7913c	k__Bacteria; p__Firmicutes; c__Bacilli; o__Lactobacillales; f__Streptococcaceae; g__Streptococcus	0.9983788481612641
6ee770f60954bc18f2bf77562ab8d9e5	k__Bacteria; p__Proteobacteria; c__Alphaproteobacteria; o__; f__; g__; s__	0.9662028204471681
705437b2844330c2d8685d6f9403a6c7	k__Bacteria; p__Bacteroidetes; c__Flavobacteriia; o__Flavobacteriales; f__Flavobacteriaceae; g__Bergeyella; s__sp._oral_taxon_322	0.983560784894692
0a55233ae35a9ea97182cf2c910b2ef6	k__Bacteria; p__Bacteroidetes; c__Bacteroidia; o__Bacteroidales; f__Prevotellaceae; g__Prevotella	0.9998914386595051
772def8208a0459b77e5fe7b3292904a	k__Bacteria; p__Firmicutes; c__Bacilli; o__Lactobacillales; f__Streptococcaceae; g__Streptococcus; s__mutans	0.9999996777655675
7e5ac0640ca07c54ff9f0a9bc9d4daee	k__Bacteria; p__Firmicutes; c__Clostridia; o__Clostridiales; f__Lachnospiraceae_[XIV]; g__Lachnoanaerobaculum; s__sp._oral_taxon_496	0.9999999153876082
394268c7ee411907ab56ca5b9951bafd	k__Bacteria; p__Firmicutes; c__Bacilli; o__Lactobacillales; f__Streptococcaceae; g__Streptococcus	0.9999987362539648
19cb8c5811d06664fa47e2c093963d43	k__Bacteria; p__Fusobacteria; c__Fusobacteriia; o__Fusobacteriales; f__Fusobacteriaceae; g__Fusobacterium	0.9930034338535977
8606f16b28c22fea5881028fea73f885	k__Bacteria; p__SR1; c__SR1_[C-1]; o__SR1_[O-1]; f__SR1_[F-1]; g__SR1_[G-1]; s__sp._oral_taxon_874	0.9643063188150758
3aae1286b7050b5fbb0bb38aecfa87eb	k__Bacteria; p__Firmicutes; c__Negativicutes; o__Selenomonadales; f__Veillonellaceae; g__Veillonella; s__rogosae	0.9184869599114833
d4850952a0d9a3537dcca9f597da1c9b	k__Bacteria; p__Proteobacteria; c__Gammaproteobacteria; o__Pasteurellales; f__Pasteurellaceae; g__Haemophilus	0.9249737965781761
0148c80147d20f8853e2666218d2fff0	k__Bacteria; p__Firmicutes; c__Negativicutes; o__Selenomonadales; f__Veillonellaceae; g__Veillonella	0.9421312315625248
8c35d14baed3c977482f097aed48f547	k__Bacteria; p__Firmicutes; c__Clostridia; o__Clostridiales; f__Lachnospiraceae_[XIV]; g__Lachnoanaerobaculum; s__umeaense	0.9880509959580296
8a01f1a640c105254d5fcff2885ac9be	k__Bacteria; p__Firmicutes; c__Negativicutes; o__Selenomonadales; f__Veillonellaceae; g__Veillonellaceae_[G-1]; s__sp._oral_taxon_155	0.7664804357279807
a6ec25c9cc0ae01e97c2f1e95d8587ec	k__Bacteria; p__Bacteroidetes; c__Bacteroidia; o__Bacteroidales; f__Prevotellaceae; g__Prevotella; s__pleuritidis	0.9999991108501378
5693ef96d9399557abf37265a2dc9ede	k__Bacteria; p__Firmicutes; c__Clostridia; o__Clostridiales; f__Peptostreptococcaceae; g__Filifactor; s__	0.8546360269927538
598bd25b16a78fb721ddfcd6f456a9ec	k__Bacteria; p__Bacteroidetes; c__Bacteroidia; o__Bacteroidales; f__Prevotellaceae; g__Prevotella	0.9979545888670726
f52faaa717235db177c4dd5c8355e57d	k__Bacteria; p__Synergistetes; c__Synergistia; o__Synergistales; f__Synergistaceae; g__Fretibacterium; s__fastidiosum	0.9979664705569485
6e421e25fac7c1725b4cffeeb56bf55c	k__Bacteria; p__Bacteroidetes; c__Bacteroidia; o__Bacteroidales; f__Prevotellaceae; g__Prevotella	0.9999815143885886
817944dbf26d95ccd9f710de8a96a675	k__Bacteria; p__Proteobacteria; c__Gammaproteobacteria; o__Cardiobacteriales; f__Cardiobacteriaceae	0.9769545227201271
1f552a268053bf12d814eec45ee5dd90	k__Bacteria; p__Fusobacteria; c__Fusobacteriia; o__Fusobacteriales; f__Leptotrichiaceae; g__Leptotrichia; s__sp._oral_taxon_498	0.9999854436925396
32328680abc2fbf98236c8a061137d60	k__Bacteria; p__Firmicutes; c__Bacilli; o__Lactobacillales	0.9036164751191768
977f4ce1817ce7388b34a84a5f6bd63e	k__Bacteria; p__Firmicutes; c__Bacilli; o__Lactobacillales; f__Lactobacillaceae; g__Lactobacillus; s__crispatus	0.9505112674677259
9c1d17f9a86b8a99a75cbcaeeab3b895	k__Bacteria; p__Firmicutes; c__Bacilli; o__Lactobacillales; f__Streptococcaceae; g__Streptococcus	0.9876595598695921
1c0b86fe5eef87c9387db2a375c0828f	k__Bacteria; p__Proteobacteria; c__Gammaproteobacteria; o__Cardiobacteriales; f__Cardiobacteriaceae; g__Cardiobacterium	0.9939954771509358
ee55a246f36a91cfb2a2928ccb1efc0e	k__Bacteria; p__Firmicutes; c__Negativicutes; o__Selenomonadales; f__Veillonellaceae; g__Anaeroglobus; s__geminatus	0.9770600309465524
30d16add4685e1c108485d457b2dda6c	k__Bacteria; p__Proteobacteria; c__Gammaproteobacteria; o__Cardiobacteriales; f__Cardiobacteriaceae; g__Cardiobacterium	0.9989517549383764
e452c5ada84b2c3590d6b378714587ab	k__Bacteria; p__Firmicutes; c__Clostridia; o__Clostridiales; f__Ruminococcaceae; g__Ruminococcaceae_[G-1]; s__sp._oral_taxon_075	0.8704969781204128
68499cb6a4dac1f0ca88ebe3acaadc2a	k__Bacteria; p__Actinobacteria; c__Actinobacteria; o__Actinomycetales; f__Micrococcaceae; g__Rothia; s__	0.9064739804379293
fb858bc8aca84083403edb6658318af7	k__Bacteria; p__Bacteroidetes; c__Bacteroidia; o__Bacteroidales; f__Prevotellaceae; g__Alloprevotella; s__rava	0.9988137943423914
4533a3e28326bcffa68dfbfef7d0ad15	k__Bacteria; p__Firmicutes; c__Bacilli; o__Lactobacillales; f__Lactobacillaceae; g__Lactobacillus; s__fermentum	0.9985704685020975
c4ee21c6503823787921a5dc05ff4d04	k__Bacteria; p__Actinobacteria; c__Actinobacteria; o__Actinomycetales; f__Actinomycetaceae; g__Actinomyces	0.999998540429924
80b99e42b5da9d0041dc27bf78124197	k__Bacteria; p__Bacteroidetes; c__Bacteroidia; o__Bacteroidales; f__Prevotellaceae; g__Prevotella; s__sp._oral_taxon_317	0.7631952046545802
d9c2c626bd65ad3bc048e58caaa4d500	k__Bacteria; p__Firmicutes; c__Bacilli; o__Bacillales; f__Staphylococcaceae; g__Staphylococcus; s__	0.7865061939695407
81c91af0c701cd315ce64f3cf6982503	k__Bacteria; p__Spirochaetes; c__Spirochaetia; o__Spirochaetales; f__Spirochaetaceae; g__Treponema; s__sp._oral_taxon_508	0.9918814711657218
e540bb0dfe667aae4eb40e8cc373f070	k__Bacteria; p__Fusobacteria; c__Fusobacteriia; o__Fusobacteriales; f__Fusobacteriaceae; g__Fusobacterium	0.9928941953214421
5133697751605ce83f244b5f2b5807c3	k__Bacteria; p__Firmicutes	0.8522377923507459
0be8aa690176db83747786a4417408d2	k__Bacteria; p__Proteobacteria; c__Gammaproteobacteria; o__Pasteurellales; f__Pasteurellaceae; g__Haemophilus	0.778265615268183
0ace67504b762abfa417ea3ee89d8091	k__Bacteria; p__Bacteroidetes; c__Bacteroidia; o__Bacteroidales; f__Prevotellaceae; g__Prevotella; s__baroniae	0.99999981365595
82b7434a59d365a25792534532df5dde	k__Bacteria; p__Spirochaetes; c__Spirochaetia; o__Spirochaetales; f__Spirochaetaceae; g__Treponema; s__amylovorum	0.7504627844506567
5635b05c6a13fa54808434b72cc6db5a	k__Bacteria; p__Actinobacteria; c__Actinobacteria; o__Actinomycetales; f__Micrococcaceae; g__Rothia	0.998973941489655
bf3bec696380ceac487bcad8b2c52378	k__Bacteria; p__Firmicutes; c__Negativicutes; o__Selenomonadales; f__Veillonellaceae; g__Dialister; s__sp._oral_taxon_119	0.9737525881174017
78299f81326840dfa45bdcf601310a79	k__Bacteria; p__Firmicutes; c__Negativicutes; o__Selenomonadales; f__Veillonellaceae; g__Veillonellaceae_[G-1]	0.8528546649641134
b10e0a6d9c7e5ea7cf5498a2811c06f7	k__Bacteria; p__Firmicutes; c__Bacilli; o__Lactobacillales; f__Streptococcaceae; g__Streptococcus	0.9999997905960629
65fdc4d22df7886063cba3e241c0cd37	k__Bacteria; p__Bacteroidetes; c__Bacteroidia; o__Bacteroidales; f__Prevotellaceae; g__Prevotella; s__sp._oral_taxon_396	0.9880384928089007
7f51321ddc26ed6a05fbe4d78e269368	k__Bacteria; p__Proteobacteria; c__Gammaproteobacteria; o__Pasteurellales; f__Pasteurellaceae	0.9999999998126663
f258e9e2e24889a6dd79050c720b1598	k__Bacteria; p__Bacteroidetes; c__Flavobacteriia; o__Flavobacteriales; f__Flavobacteriaceae; g__Capnocytophaga; s__gingivalis	0.9969615853475307
e760adaf06ce9f4e18ce327404e910b5	k__Bacteria; p__Firmicutes	0.9999900256656734
6a69471450cfc84e55428f151ae29fdd	k__Bacteria; p__Firmicutes	0.9999999997092353
8860277f21b600af9b8de4dfe0e6696e	k__Bacteria; p__Bacteroidetes; c__Bacteroidia; o__Bacteroidales; f__Prevotellaceae; g__Alloprevotella; s__sp._oral_taxon_914	0.8637831432932166
dd59915c58e5fcd3a544bbe7b1eb0fbb	k__Bacteria; p__TM7; c__TM7-3; o__CW040; f__F16; g__; s__	0.7290539442927275
22dd42e626aadd59deb711c23affa9e5	k__Bacteria; p__Spirochaetes; c__Spirochaetia; o__Spirochaetales; f__Spirochaetaceae; g__Treponema; s__lecithinolyticum	0.9997467294235683
43e85752a7c2a5558ef18fbe0a6fbe5f	k__Bacteria; p__Bacteroidetes; c__Bacteroidia; o__Bacteroidales; f__Prevotellaceae; g__Prevotella; s__sp._oral_taxon_396	0.9889204146645525
aa28a966333243bfa1fb30d8f49f015d	k__Bacteria; p__Spirochaetes; c__Spirochaetia; o__Spirochaetales; f__Spirochaetaceae; g__Treponema; s__sp._oral_taxon_258	0.9982521294744401
6ff4e22e322c694ae600f25a1aba3b8e	k__Bacteria; p__Bacteroidetes; c__Bacteroidia; o__Bacteroidales; f__Porphyromonadaceae; g__Porphyromonas; s__uenonis	0.8582759819064956
b4c37fb3f5520cbcdcf09c62c320bc5f	k__Bacteria; p__Proteobacteria; c__Gammaproteobacteria; o__Pseudomonadales; f__Moraxellaceae; g__Enhydrobacter; s__	0.9990229437647477
56d129825276031d1ffe3d441786c7b8	k__Bacteria; p__Firmicutes; c__Clostridia; o__Clostridiales	0.999925266024054
f470a383d25d1f735e2b014c036c43a1	k__Bacteria; p__Fusobacteria; c__Fusobacteriia; o__Fusobacteriales; f__Leptotrichiaceae; g__Leptotrichia; s__sp._oral_taxon_221	0.9999879365886
037fe191acf40e0e7825d9525edb2b7f	k__Bacteria; p__Actinobacteria; c__Actinobacteria; o__Actinomycetales; f__Micrococcaceae; g__Rothia; s__	0.7241706325184014
47bfcb806a8fce529817718abd3fea42	k__Bacteria; p__Firmicutes; c__Bacilli	0.999996834151589
b8f94a25c8807f2682dd00e96a40fc49	k__Bacteria; p__Firmicutes; c__Clostridia; o__Clostridiales; f__Peptococcaceae; g__Peptococcus; s__sp._oral_taxon_167	0.9125824911063651
d356b6a9d493fc5f0b231914f73243f5	k__Bacteria; p__Bacteroidetes; c__Flavobacteriia; o__Flavobacteriales; f__Flavobacteriaceae; g__Bergeyella; s__sp._oral_taxon_322	0.9880176472424115
2bdf689e7c1262a32957932841eef4c2	k__Bacteria; p__Bacteroidetes; c__Bacteroidia; o__Bacteroidales; f__Prevotellaceae; g__Prevotella; s__amnii	0.8004603254040518
204053480f51ab3a0bfae4a98a8ed1a7	k__Bacteria; p__Fusobacteria; c__Fusobacteriia; o__Fusobacteriales; f__Fusobacteriaceae; g__Fusobacterium	0.980027344627538
5a53bde5e29a52f3a34750a1b52fc739	k__Bacteria; p__Synergistetes; c__Synergistia; o__Synergistales; f__Synergistaceae; g__Fretibacterium	0.9771169634069441
d7cc72abd0dd134ed147bebd094f27cf	k__Bacteria; p__Bacteroidetes; c__Bacteroidia; o__Bacteroidales; f__Porphyromonadaceae; g__Tannerella; s__forsythia	0.8919823650869035
290b2350620d09adcb3f23635fda9fec	k__Bacteria; p__Fusobacteria; c__Fusobacteriia; o__Fusobacteriales; f__Leptotrichiaceae; g__Leptotrichia; s__sp._oral_taxon_223	0.9969403286460671
c6cf58d08395ea63dcd7b4cf7d7b657f	k__Bacteria	0.9625026197497571
247003cd3308dd5f362514cb5d9f9b44	k__Bacteria; p__Firmicutes; c__Clostridia; o__Clostridiales; f__Lachnospiraceae_[XIV]; g__Johnsonella; s__sp._oral_taxon_166	0.9999974431073045
208aecfb261fd0b456feeb21997b17ef	k__Bacteria; p__Saccharibacteria_(TM7); c__TM7_[C-1]; o__TM7_[O-1]; f__TM7_[F-1]; g__TM7_[G-1]; s__sp._oral_taxon_352	0.9802962659617925
c2fa7be0257c85f00a16d242b62a9cab	k__Bacteria; p__Firmicutes; c__Bacilli; o__Lactobacillales	0.9099261068647231
93c445864c7ad67e5d5d299ebc99c25d	k__Bacteria; p__Firmicutes	0.9999999999977728
3a8ad247059cdadac4c4045a67e3f938	k__Bacteria; p__Proteobacteria; c__Betaproteobacteria; o__Neisseriales; f__Neisseriaceae; g__Neisseria; s__oralis	0.7715893785906728
913aceb0d41d38e6985bccbdd3ec25b6	k__Bacteria; p__Firmicutes; c__Clostridia; o__Clostridiales; f__Ruminococcaceae; g__Ruminococcaceae_[G-1]; s__sp._oral_taxon_075	0.9999999934176316
fd307b68b61e6469d41a0ca57d109bd3	k__Bacteria; p__Firmicutes	0.9999999999991901
4cb691b14d49cc1c69e5e25f87dcc492	k__Bacteria; p__Spirochaetes; c__Spirochaetia; o__Spirochaetales; f__Spirochaetaceae; g__Treponema	0.9999998126281627
997ab2c4027644263012f56956e31830	k__Bacteria; p__Proteobacteria; c__Gammaproteobacteria; o__Pasteurellales; f__Pasteurellaceae; g__Haemophilus	0.974112046933814
6b453ed7cc31569399a79be41c224c65	k__Bacteria; p__Proteobacteria; c__Betaproteobacteria; o__Rhodocyclales; f__Rhodocyclaceae; g__Propionivibrio; s__	0.9999907527324396
fd04548d0b123a975480c912b2d90145	k__Bacteria; p__Spirochaetes; c__Spirochaetia; o__Spirochaetales; f__Spirochaetaceae; g__Treponema	0.9999954726533617
ddff9a89887720f65c55082fdb2ff518	k__Bacteria; p__Firmicutes; c__Bacilli; o__Lactobacillales	0.9983818140093976
a5c2779a2fd8a71cebcbcc8204a0b522	k__Bacteria; p__Tenericutes; c__Mollicutes; o__RF39; f__; g__; s__	0.9999998769622569
c214b9fd8d399394a5e71311251e54d0	k__Bacteria; p__Saccharibacteria_(TM7); c__TM7_[C-1]; o__TM7_[O-1]; f__TM7_[F-2]; g__TM7_[G-5]; s__sp._oral_taxon_356	0.9955097297340654
71410be7a0bd137274d0880d0d826286	k__Bacteria; p__Bacteroidetes; c__Flavobacteriia; o__Flavobacteriales; f__Flavobacteriaceae; g__Capnocytophaga; s__granulosa	0.9689405649299272
a2a7f13e6fc0e25b56493b287dc44e83	k__Bacteria; p__Bacteroidetes; c__Flavobacteriia; o__Flavobacteriales; f__Flavobacteriaceae; g__Capnocytophaga	0.9999999999990208
e65d669e45dafb4f9e510ea8bf1d4729	k__Bacteria; p__Proteobacteria; c__Gammaproteobacteria; o__Pasteurellales; f__Pasteurellaceae; g__Haemophilus	0.8391801472517761
3b09f322ff83bc112a29e37b99e3a586	k__Bacteria; p__Firmicutes; c__Clostridia; o__Clostridiales	0.9999485494845987
bbaedc70643032bea2c81723ca72f587	k__Bacteria; p__Gracilibacteria_(GN02); c__GN02_[C-1]; o__GN02_[O-1]; f__GN02_[F-1]; g__GN02_[G-1]; s__sp._oral_taxon_872	0.9999865146348912
157e543774bec878fa5c8f9114becd7f	k__Bacteria; p__Firmicutes; c__Bacilli; o__Lactobacillales; f__Streptococcaceae; g__Streptococcus	0.999999826775579
c8ebc1d046c8d5b369f168cb372a69da	k__Bacteria; p__Firmicutes; c__Clostridia; o__Clostridiales; f__Lachnospiraceae_[XIV]; g__Johnsonella; s__sp._oral_taxon_166	0.9999900032039364
f2447d2f54296da00532d58446d7eab5	k__Bacteria; p__Firmicutes	0.9999972833457352
6c87493366e0aa8c0fda8690f3e0c455	k__Bacteria; p__Bacteroidetes; c__Flavobacteriia; o__Flavobacteriales; f__Flavobacteriaceae; g__Bergeyella; s__sp._oral_taxon_322	0.9845188589396342
0168462e6d42637d4f3756cb38652ac9	k__Bacteria; p__Bacteroidetes; c__Bacteroidia; o__Bacteroidales; f__Prevotellaceae; g__Prevotella; s__pleuritidis	0.9999998759085079
13eaab5e8afd5302568ced0cb46cc680	k__Bacteria; p__Firmicutes; c__Bacilli; o__Lactobacillales; f__Streptococcaceae; g__Streptococcus	0.9999964460707004
8c8a2f7b26a060dffff447e29d36a233	k__Bacteria; p__Fusobacteria; c__Fusobacteriia; o__Fusobacteriales; f__Leptotrichiaceae; g__Leptotrichia; s__sp._oral_taxon_417	0.752006235765067
f05ca55404f04b6d6f37f460ab7f89e9	k__Bacteria; p__Firmicutes	0.9577892995139544
17e0761b845fde8c62207fe037edb19c	k__Bacteria; p__Firmicutes; c__Bacilli; o__Lactobacillales; f__Streptococcaceae; g__Streptococcus	0.9999581421116093
c5fbdcd375056dcf30918e9292031ea4	k__Bacteria; p__Fusobacteria; c__Fusobacteriia; o__Fusobacteriales; f__Leptotrichiaceae; g__Leptotrichia; s__sp._oral_taxon_417	0.8430618279779447
fb455019c0a8211bde7f74b241045e6e	k__Bacteria; p__Bacteroidetes; c__Bacteroidetes_[C-1]; o__Bacteroidetes_[O-1]; f__Bacteroidetes_[F-1]; g__Bacteroidetes_[G-7]; s__sp._oral_taxon_911	0.9999999855567695
fe63694ee5a9941e2dba5eb0f5d180d5	k__Bacteria; p__Firmicutes; c__Bacilli; o__Lactobacillales; f__Streptococcaceae; g__Streptococcus	0.9920617523392525
7c22df0d981f8279f582e3637ff73f00	k__Bacteria; p__Tenericutes; c__Mollicutes; o__RF39; f__; g__; s__	0.9999999209385098
5abb378dfb83c8c312e96c54c133f830	k__Bacteria; p__Firmicutes; c__Clostridia; o__Clostridiales; f__Lachnospiraceae_[XIV]; g__Lachnospiraceae_[G-3]; s__sp._oral_taxon_100	0.9999998734873765
34449b85c26f7cb55c90fe03fd3aae83	k__Bacteria; p__Bacteroidetes; c__Bacteroidia; o__Bacteroidales; f__Porphyromonadaceae; g__Porphyromonas; s__endodontalis	0.9294182634574638
fb52f477d193b5097d553464c0b8ec86	k__Bacteria; p__Actinobacteria; c__Actinobacteria; o__Bifidobacteriales; f__Bifidobacteriaceae; g__Scardovia; s__wiggsiae	0.9999026126754059
bced7cf7d69ce88f5c312dea7ed03c87	k__Bacteria; p__Proteobacteria; c__Betaproteobacteria; o__Neisseriales; f__Neisseriaceae; g__Neisseria	0.9963208207489074
2e1744633ccfd588e4dcb6479a80a69f	k__Bacteria; p__Bacteroidetes; c__Bacteroidia; o__Bacteroidales; f__Prevotellaceae; g__Prevotella; s__shahii	0.7265727208552856
6c846a966c3d6c01edf95bcb4ba34653	k__Bacteria; p__Fusobacteria; c__Fusobacteriia; o__Fusobacteriales; f__Leptotrichiaceae; g__Leptotrichia	0.9999999972950042
a1a5e5eb6c07865a2023132fecab8730	k__Bacteria; p__Bacteroidetes; c__Bacteroidia; o__Bacteroidales; f__Prevotellaceae; g__Prevotella	0.9999262246811801
a0bcba48651ae524fb79ab07d826e245	k__Bacteria; p__Fusobacteria; c__Fusobacteriia; o__Fusobacteriales; f__Fusobacteriaceae; g__Fusobacterium	0.9957209285027033
9c32591354ea6a597a4f181673373040	k__Bacteria; p__Firmicutes; c__Negativicutes; o__Selenomonadales; f__Veillonellaceae; g__Veillonellaceae_[G-1]; s__sp._oral_taxon_155	0.8105342122255607
38a545f85c5a1bd965723a6ba19b648c	k__Bacteria; p__Firmicutes; c__Clostridia; o__Clostridiales; f__Ruminococcaceae; g__Ruminococcaceae_[G-2]; s__sp._oral_taxon_085	0.9999999981514662
9a9c19d47c832f55f1074ce85d0586f8	k__Bacteria; p__Actinobacteria; c__Coriobacteriia; o__Eggerthellales; f__Eggerthellaceae; g__Cryptobacterium; s__curtum	0.9999998663194223
00b0e4f547a2f2c48014beb7e94fb264	k__Bacteria; p__Firmicutes; c__Clostridia; o__Clostridiales	0.9999522516043614
cd6d9d53d8026f4e4e19fd84f068f1a6	k__Bacteria; p__Firmicutes; c__Clostridia; o__Clostridiales	0.9999999991320171
5719580c74449ee851a49dfeab9aa6fb	k__Bacteria; p__Firmicutes; c__Clostridia; o__Clostridiales; f__Peptostreptococcaceae_[XI]; g__Peptostreptococcaceae_[XI][G-3]; s__sp._oral_taxon_495	0.999417236235215
5b7712c82b838d9ad0a226e787b1e00f	k__Bacteria; p__Fusobacteria; c__Fusobacteriia; o__Fusobacteriales; f__Leptotrichiaceae; g__Leptotrichia; s__sp._oral_taxon_498	0.9999480065646483
f4d5fa9c37d1fa941112c764537d1ffd	k__Bacteria; p__Actinobacteria; c__Actinobacteria; o__Corynebacteriales; f__Corynebacteriaceae; g__Corynebacterium; s__durum	0.9851892742663815
b019d3c97b45488fd3a806ebd8b9f381	k__Bacteria; p__Proteobacteria; c__Alphaproteobacteria; o__Rhizobiales; f__Bradyrhizobiaceae; g__Bosea; s__genosp.	0.9289185803867409
d7c69bde257c0ee19b1c9b61a58ae6a7	k__Bacteria; p__Bacteroidetes; c__Bacteroidia; o__Bacteroidales; f__Prevotellaceae; g__Prevotella; s__sp._oral_taxon_300	0.8400963011144973
fa8f1e9a3e04c3332d6614805bdd1617	k__Bacteria; p__Firmicutes; c__Negativicutes; o__Selenomonadales; f__Veillonellaceae; g__Selenomonas	0.9986922515533563
0a9f98928c6a7bc52d3784fa7141a20d	k__Bacteria; p__Firmicutes; c__Bacilli; o__Lactobacillales; f__Streptococcaceae; g__Streptococcus	0.9999982630570785
b15e90893d8a44706a938d0a68eaddd3	k__Bacteria; p__Firmicutes	0.9999883905549455
f65df69625e03b576f81715909b05195	k__Bacteria; p__Firmicutes; c__Clostridia; o__Clostridiales; f__Peptostreptococcaceae_[XI]; g__Peptostreptococcaceae_[XI][G-9]; s__[Eubacterium]_brachy	0.9999983940477611
5ff2786904b7f90b6520200216a9128c	k__Bacteria; p__Fusobacteria; c__Fusobacteriia; o__Fusobacteriales; f__Fusobacteriaceae; g__Fusobacterium	0.7394875988102767
98c193bfa7833db8cc7b4410d76d93cf	k__Bacteria; p__Bacteroidetes; c__Bacteroidia; o__Bacteroidales; f__Prevotellaceae; g__Prevotella	0.9999994364544019
c3a9335c05986702f8df69b14b70d354	k__Bacteria; p__Firmicutes; c__Clostridia; o__Clostridiales; f__Lachnospiraceae_[XIV]; g__Lachnoanaerobaculum; s__umeaense	0.9917013324912324
245c0a301a04c8361151bfea231748be	k__Bacteria; p__Proteobacteria; c__Gammaproteobacteria; o__Pasteurellales; f__Pasteurellaceae	0.9999109222937009
f08a6eb4ae69a8c39704464c2ddb8659	k__Bacteria; p__Firmicutes; c__Clostridia; o__Clostridiales; f__Peptostreptococcaceae; g__Peptostreptococcus; s__stomatis	0.7090688869366862
26194362bbf4cecf5bcf8033bfb26151	k__Bacteria; p__Proteobacteria; c__Gammaproteobacteria; o__Pseudomonadales; f__Pseudomonadaceae; g__Pseudomonas; s__veronii	0.8625347343547397
d15fbb2fc2c9f0b4317d5d8cb37bef51	k__Bacteria; p__Firmicutes; c__Bacilli; o__Lactobacillales; f__Leuconostocaceae; g__; s__	0.7901347191857859
52f5b9d535562db6305d88ee3b3cefb5	k__Bacteria; p__Firmicutes; c__Bacilli; o__Lactobacillales; f__Streptococcaceae; g__Streptococcus	0.9999988789515366
1ef725cc708a190f44226faea4c2c306	k__Bacteria; p__Firmicutes; c__Clostridia; o__Clostridiales	0.9999999857618318
e3ba1f967c07483cb0ac5bf8358cc75f	k__Bacteria; p__Firmicutes; c__Bacilli; o__Lactobacillales	0.9106746224191347
a475b18c56cc5c114af2b1a5629c0570	k__Bacteria; p__Firmicutes; c__Bacilli; o__Bacillales	0.9233874229913743
a99264b16b5f91e091bedc5984ec6240	k__Bacteria; p__Proteobacteria; c__Betaproteobacteria; o__Neisseriales; f__Neisseriaceae; g__Neisseria	0.7118321006863256
517e5d1531f933ad728bf7cd34125216	k__Bacteria; p__Firmicutes; c__Bacilli; o__Lactobacillales	0.9995287935525059
ce8777210e1e06b93f085ad5ec0193bc	k__Bacteria; p__Proteobacteria; c__Gammaproteobacteria; o__Cardiobacteriales; f__Cardiobacteriaceae; g__Cardiobacterium	0.981485665184935
845327696ecd2e3bcf960434db7d3a90	k__Bacteria; p__Fusobacteria; c__Fusobacteriia; o__Fusobacteriales; f__Fusobacteriaceae; g__Fusobacterium; s__periodonticum	0.7382744346187022
860c3ccf8ae0be09685067794a645b10	k__Bacteria; p__Firmicutes; c__Bacilli; o__Bacillales; f__Gemellaceae; g__Gemella	0.7394325720432257
b3fc2451525cfba0c92d9780a80ec063	k__Bacteria; p__Firmicutes; c__Clostridia; o__Clostridiales; f__Peptococcaceae; g__Peptococcus; s__sp._oral_taxon_167	0.8300405545665317
edbd9e1666dc8324970d7383f2dd5546	k__Bacteria; p__Firmicutes; c__Negativicutes; o__Selenomonadales; f__Veillonellaceae; g__Veillonella	0.7846826154658231
8be4f95a6c4ce494abdd56b704ce1e49	k__Bacteria; p__Fusobacteria; c__Fusobacteriia; o__Fusobacteriales; f__Leptotrichiaceae; g__Leptotrichia; s__goodfellowii	0.9963015398993529
e20353f9eb2680554deb26de9c9bca87	k__Bacteria; p__Fusobacteria; c__Fusobacteriia; o__Fusobacteriales; f__Fusobacteriaceae; g__Fusobacterium	0.9605688767674972
b1b6bca213a0e8c9446d886dd5837eaf	k__Bacteria; p__Firmicutes; c__Bacilli; o__Bacillales; f__Listeriaceae; g__Brochothrix; s__	0.9495205773334644
787a63e854c9d432f339cf4cdfd13066	k__Bacteria; p__Firmicutes; c__Negativicutes; o__Selenomonadales; f__Veillonellaceae; g__Veillonella	0.9438299737438477
7e9a63851a2a12a6e226dcfdf362cc16	k__Bacteria; p__Firmicutes; c__Bacilli; o__Lactobacillales; f__Streptococcaceae; g__Streptococcus	0.9999990447478317
fd50cc3096a0348a0ff0a5699761b5cb	k__Bacteria; p__Bacteroidetes; c__Bacteroidia; o__Bacteroidales; f__Prevotellaceae; g__Prevotella	0.9906746266992895
19007501220e253c21767cccbe943a70	k__Bacteria; p__Firmicutes; c__Negativicutes; o__Selenomonadales; f__Veillonellaceae; g__Anaeroglobus; s__geminatus	0.9478375275347006
b7ec4d1fc54678b7884807b3b1c3544d	k__Bacteria; p__Bacteroidetes; c__Flavobacteriia; o__Flavobacteriales; f__[Weeksellaceae]; g__; s__	0.9989968435124951
6cf377865a569ad441e80cafbeb97e68	k__Bacteria; p__Firmicutes; c__Clostridia; o__Clostridiales; f__Lachnospiraceae_[XIV]; g__Lachnoanaerobaculum; s__sp._oral_taxon_496	0.9999994732213049
4d0278aad895fb4c3ecfef5da573615c	k__Bacteria; p__Firmicutes; c__Negativicutes; o__Selenomonadales; f__Veillonellaceae; g__Veillonella; s__rogosae	0.9322158424263435
aac172bea294f241f61a5a862460568d	k__Bacteria; p__Bacteroidetes; c__Bacteroidia; o__Bacteroidales; f__Prevotellaceae; g__Prevotella	0.9999999920592635
a343a444ee2bbaab5bafe0a55eb51c7a	k__Bacteria; p__Firmicutes; c__Bacilli; o__Lactobacillales; f__Streptococcaceae; g__Streptococcus	0.9999999588510284
c3d07aad10169cb1411a324458e17426	k__Bacteria; p__Actinobacteria	0.9366243490266609
a09469568160686d992824ab53839f81	k__Bacteria; p__Firmicutes; c__Negativicutes; o__Selenomonadales; f__Veillonellaceae; g__Veillonellaceae_[G-1]	0.8253544803384543
d464ab7bb34764d0165056f569148518	k__Bacteria; p__Bacteroidetes; c__Bacteroidetes_[C-1]; o__Bacteroidetes_[O-1]; f__Bacteroidetes_[F-1]; g__Bacteroidetes_[G-3]; s__sp._oral_taxon_365	0.9994435242659252
0314eec3c9717ffd110562078786d90e	k__Bacteria; p__Firmicutes; c__Bacilli; o__Lactobacillales; f__Streptococcaceae; g__Streptococcus	0.9845195843241733
8959eb9010ecfff6521c73a144dd3566	k__Bacteria; p__Bacteroidetes; c__Bacteroidetes_[C-1]; o__Bacteroidetes_[O-1]; f__Bacteroidetes_[F-1]; g__Bacteroidetes_[G-3]; s__sp._oral_taxon_503	0.9999999999982094
65a89c47dfd771ee1b608886c67ae435	k__Bacteria; p__Proteobacteria; c__Gammaproteobacteria; o__Pasteurellales; f__Pasteurellaceae; g__Actinobacillus; s__porcinus	0.751218890309019
c9b7e78b756d38bcbf098dcc4616513b	k__Bacteria; p__Fusobacteria; c__Fusobacteriia; o__Fusobacteriales; f__Fusobacteriaceae; g__Fusobacterium	0.7831104231073303
b76b6b4c3ea8d5ce32b5214408e35a88	k__Bacteria; p__Bacteroidetes; c__Bacteroidia; o__Bacteroidales; f__Prevotellaceae; g__Prevotella	0.9999993704888537
ffb13fa4671d2fd5d1732db8c72c8e21	k__Bacteria; p__Proteobacteria; c__Epsilonproteobacteria; o__Campylobacterales; f__Campylobacteraceae; g__Campylobacter; s__gracilis	0.9920513052858329
c01725d4e8e3bc4f1039c07fe6988d19	k__Bacteria; p__Firmicutes; c__Bacilli; o__Lactobacillales; f__Lactobacillaceae; g__Lactobacillus	0.996521574527476
c7c48e1af01be70514de1e81034a1a76	k__Bacteria; p__Firmicutes; c__Bacilli; o__Lactobacillales; f__Streptococcaceae; g__Streptococcus	0.9999998271647553
359846670be6900652a7e29c04fbeb03	k__Bacteria; p__Bacteroidetes; c__Bacteroidia; o__Bacteroidales; f__Prevotellaceae; g__Alloprevotella; s__sp._oral_taxon_473	0.9999550720683807
fe17d21ff4096c6d56048e2f8ad1d538	k__Bacteria; p__Firmicutes	0.9999995311168705
e86426f62bbe9b6f9a3f1f1641046737	k__Bacteria; p__Bacteroidetes; c__Bacteroidia; o__Bacteroidales; f__Prevotellaceae; g__Prevotella; s__saccharolytica	0.9999999723179517
4b40e6d9a211fb598167d0f703280eb7	k__Bacteria; p__SR1; c__SR1_[C-1]; o__SR1_[O-1]; f__SR1_[F-1]; g__SR1_[G-1]; s__sp._oral_taxon_875	0.9748225495365543
82db7d456cd4f50bdc86eb80a1548273	k__Bacteria; p__Firmicutes; c__Bacilli; o__Lactobacillales; f__Carnobacteriaceae	0.7304917811294942
983265ccc9daf30b1509dfc6a0a72726	k__Bacteria; p__Bacteroidetes; c__Bacteroidia; o__Bacteroidales; f__[Barnesiellaceae]; g__; s__	0.9999923896132376
2dffa3224278bda39bc64f94ab0f5eec	k__Bacteria; p__Bacteroidetes; c__Bacteroidia; o__Bacteroidales; f__Prevotellaceae; g__Alloprevotella; s__sp._oral_taxon_308	0.8646732564459023
be215d2ad7cb3a928556e6c07dd562bc	k__Bacteria; p__Firmicutes; c__Bacilli; o__Lactobacillales; f__Streptococcaceae; g__Streptococcus	0.9997584790588091
21e3f17048f41e5ca768f93f49d36ec5	k__Bacteria; p__Firmicutes; c__Bacilli; o__Lactobacillales	0.8996687685586074
79fd70e15ddc4fd39192f9fe4b9cf584	k__Bacteria; p__Proteobacteria; c__Betaproteobacteria; o__Burkholderiales; f__Comamonadaceae; g__Ottowia; s__sp._oral_taxon_894	0.9999219113772226
7b96edfa9817a665c31bcd722313498d	k__Bacteria; p__Bacteroidetes; c__Bacteroidia; o__Bacteroidales; f__Prevotellaceae; g__Prevotella; s__pallens	0.983223802429859
b69fd270738b19a6cafee00133f7f181	k__Bacteria; p__Spirochaetes; c__Spirochaetia; o__Spirochaetales; f__Spirochaetaceae; g__Treponema; s__sp._oral_taxon_231	0.9408231321603815
ac3c9b61a64700db5ac4c4ea78c48290	k__Bacteria; p__Actinobacteria; c__Actinobacteria; o__Actinomycetales; f__Actinomycetaceae; g__Mobiluncus	0.9999994068769708
5c95548c776c2af985405de43cc141f2	k__Bacteria; p__Firmicutes; c__Bacilli; o__Lactobacillales; f__Aerococcaceae	0.7028766110650588
03857939baa7cb151d830c9b259b2fa8	k__Bacteria; p__Fusobacteria; c__Fusobacteriia; o__Fusobacteriales; f__Leptotrichiaceae; g__; s__	0.9999024851471617
8f96df8f9a97d119463253f9c2080ca2	k__Bacteria; p__Bacteroidetes; c__Bacteroidia; o__Bacteroidales; f__Prevotellaceae; g__Prevotella; s__sp._oral_taxon_301	0.9967655276793862
369baafd9255ea832947f3af73f4df8f	k__Bacteria; p__Bacteroidetes; c__Bacteroidia; o__Bacteroidales; f__Prevotellaceae; g__Prevotella; s__sp._oral_taxon_472	0.8569527200953506
7c177c36da374df70d35cbf3f5238f5c	k__Bacteria; p__Bacteroidetes; c__Bacteroidia; o__Bacteroidales; f__Prevotellaceae; g__Prevotella; s__denticola	0.9359967689316142
dbe6356a8fe2df4dc9bd0b36a5e0041d	k__Bacteria; p__Firmicutes; c__Clostridia; o__Clostridiales	0.9996461557780123
980b073d811d333469eb70c26f5634be	k__Bacteria; p__Bacteroidetes; c__Bacteroidia; o__Bacteroidales; f__Porphyromonadaceae; g__Porphyromonas; s__endodontalis	0.9090049239347623
eef1b730dc3261db99279f72aca4418a	k__Bacteria; p__Firmicutes; c__Bacilli; o__Lactobacillales; f__Streptococcaceae; g__Streptococcus	0.9999992350279416
e033fe6c6c6ef90e0727d0cc54aa31ae	k__Bacteria; p__Bacteroidetes; c__Bacteroidia; o__Bacteroidales; f__Prevotellaceae; g__Prevotella	0.9999999999327194
339ce7aea39ed1c3244cf328bd1c9f02	k__Bacteria; p__Firmicutes; c__Negativicutes; o__Selenomonadales; f__Veillonellaceae; g__Selenomonas; s__sputigena	0.925843271063893
c25db256f7a9ca7d254d8cb60443d0c9	k__Bacteria; p__Firmicutes; c__Clostridia; o__Clostridiales; f__Peptostreptococcaceae_[XI]; g__Peptostreptococcaceae_[XI][G-7]; s__[Eubacterium]_yurii_subsps._yurii_&_margaretiae	0.9131361983333567
50da7f65f35347d94c6b48f7a6eb8cb7	k__Bacteria; p__Bacteroidetes; c__Bacteroidia; o__Bacteroidales; f__Prevotellaceae; g__Alloprevotella	0.9238584350107115
ef4f3e66b8ce208ec9089527db030338	k__Bacteria; p__Firmicutes; c__Erysipelotrichia; o__Erysipelotrichales; f__Erysipelotrichaceae; g__Eggerthia; s__catenaformis	0.8936342266021021
95094b0175a331860bb3a570ddaa98d9	k__Bacteria; p__Firmicutes; c__Clostridia; o__Clostridiales; f__Lachnospiraceae_[XIV]; g__Butyrivibrio; s__sp._oral_taxon_455	0.7306312840132037
c78c05c00ee140fa13ae871bd0fc6b70	k__Bacteria; p__Firmicutes; c__Bacilli; o__Lactobacillales; f__Streptococcaceae; g__Streptococcus	0.9999995367282672
5bb4cbfe5f30355c613dd0d36d9e3fe1	k__Bacteria; p__Actinobacteria; c__Actinobacteria; o__Bifidobacteriales; f__Bifidobacteriaceae; g__Scardovia; s__wiggsiae	0.9999738501830385
4699958dca617bdfd2de0af5428b9609	k__Bacteria; p__Firmicutes; c__Erysipelotrichia; o__Erysipelotrichales; f__Erysipelotrichaceae; g__Erysipelotrichaceae_[G-1]; s__sp._oral_taxon_904	0.9895627674872176
9487137f91da13449a87b3b3c7906f0c	k__Bacteria; p__Firmicutes; c__Clostridia; o__Clostridiales; f__; g__; s__	0.9912203911614199
a73c7066b0f5727dd2467dd185626c16	k__Bacteria; p__Firmicutes; c__Clostridia; o__Clostridiales; f__Lachnospiraceae; g__Coprococcus; s__catus	0.999763359553427
6ab39746978fe26d487a2f541987107e	k__Bacteria; p__Actinobacteria; c__Coriobacteriia; o__Coriobacteriales; f__Coriobacteriaceae; g__; s__	0.8884270129018088
fbff18756491ce11d5208a0f87c7a7e8	k__Bacteria; p__Firmicutes; c__Bacilli; o__Lactobacillales; f__Streptococcaceae; g__Streptococcus	0.9923285201252674
33cbaf2543f60a5a0e3c7cffcf415b8f	k__Bacteria; p__Bacteroidetes; c__Bacteroidia; o__Bacteroidales; f__Prevotellaceae; g__Prevotella	0.9999997984036286
c872ac1d70d6f3cdf2d9a08416f0fba5	k__Bacteria; p__Bacteroidetes; c__Bacteroidia; o__Bacteroidales; f__Prevotellaceae; g__Prevotella; s__micans	0.9999999791801601
05630d0084b5b0287ca51b63770191d4	k__Bacteria; p__Actinobacteria; c__Actinobacteria; o__Actinomycetales; f__Actinomycetaceae; g__Actinomyces	0.9999265352109987
643447ed37e2cf538af640d1e3827b0d	k__Bacteria	0.9655194191062303
56445799eae76a3c255b87542c461fe5	k__Bacteria; p__Firmicutes; c__Clostridia; o__Clostridiales; f__Lachnospiraceae_[XIV]; g__Lachnospiraceae_[G-8]; s__sp._oral_taxon_500	0.9999999773753532
aaa556fec2ed57ab1411662fc93468b8	k__Bacteria	1.0000000000000062
10024ba402105dfe81a355827b314263	k__Bacteria; p__Verrucomicrobia; c__Opitutae; o__Opitutales; f__Opitutaceae; g__Opitutus; s__	0.999999486694595
56e8102f66a163848358cfe660395109	k__Bacteria; p__Firmicutes; c__Clostridia; o__Clostridiales; f__[Tissierellaceae]; g__WAL_1855D; s__	0.980082340066041
fd7f5cdd241dc8ffb0a9d2811b41c925	k__Bacteria; p__Bacteroidetes; c__Bacteroidia; o__Bacteroidales; f__Porphyromonadaceae; g__Porphyromonas; s__	0.9491781914287334
a3ccd8e4be960442ff72fe09d500332b	k__Bacteria; p__Firmicutes; c__Bacilli; o__Lactobacillales	0.836857625398531
6d2db75ebd109a9e98737300cbedc056	k__Bacteria; p__Firmicutes; c__Clostridia; o__Clostridiales; f__Lachnospiraceae_[XIV]; g__Lachnoanaerobaculum; s__saburreum	0.8283644228383252
092cf2891191b7e18e193f3a620c7766	k__Bacteria; p__Bacteroidetes; c__Flavobacteriia; o__Flavobacteriales; f__Flavobacteriaceae; g__Capnocytophaga; s__sp._oral_taxon_338	0.9996128289657621
eb04d173901045212014790cd5010c96	k__Bacteria; p__Firmicutes; c__Clostridia; o__Clostridiales	0.9999999999999603
194d2c35568aa480e2959642838a54b4	k__Bacteria; p__Spirochaetes; c__Spirochaetia; o__Spirochaetales; f__Spirochaetaceae; g__Treponema; s__sp._oral_taxon_270	0.9981035291946005
6d8b4f61207329f823c3fbfcda442388	k__Bacteria; p__Bacteroidetes; c__Bacteroidetes_[C-1]; o__Bacteroidetes_[O-1]; f__Bacteroidetes_[F-1]; g__Bacteroidetes_[G-3]; s__sp._oral_taxon_280	0.9999999961448651
379ea7f11e10c70c0e850d73f481885c	k__Bacteria; p__Firmicutes; c__Bacilli; o__Lactobacillales; f__Streptococcaceae; g__Streptococcus	0.9999982966119771
ff1b24d972b12ab8afe15816181cff8a	k__Bacteria; p__Actinobacteria; c__Actinobacteria; o__Actinomycetales; f__Actinomycetaceae; g__Actinomyces	0.8683676899515348
ffa1ec61ad4b8f2dfef82db709e4c9e8	k__Bacteria; p__Actinobacteria; c__Actinobacteria; o__Actinomycetales; f__Micrococcaceae; g__Rothia; s__	0.993001366151806
e00b30b471f418f9191aeea0b750ac7f	k__Bacteria; p__Firmicutes; c__Negativicutes; o__Selenomonadales; f__Veillonellaceae; g__Veillonella; s__denticariosi	0.8474747196527275
c0ea4158058e5cb69c45f0768997bc53	k__Bacteria; p__Firmicutes	0.9999999914585538
5e23d5f29d76eaf5c33ccd2c97960a74	k__Bacteria; p__Fusobacteria; c__Fusobacteriia; o__Fusobacteriales; f__Fusobacteriaceae; g__Fusobacterium	0.9809312968523894
6c0d51e66809e47caae0b8fd117dd14e	k__Bacteria; p__Fusobacteria; c__Fusobacteriia; o__Fusobacteriales; f__Leptotrichiaceae; g__Leptotrichia; s__goodfellowii	0.9989914254414729
6b2cbf09205673da2f20323999dbadf6	k__Bacteria; p__Proteobacteria; c__Betaproteobacteria; o__Neisseriales; f__Neisseriaceae; g__Neisseria	0.9976874240591023
2f63a3dc100b0bdeb1d06aa4b3c1b3c1	k__Bacteria; p__Proteobacteria; c__Betaproteobacteria; o__Burkholderiales; f__Comamonadaceae; g__Ottowia; s__sp._oral_taxon_894	0.9996305089434421
6d3496ba8c22e8be17a7488319c2b487	k__Bacteria; p__Proteobacteria; c__Betaproteobacteria; o__Burkholderiales; f__Comamonadaceae	0.9961807310032758
53c7e3d3424581e94dfe8693dfcf5501	k__Bacteria; p__Firmicutes; c__Clostridia; o__Clostridiales; f__Ruminococcaceae; g__Ruminococcaceae_[G-1]; s__sp._oral_taxon_075	0.9999993230129309
df48e27bfcdc549253ec8d43d5a7b12c	k__Bacteria; p__Bacteroidetes; c__Flavobacteriia; o__Flavobacteriales; f__Flavobacteriaceae; g__Bergeyella; s__sp._oral_taxon_900	0.9710129934076971
1d161ecdcfe4fdd310537815aa853585	k__Bacteria; p__Bacteroidetes; c__Flavobacteriia; o__Flavobacteriales; f__Flavobacteriaceae; g__Flavobacterium; s__succinicans	0.8693419572228864
db3395fed0405fdddfddcc8624dc5fb9	k__Bacteria; p__Firmicutes; c__Clostridia; o__Clostridiales; f__Lachnospiraceae_[XIV]; g__Stomatobaculum; s__sp._oral_taxon_910	0.8349754338991875
e31538f06cf9fce404fad1c06f9a6bea	k__Bacteria; p__Firmicutes; c__Negativicutes; o__Selenomonadales; f__Veillonellaceae; g__Veillonella	0.9681393843834316
ef640fa9fc6612e9e32d0ae2791e1fc7	k__Bacteria; p__Bacteroidetes; c__Bacteroidia; o__Bacteroidales; f__Prevotellaceae; g__Alloprevotella; s__sp._oral_taxon_914	0.8637896606372365
02c2f14d0f4f499d350763729810fe4b	k__Bacteria; p__Bacteroidetes; c__Bacteroidia; o__Bacteroidales; f__Prevotellaceae; g__Prevotella	0.9999999597432527
eab246ceebb9e9088bbb150984be743d	k__Bacteria; p__Firmicutes; c__Mollicutes; o__Mycoplasmatales; f__Mycoplasmataceae; g__Mycoplasma; s__salivarium	0.9651547356265037
fedbbfd3430d975c7f1174a5e078835a	k__Bacteria; p__Firmicutes; c__Bacilli; o__Bacillales	0.9130933437126932
c089cad6b65adfc638bf6a0e5440d795	k__Bacteria; p__Firmicutes; c__Clostridia; o__Clostridiales; f__Peptostreptococcaceae_[XI]; g__Peptostreptococcaceae_[XI][G-9]; s__[Eubacterium]_brachy	0.9999991581419172
5ddd82ee8191ef816e32ee435fc2daf9	k__Bacteria; p__Chloroflexi; c__Anaerolineae; o__Anaerolineales; f__Anaerolinaceae; g__Anaerolinea; s__	0.9999999423130833
37e66f98f00870738d13155706f5d379	k__Bacteria; p__Spirochaetes; c__Spirochaetes; o__Spirochaetales; f__Spirochaetaceae; g__Treponema; s__	0.9999969981363116
0f882fbfe2c69a009ee873c9de5fa2f7	k__Bacteria; p__Bacteroidetes; c__Bacteroidia; o__Bacteroidales; f__Prevotellaceae; g__Prevotella; s__marshii	0.9999999904096768
4bdb1b3242c3a8b90697a4e78e6a4731	k__Bacteria; p__Firmicutes; c__Clostridia; o__Clostridiales	0.9987912169753076
bf1e710ec3e119def976518087711bbc	k__Bacteria; p__Actinobacteria; c__Actinobacteria; o__Actinomycetales; f__Actinomycetaceae; g__Actinomyces	0.9999998179926827
03daa554e432e4c805940beb15b7d20c	k__Bacteria; p__Proteobacteria; c__Epsilonproteobacteria; o__Campylobacterales; f__Campylobacteraceae; g__Campylobacter; s__sp._oral_taxon_044	0.9996390299733621
23394ba5b58c7abe031f538e566bc2ce	k__Bacteria; p__Firmicutes; c__Bacilli; o__Bacillales	0.9967197066650557
ecb52da25d02927e105395eb9b3b08d3	k__Bacteria; p__Bacteroidetes; c__Bacteroidia; o__Bacteroidales; f__Prevotellaceae; g__Prevotella; s__nanceiensis	0.8165568359976518
34a7fba925e2c3d7a734f7b818ec66e5	k__Bacteria; p__Fusobacteria; c__Fusobacteriia; o__Fusobacteriales; f__Fusobacteriaceae; g__Fusobacterium	0.9504196484936154
7ccdcfd8fee57221d9e235b0e080c12b	k__Bacteria; p__Firmicutes; c__Clostridia; o__Clostridiales	0.999718070372455
a525e08a8ff6b0bdcbf7e3c1a1c5e57c	k__Bacteria; p__Fusobacteria; c__Fusobacteriia; o__Fusobacteriales; f__Fusobacteriaceae; g__Fusobacterium	0.8858290021368626
47e4e369d4826f9097def90230c3076c	k__Bacteria; p__Firmicutes	0.9999999554740587
76108a0c42e27c0446458e6925de7aef	k__Bacteria; p__Actinobacteria; c__Actinobacteria; o__Actinomycetales; f__Actinomycetaceae; g__Actinomyces	0.9999990446269845
d8adc6b1d0ff151a67fbded0831838f1	k__Bacteria; p__Firmicutes; c__Clostridia; o__Clostridiales; f__Lachnospiraceae_[XIV]; g__Lachnospiraceae_[G-2]; s__sp._oral_taxon_096	0.9996784570440087
4220e34edb603bdb5447ca8e2b816683	k__Bacteria; p__Spirochaetes; c__Spirochaetia; o__Spirochaetales; f__Spirochaetaceae; g__Treponema; s__sp._oral_taxon_490	0.9996886041953652
5768cf501e9a86193e0027185295cf15	k__Bacteria; p__Firmicutes; c__Negativicutes; o__Selenomonadales; f__Veillonellaceae; g__Veillonella	0.9126273317291952
72a5ad0e66d80c4a9aba263f0d536a1c	k__Bacteria; p__Firmicutes; c__Clostridia; o__Clostridiales; f__Peptostreptococcaceae_[XI]; g__Peptostreptococcaceae_[XI][G-1]; s__[Eubacterium]_infirmum	0.8633869565794365
7c1ed23457ac7b6524bf4db795a5626e	k__Bacteria; p__Firmicutes	0.999999999992465
30e7b00d9347a3a2b9e8c54b00c030c1	k__Bacteria; p__Firmicutes; c__Clostridia; o__Clostridiales; f__Lachnospiraceae_[XIV]; g__Stomatobaculum	0.9348467708159574
53092e24ed64516e722e67b90c249a28	k__Bacteria; p__Fusobacteria; c__Fusobacteriia; o__Fusobacteriales; f__Leptotrichiaceae; g__Leptotrichia; s__sp._oral_taxon_392	0.9567483921259184
0a21b0b4b9ab212f100db7bb42c92490	k__Bacteria; p__Proteobacteria; c__Gammaproteobacteria; o__Pasteurellales; f__Pasteurellaceae; g__Haemophilus	0.9261879090944583
25f391cc03c0eb1fb9d47bab6aa22bb6	k__Bacteria; p__Fusobacteria; c__Fusobacteriia; o__Fusobacteriales; f__Fusobacteriaceae; g__Fusobacterium	0.9870344544893134
ad2e98da06474ec5223933f07a8e41d5	k__Bacteria; p__Spirochaetes; c__Spirochaetia; o__Spirochaetales; f__Spirochaetaceae; g__Treponema; s__lecithinolyticum	0.9996604457903863
6327da87ebdc4ecb61086f15613880f8	k__Bacteria; p__Proteobacteria	0.998317359271424
3603841c24b12665950f91b2319769fd	k__Bacteria; p__Firmicutes; c__Bacilli; o__Lactobacillales; f__Streptococcaceae; g__Streptococcus	0.9999847057604184
54951c875a3b36dfc900b71df5f1ee6c	k__Bacteria; p__Bacteroidetes; c__Bacteroidia; o__Bacteroidales; f__Prevotellaceae; g__Prevotella; s__nanceiensis	0.9909742920890601
a3b09657e884dae837c5ddb914dc9fa4	k__Bacteria; p__Proteobacteria; c__Gammaproteobacteria; o__Pasteurellales; f__Pasteurellaceae	0.9999967663288022
cc6b729464601c52b6742596477a645a	k__Bacteria; p__Fusobacteria; c__Fusobacteriia; o__Fusobacteriales; f__Fusobacteriaceae; g__Fusobacterium	0.8280273885088784
cb193020a3f66500a0b8450bcea11460	k__Bacteria; p__Bacteroidetes; c__Bacteroidia; o__Bacteroidales; f__Prevotellaceae; g__Prevotella	0.9883164378393992
c6f1db4beb77ea1a36f5b5b384439382	k__Bacteria; p__Firmicutes; c__Bacilli; o__Lactobacillales	0.9752067116564398
9fdfe72d8390d53a5aff650229a4f270	k__Bacteria; p__Proteobacteria; c__Gammaproteobacteria; o__Pasteurellales; f__Pasteurellaceae; g__Haemophilus	0.9290893244696911
a2d900f64dd9892ed6f3df7926a96105	k__Bacteria; p__Proteobacteria; c__Gammaproteobacteria; o__Pasteurellales; f__Pasteurellaceae; g__Haemophilus	0.8472143702622197
2e567ba9f6310875bdd3bd00e5958b63	k__Bacteria; p__Bacteroidetes; c__Bacteroidia; o__Bacteroidales; f__Porphyromonadaceae; g__Tannerella	0.999933134110666
6b9b3ff7efaeb661f6ce05a20d338eff	k__Bacteria; p__Proteobacteria; c__Gammaproteobacteria; o__Pasteurellales; f__Pasteurellaceae; g__Haemophilus	0.9093832230526488
a73c8a5e946468f9ffbe2904d3f1b125	k__Bacteria; p__Firmicutes; c__Bacilli; o__Lactobacillales; f__Streptococcaceae; g__Streptococcus	0.9999996236266351
98f81bfc26db8951ee26a75e0eaa8d3c	k__Bacteria; p__Fusobacteria	0.7825064983026438
dd2bba744f1016a3e9a33cb28fc13b2c	k__Bacteria; p__Fusobacteria; c__Fusobacteriia; o__Fusobacteriales; f__Fusobacteriaceae; g__Fusobacterium	0.996996224780201
a245f48735526b1103199ca16823f22e	k__Bacteria; p__Proteobacteria; c__Betaproteobacteria; o__Neisseriales; f__Neisseriaceae; g__Neisseria	0.9792858486322682
03f8e4bf694a714f5f793d188f6bf81f	k__Bacteria; p__Bacteroidetes; c__Bacteroidia; o__Bacteroidales; f__Prevotellaceae	0.837258148070361
f04949f80547f57e11050656a42f6f91	k__Bacteria	0.9999998941729853
30274792079fdab4eb444490141af5e6	k__Bacteria; p__Firmicutes; c__Clostridia; o__Clostridiales	0.9999999996061415
a77a81b5bc9dd5e8fe14aeb189db2acd	k__Bacteria; p__Bacteroidetes; c__Bacteroidia; o__Bacteroidales; f__Bacteroidales_[F-2]; g__Bacteroidales_[G-2]; s__sp._oral_taxon_274	0.9999998432536453
366fff70cc32a8f2607e5101b8d0df29	k__Bacteria; p__Bacteroidetes; c__Bacteroidia; o__Bacteroidales; f__Porphyromonadaceae; g__Tannerella; s__forsythia	0.9789064692773225
5b8a541630b69fa3aa650207cc4b3d15	k__Bacteria; p__Firmicutes; c__Negativicutes; o__Selenomonadales; f__Veillonellaceae; g__Selenomonas	0.8978640829222396
0fdcc6d62a3afdbe55f2383a20e70878	k__Bacteria; p__Proteobacteria; c__Betaproteobacteria; o__Neisseriales; f__Neisseriaceae; g__Neisseria	0.9292646380588965
692ad1e9feb8bb4b4456f8e0264f7ec8	k__Bacteria; p__Bacteroidetes; c__Bacteroidia; o__Bacteroidales; f__Prevotellaceae; g__Prevotella; s__nanceiensis	0.8064442364926306
6eb9bbd4d8e2ad01f1d57fd37dc64ed0	k__Bacteria; p__Actinobacteria; c__Actinobacteria; o__Actinomycetales; f__Micrococcaceae; g__Rothia	0.9476658152390107
7213c00fa57bc5b83f9dc3ff91c6c919	k__Bacteria; p__Proteobacteria	0.9789111834258785
e5581b8e6d4dac47126f46d0e6571252	k__Bacteria; p__Bacteroidetes; c__Bacteroidia; o__Bacteroidales; f__Porphyromonadaceae; g__Porphyromonas	0.9999992255494891
474d178a12c313991e335f5e2ceaed1a	k__Bacteria; p__TM7; c__TM7-3; o__CW040; f__F16; g__; s__	0.9116850826401902
c91eb1d94a606ffee962dab1c87250d0	k__Bacteria; p__Proteobacteria; c__Gammaproteobacteria; o__Pasteurellales; f__Pasteurellaceae	0.9999917833103832
c9a370f7d58c61b753e80f507b5b7c30	k__Bacteria; p__Bacteroidetes; c__Bacteroidia; o__Bacteroidales; f__Prevotellaceae; g__Alloprevotella; s__sp._oral_taxon_914	0.8927192265210812
0dfce53c9edfb54fab1833d323f9af91	k__Bacteria; p__Bacteroidetes; c__Bacteroidia; o__Bacteroidales; f__Prevotellaceae; g__Prevotella; s__salivae	0.9981959873349749
77977f07cec6f48f139fdd78588775d8	k__Bacteria; p__Actinobacteria; c__Actinobacteria; o__Corynebacteriales; f__Corynebacteriaceae; g__Corynebacterium; s__matruchotii	0.9499808667726398
e4b8680da07332c55a527fd83e8b84af	k__Bacteria; p__Actinobacteria; c__Coriobacteriia; o__Coriobacteriales; f__Coriobacteriaceae; g__Atopobium; s__	0.8410064308151614
8c138b71801a1e7e6a1e4c4df4b2131c	k__Bacteria; p__Bacteroidetes; c__Bacteroidetes_[C-1]; o__Bacteroidetes_[O-1]; f__Bacteroidetes_[F-1]; g__Bacteroidetes_[G-5]; s__sp._oral_taxon_505	0.9936738928429196
dee83c9dc960982b5397ccd636d0e9df	k__Bacteria; p__Proteobacteria; c__Gammaproteobacteria; o__Pasteurellales; f__Pasteurellaceae; g__Haemophilus	0.8896597509733566
3ba8b428c963782366a36431e3fafc64	k__Bacteria; p__Firmicutes; c__Bacilli; o__Lactobacillales; f__Streptococcaceae; g__Streptococcus	0.9999987344411667
65a8937c5fb0ebe1ef82459a2ccbafec	k__Bacteria; p__Actinobacteria; c__Actinobacteria; o__Actinomycetales; f__Actinomycetaceae; g__Actinomyces	0.9999999545024514
3b7fe7258a03698050d4d8fda093e240	k__Bacteria; p__Firmicutes; c__Clostridia; o__Clostridiales	0.9939663704119743
fb20932d09caba7fcce3b4d9c4c78c01	k__Bacteria; p__Saccharibacteria_(TM7); c__TM7_[C-1]; o__TM7_[O-1]; f__TM7_[F-1]; g__TM7_[G-4]; s__sp._oral_taxon_355	0.9998913232671752
c14f576158554aa7e9be02bc0bf7673c	k__Bacteria; p__Firmicutes; c__Bacilli; o__Lactobacillales; f__Enterococcaceae	0.7125896671364484
711d052ecae965a8952c587695bb27dc	k__Bacteria; p__Actinobacteria; c__Actinobacteria; o__Bifidobacteriales; f__Bifidobacteriaceae; g__Scardovia; s__wiggsiae	0.9998485961528185
5054168707d7982511a48688f9bb1c26	k__Bacteria; p__Firmicutes	0.9965627882121453
0878978f57a9360563d874785f66ac09	k__Bacteria; p__Bacteroidetes; c__Bacteroidia; o__Bacteroidales; f__Prevotellaceae; g__Alloprevotella	0.9999630632293718
7ba92281bfb3cf0f9584d4a0a377d81b	k__Bacteria; p__Proteobacteria; c__Epsilonproteobacteria; o__Campylobacterales; f__Campylobacteraceae; g__Campylobacter; s__showae	0.7810893520502682
fea8a78644806ff7923d3f811c1f7d8b	k__Bacteria; p__Firmicutes; c__Bacilli; o__Lactobacillales; f__Streptococcaceae; g__Streptococcus	0.9999999307698545
1e5b19b231f2bc39a5f4e266f3f1588a	k__Bacteria; p__Bacteroidetes; c__Bacteroidia; o__Bacteroidales; f__Prevotellaceae; g__Prevotella	0.999995733293978
a45d8d166b2cd572d8d5a51b95b8d3fc	k__Bacteria; p__Proteobacteria; c__Betaproteobacteria; o__Neisseriales; f__Neisseriaceae; g__Neisseria	0.9734501285146665
01ddc005fa26bafe03660eeb7f365c86	k__Bacteria; p__Proteobacteria; c__Gammaproteobacteria; o__Pasteurellales; f__Pasteurellaceae	0.9999980357737224
1b0e1468395b5fd898483aed883e99bf	k__Bacteria; p__Proteobacteria; c__Gammaproteobacteria; o__Pasteurellales; f__Pasteurellaceae; g__Haemophilus	0.9169908730564116
5737f228230168ff6688731e89aa1d76	k__Bacteria; p__Fusobacteria; c__Fusobacteriia; o__Fusobacteriales; f__Fusobacteriaceae; g__Fusobacterium	0.9806935489197594
8a6dcec2ce8c6706543adfda1424bed5	k__Bacteria; p__Spirochaetes; c__Spirochaetia; o__Spirochaetales; f__Spirochaetaceae; g__Treponema	0.9771596645125329
8708d508750822c2d20f015b06d43784	k__Bacteria; p__Fusobacteria; c__Fusobacteriia; o__Fusobacteriales; f__Fusobacteriaceae; g__Fusobacterium	0.9631599678598215
e508acd5446bf0494844e2745f594207	k__Bacteria; p__Proteobacteria; c__Gammaproteobacteria; o__Pasteurellales; f__Pasteurellaceae	0.9999984041949408
d3ad2c60d20770d309fdd3e26e9f622e	k__Bacteria; p__Firmicutes; c__Bacilli; o__Lactobacillales; f__Streptococcaceae; g__Streptococcus	0.9999974376545531
7aed134783331ce1d4b7aa28e8bbfc75	k__Bacteria; p__Spirochaetes	0.9999999998895466
b8553fcf19f9252b81609d992fdde019	k__Bacteria; p__Actinobacteria; c__Actinobacteria; o__Actinomycetales; f__Actinomycetaceae; g__Actinomyces	0.9999990063728801
3e1a886457a31a932779728433505ca6	k__Bacteria; p__Fusobacteria; c__Fusobacteriia; o__Fusobacteriales; f__Leptotrichiaceae; g__Leptotrichia; s__sp._oral_taxon_221	0.9999968395404215
313476ac6e2aef8d6ed79871bc2550b3	k__Bacteria; p__Firmicutes; c__Bacilli; o__Lactobacillales; f__Streptococcaceae; g__Streptococcus	0.9998165889729115
a74881f90e2a3ef641015d760e0579f6	k__Bacteria; p__Firmicutes	0.9573125011179126
84e69788bc47c26e4e00d702aac754d6	k__Bacteria; p__Bacteroidetes; c__Bacteroidetes_[C-1]; o__Bacteroidetes_[O-1]; f__Bacteroidetes_[F-1]; g__Bacteroidetes_[G-5]; s__sp._oral_taxon_505	0.9673921695587184
7bd51421debbe77ee937b2ec3e3c3cb0	k__Bacteria; p__Bacteroidetes; c__Bacteroidia; o__Bacteroidales; f__Prevotellaceae; g__Prevotella	0.9997490977059578
86cf80b3f48a0cdb7bf015be5891fedb	k__Bacteria; p__Saccharibacteria_(TM7); c__TM7_[C-1]; o__TM7_[O-1]; f__TM7_[F-1]; g__TM7_[G-1]; s__sp._oral_taxon_352	0.9930578181698955
8c9d141f16b44f4387b4124d1237d257	k__Bacteria; p__Bacteroidetes; c__Flavobacteriia; o__Flavobacteriales; f__Flavobacteriaceae; g__Flavobacterium; s__	0.8549658260216787
f58a537fc64f3a50ff5d24a364f49456	k__Bacteria; p__Bacteroidetes; c__Bacteroidia; o__Bacteroidales; f__Prevotellaceae; g__Prevotella	0.9999999994105212
d82a78b20c8ed6c7664a3eb89f87fe50	k__Bacteria; p__Proteobacteria; c__Gammaproteobacteria; o__Xanthomonadales; f__Xanthomonadaceae	0.9049209554564671
411ab47487c5a6e8e2b6ddcebf45741b	k__Bacteria; p__Bacteroidetes; c__Flavobacteriia; o__Flavobacteriales	0.999984138116166
a286e64e0e348365f5efdab9dee4916d	k__Bacteria; p__Firmicutes; c__Clostridia; o__Clostridiales; f__Lachnospiraceae_[XIV]; g__Lachnospiraceae_[G-3]; s__sp._oral_taxon_100	0.9992042112407423
82f4790a0452ff7fada28f6e5dae4f88	k__Bacteria; p__Proteobacteria; c__Betaproteobacteria; o__Burkholderiales; f__Comamonadaceae	0.9978745120553575
ec59e05aa5281fd0c92bd7ff6e43d4a7	k__Bacteria; p__Firmicutes; c__Clostridia; o__Clostridiales; f__Ruminococcaceae; g__Ruminococcaceae_[G-2]; s__sp._oral_taxon_085	0.9999999990271391
4023a570ea38afd0ba8b5e4363a1db5e	k__Bacteria	0.9878952874821677
3b7a4c6dd064f680b7791ae1becc5efb	k__Bacteria; p__Proteobacteria; c__Betaproteobacteria; o__Neisseriales; f__Neisseriaceae; g__Neisseria	0.9989280971907591
eb2c5a1abd536aa784e6488af2d84fee	k__Bacteria; p__Bacteroidetes; c__Flavobacteriia; o__Flavobacteriales; f__Flavobacteriaceae; g__Capnocytophaga; s__leadbetteri	0.8673345949859784
f513cc3f9d3047c816c7ed8528b4d086	k__Bacteria; p__Proteobacteria; c__Gammaproteobacteria; o__Pseudomonadales; f__Moraxellaceae; g__Psychrobacter; s__	0.9892924050313883
5d15826d525bbfc2b6a6d29cb644372d	k__Bacteria; p__Firmicutes; c__Clostridia; o__Clostridiales; f__Peptostreptococcaceae_[XI]; g__Peptostreptococcaceae_[XI][G-1]; s__[Eubacterium]_infirmum	0.8587006016167187
e1144bc808a047db06cd3ebdadd28ccb	k__Bacteria; p__Fusobacteria; c__Fusobacteriia; o__Fusobacteriales; f__Leptotrichiaceae; g__Leptotrichia; s__sp._oral_taxon_221	0.9999946188270717
d161449dc05c876f3ba0a63c01eb6b53	k__Bacteria; p__Firmicutes; c__Clostridia; o__Clostridiales; f__Lachnospiraceae_[XIV]; g__Lachnospiraceae_[G-3]; s__sp._oral_taxon_100	0.9998492756738336
af0582d1aa28da197020886ae1c1edad	k__Bacteria; p__Fusobacteria; c__Fusobacteriia; o__Fusobacteriales; f__Fusobacteriaceae; g__Fusobacterium	0.9917121840744707
b9aec69a1bc6b9f23fc7da62b84bc9b9	k__Bacteria; p__Bacteroidetes; c__Bacteroidia; o__Bacteroidales; f__Prevotellaceae; g__Prevotella	0.9999998990095763
7cea741dcbae93af7947081d7c958c64	k__Bacteria; p__Fusobacteria	0.9900435540025315
326d52ec7f4f4490240fac29dd12333d	k__Bacteria; p__Bacteroidetes; c__Cytophagia; o__Cytophagales; f__Cyclobacteriaceae	0.9999999460518126
81469d1564c57cf876e0f0fcd0663c95	k__Bacteria; p__Bacteroidetes; c__Bacteroidia; o__Bacteroidales; f__Prevotellaceae; g__Prevotella; s__sp._oral_taxon_396	0.9443770927616305
136e20f3b18f0a511460943c00801fd7	k__Bacteria; p__Bacteroidetes; c__Bacteroidia; o__Bacteroidales; f__Prevotellaceae; g__Prevotella; s__pallens	0.9766636329248869
7ef758b2e9bcc5a933f47e0d2e5c38a1	k__Bacteria; p__Proteobacteria; c__Gammaproteobacteria; o__Pasteurellales; f__Pasteurellaceae; g__Aggregatibacter	0.9170647177122265
639db9b58e3b6a03bb248d398efde8b0	k__Bacteria; p__Actinobacteria; c__Actinobacteria; o__Actinomycetales; f__Micrococcaceae; g__Rothia; s__	0.8722122295780997
b069778e4cc8d44cf9768a43fb5a4b2a	k__Bacteria; p__Firmicutes; c__Clostridia; o__Clostridiales; f__Lachnospiraceae_[XIV]; g__Lachnospiraceae_[G-3]; s__sp._oral_taxon_100	0.9985062984675831
254878592abd73934a3fccf8012df54f	k__Bacteria; p__Firmicutes; c__Clostridia; o__Clostridiales; f__Ruminococcaceae; g__; s__	0.8961974346576059
d157ba7f3040c2ac554682da45ce4960	k__Bacteria; p__Actinobacteria; c__Actinobacteria; o__Actinomycetales; f__Actinomycetaceae; g__Actinomyces	0.9967299834252826
e1533d4d6ad73b7f1d4f72f9cd03cc1f	k__Bacteria	0.9999999999020117
5327ced6faf2c69218932c9a6409cfa3	k__Bacteria; p__Bacteroidetes; c__Bacteroidia; o__Bacteroidales; f__Prevotellaceae; g__Prevotella; s__multiformis	0.9861908557239625
1e2500129a9ba867b3b4ae8708e4a37f	k__Bacteria; p__Firmicutes; c__Clostridia; o__Clostridiales	0.9999864435650884
9c8268d3ddba72be039e755d281d1c4e	k__Bacteria; p__Firmicutes; c__Bacilli; o__Bacillales; f__Gemellaceae; g__Gemella	0.7453503584257118
2a28b03fb99e31a41419b244f291eaf2	k__Bacteria; p__Cyanobacteria; c__Chloroplast; o__Stramenopiles; f__; g__; s__	0.9894647313755959
a3a0e35672185561a1564a29458ef99e	k__Bacteria; p__Proteobacteria; c__Betaproteobacteria; o__Burkholderiales; f__Comamonadaceae	0.9980884769733693
4087b456bb8f6afbdc66cf3dcdd4be6b	k__Bacteria; p__Proteobacteria; c__Alphaproteobacteria; o__Rhizobiales; f__Rhizobiaceae	0.9992622145774401
351bbb10c0946689e67eb94c489ddd62	k__Bacteria; p__Fusobacteria; c__Fusobacteriia; o__Fusobacteriales; f__Fusobacteriaceae; g__Fusobacterium	0.9792829788350514
74aeae64c5ea5058a5ed459bd89ea73a	k__Bacteria; p__Firmicutes; c__Clostridia; o__Clostridiales; f__Peptostreptococcaceae_[XI]; g__Peptostreptococcaceae_[XI][G-4]; s__sp._oral_taxon_369	0.8598658628896122
9f97f86d525d4baf2bd812d3cbb66729	k__Bacteria; p__Firmicutes; c__Bacilli; o__Lactobacillales; f__Streptococcaceae; g__Streptococcus	0.9999998623217743
6889071e6ed472d5b8a2abb730d3aa92	k__Bacteria; p__Firmicutes; c__Clostridia; o__Clostridiales	0.9999999999953907
c5399ab3b993ae6ce824b6e38b794842	k__Bacteria; p__Firmicutes; c__Bacilli; o__Lactobacillales; f__Streptococcaceae; g__Streptococcus	0.9999995569248721
0c7a7256e8eeaba67c3220305c03c02a	k__Bacteria; p__Firmicutes; c__Clostridia; o__Clostridiales; f__Peptostreptococcaceae_[XI]; g__Peptostreptococcaceae_[XI][G-1]; s__[Eubacterium]_sulci	0.7883155962361559
ec5b4b6a6d05d54dc99e9112cffed974	k__Bacteria; p__Firmicutes; c__Bacilli; o__Lactobacillales; f__Streptococcaceae; g__Streptococcus	0.9999963747283056
881cebc37f6310a7b2555268d5316055	k__Bacteria; p__Firmicutes; c__Clostridia; o__Clostridiales; f__Lachnospiraceae_[XIV]; g__Lachnoanaerobaculum; s__umeaense	0.9582124266258045
7d1b58c9a88c5b50e39fe85f946818d2	k__Bacteria; p__Proteobacteria; c__Alphaproteobacteria; o__Sphingomonadales; f__; g__; s__	0.9596769589199958
10e461431950ce10f44772598e965e08	k__Bacteria; p__Actinobacteria; c__Actinobacteria; o__Actinomycetales; f__Micrococcaceae; g__Rothia	0.7777850428609652
4ef0cf38913b67e5c823a4cf46b8cadc	k__Bacteria; p__Firmicutes	0.9999999999909212
ee9c6914f34c6d8f356618b8b38992ca	k__Bacteria; p__Firmicutes; c__Clostridia; o__Clostridiales; f__Lachnospiraceae_[XIV]; g__Stomatobaculum; s__longum	0.8634255167331182
003705aaf3328bc8aa3e2e5e1c90b7ad	k__Bacteria; p__Fusobacteria; c__Fusobacteriia; o__Fusobacteriales; f__Leptotrichiaceae; g__Leptotrichia; s__sp._oral_taxon_417	0.8482828870268612
dee75f4555eb0da4fcb583439ef7bea1	k__Bacteria; p__Bacteroidetes; c__Bacteroidia; o__Bacteroidales; f__Prevotellaceae; g__Prevotella	0.9999764540830942
63794b434e1585792e0a8fe94abd4056	k__Bacteria; p__Proteobacteria; c__Deltaproteobacteria; o__Desulfovibrionales; f__Desulfovibrionaceae; g__Desulfovibrio; s__D168	0.9999999727384082
5e717e60e2f2d1c97fdbc7ad3fe41a83	k__Bacteria; p__Firmicutes; c__Bacilli; o__Bacillales; f__Gemellaceae; g__Gemella	0.7337022295509696
d40a748fb59a491b74b9552ca91bcd0d	k__Bacteria; p__Bacteroidetes; c__Bacteroidetes_[C-1]; o__Bacteroidetes_[O-1]; f__Bacteroidetes_[F-1]; g__Bacteroidetes_[G-5]; s__sp._oral_taxon_511	0.999902725023289
59e8f6d4724a4e78bb56fffdfac148dd	k__Bacteria; p__Bacteroidetes; c__Flavobacteriia; o__Flavobacteriales; f__Flavobacteriaceae; g__Capnocytophaga; s__haemolytica	0.9997674717057822
9135777716c17947fa04610c15597a0d	k__Bacteria; p__Bacteroidetes; c__Bacteroidia; o__Bacteroidales; f__Prevotellaceae; g__Alloprevotella	0.9990780653277684
8da095ab43a66504d19c3382db9607f4	k__Bacteria; p__Bacteroidetes; c__Flavobacteriia; o__Flavobacteriales; f__Flavobacteriaceae; g__Capnocytophaga	0.9999999999591396
00bec469b806cf304ee6870df72c004a	k__Bacteria; p__Firmicutes; c__Bacilli; o__Lactobacillales; f__Streptococcaceae; g__Streptococcus	0.8778446515709243
3afc9bd2cb140166f8e4abe0a5f0be42	k__Bacteria; p__Actinobacteria; c__Coriobacteriia; o__Coriobacteriales	0.9999956059388195
ae03cbf23693b80fd2df379b9514b8ae	k__Bacteria; p__Firmicutes; c__Clostridia; o__Clostridiales; f__Lachnospiraceae; g__Lachnospira; s__	0.9999425581718885
a7cb76bc5b5b10d461826820feca34e9	k__Bacteria; p__Proteobacteria; c__Betaproteobacteria; o__Neisseriales; f__Neisseriaceae; g__Neisseria	0.9857795523598911
436e5d02abc11e2266b3fa4de8db8fdc	k__Bacteria; p__Saccharibacteria_(TM7); c__TM7_[C-1]; o__TM7_[O-1]; f__TM7_[F-1]; g__TM7_[G-6]; s__sp._oral_taxon_870	0.9480385226060809
edaf3a9b207da9dfd1ec352743f0473b	k__Bacteria; p__Bacteroidetes; c__Bacteroidia; o__Bacteroidales; f__Prevotellaceae; g__Prevotella	0.9995283329486611
e46f3ddebf6f6490bfbb3736b1220d75	k__Bacteria; p__Proteobacteria; c__Gammaproteobacteria; o__Pasteurellales; f__Pasteurellaceae; g__Haemophilus	0.845430293139525
59c5728ba18d35aae5d7a1dc304edb5b	k__Bacteria	0.9999999999999981
e72a42acd83f9a497958b152cef121d2	k__Bacteria; p__Firmicutes; c__Clostridia; o__Clostridiales; f__Peptostreptococcaceae_[XI]; g__Filifactor; s__alocis	0.9604027679898466
7cef573436e4f35b95d676e736b34376	k__Bacteria; p__Firmicutes; c__Mollicutes; o__Mollicutes_[O-2]; f__Mollicutes_[F-2]; g__Mollicutes_[G-2]; s__sp._oral_taxon_906	0.9999888106985698
81325b1e137a36ee6d2ce137352926f6	k__Bacteria; p__Firmicutes; c__Bacilli; o__Lactobacillales; f__Streptococcaceae; g__Streptococcus; s__mutans	0.999999178654402
b57943675442c79c778a2007d6110596	k__Bacteria; p__Firmicutes; c__Negativicutes; o__Selenomonadales; f__Veillonellaceae; g__Anaeroglobus; s__geminatus	0.998051189410136
eb3cd1af08128e042b4f0d1f3fe29e0f	k__Bacteria; p__Proteobacteria; c__Alphaproteobacteria; o__Rickettsiales; f__; g__; s__	0.9985272432418798
e9e081c29eeec4f0d12e1bd038c5093a	k__Bacteria; p__Firmicutes; c__Negativicutes; o__Selenomonadales; f__Veillonellaceae	0.8412455913528549
9fe85465172736953ab301a63a292bf6	k__Bacteria; p__Firmicutes; c__Negativicutes; o__Selenomonadales; f__Veillonellaceae; g__Selenomonas; s__sputigena	0.7154081526201619
f42c63a43e1c2c9537d7bd737d2bc793	k__Bacteria; p__Firmicutes; c__Bacilli; o__Bacillales	0.9995373165726273
09799e3c6c275eec0801644f75e5cfda	k__Bacteria; p__Tenericutes; c__Mollicutes; o__RF39; f__; g__; s__	0.9999999926406815
c19a0619491f2b9dc9c0f94aac01e09a	k__Bacteria; p__Firmicutes; c__Bacilli; o__Lactobacillales; f__Streptococcaceae; g__Streptococcus	0.999994793580749
d508fe1b8f1578ff88a4cb8842efc2ab	k__Bacteria; p__Firmicutes; c__Clostridia; o__Clostridiales; f__Peptostreptococcaceae_[XI]; g__Peptostreptococcaceae_[XI][G-6]; s__[Eubacterium]_nodatum	0.9348119531097743
2e7dda70a6370ad4d96ad11760230f52	k__Bacteria; p__Actinobacteria; c__Coriobacteriia; o__Eggerthellales; f__Eggerthellaceae; g__Cryptobacterium; s__curtum	0.9999999918309896
87ed90b01e4ab8170968b33f6bde8b2f	k__Bacteria; p__Bacteroidetes; c__Bacteroidia; o__Bacteroidales; f__Prevotellaceae; g__Prevotella	0.9999997831141606
248369b3179785230172f04d6147998f	k__Bacteria; p__Proteobacteria; c__Gammaproteobacteria; o__Cardiobacteriales; f__Cardiobacteriaceae; g__Cardiobacterium; s__	0.8048071845334089
fa9dbef2251124c12be25642f32e2070	k__Bacteria; p__Bacteroidetes; c__[Saprospirae]; o__[Saprospirales]; f__Chitinophagaceae; g__Sediminibacterium; s__	0.9998414075026877
7a5fbbf764ee7d4e0fc50c9ebb3933b3	k__Bacteria; p__Bacteroidetes; c__Bacteroidia; o__Bacteroidales; f__Prevotellaceae; g__Prevotella; s__sp._oral_taxon_942	0.9022209582811148
9011a64342cb113d5e77fdc0cd25dc47	k__Bacteria; p__Firmicutes; c__Clostridia; o__Clostridiales; f__Peptostreptococcaceae_[XI]; g__Peptostreptococcaceae_[XI][G-5]; s__[Eubacterium]_saphenum	0.9999789077434422
38d4cb3cc20b95454f7e9ddc4abb80a9	k__Bacteria	0.9999999999377028
663fae963a0acb7d80780b6d2a83313b	k__Bacteria; p__Fusobacteria; c__Fusobacteriia; o__Fusobacteriales; f__Leptotrichiaceae; g__Leptotrichia; s__sp._oral_taxon_417	0.8493007521016402
89a5080a13af781c7e0ff51f711763a6	k__Bacteria; p__Bacteroidetes; c__Bacteroidia; o__Bacteroidales; f__Prevotellaceae; g__Prevotella; s__pleuritidis	0.9999994059342528
644083858e41ec0851b63e01b11bf607	k__Bacteria; p__Saccharibacteria_(TM7); c__TM7_[C-1]; o__TM7_[O-1]; f__TM7_[F-1]; g__TM7_[G-1]; s__sp._oral_taxon_352	0.9649962244592533
fe0c2882508e98f405afd44150f142a3	k__Bacteria; p__Actinobacteria; c__Actinobacteria; o__Actinomycetales; f__Actinomycetaceae; g__Actinomyces; s__	0.983636406070626
202e4b83c09e9f4de86438eca7c98676	k__Bacteria; p__Firmicutes; c__Negativicutes; o__Selenomonadales; f__Veillonellaceae; g__Selenomonas	0.9986546980896258
901faaec0a4930e5b20250e99c1f11d5	k__Bacteria; p__Firmicutes; c__Bacilli; o__Lactobacillales	0.9643560057445086
4cd2f80554d5dd296f570b431e818c3c	k__Bacteria; p__Fusobacteria; c__Fusobacteriia; o__Fusobacteriales; f__Fusobacteriaceae; g__Fusobacterium	0.9760769389957653
727e2aea0869c638bd81906b1823f743	k__Bacteria; p__Proteobacteria; c__Betaproteobacteria; o__Neisseriales; f__Neisseriaceae; g__Kingella; s__oralis	0.9984952282109932
71263bc201becf4fcd84eadf24332690	k__Bacteria; p__Bacteroidetes; c__Flavobacteriia; o__Flavobacteriales; f__Cryomorphaceae; g__Fluviicola; s__	0.9999108524372098
41b49c053f20e4e5772e80afc75cec56	k__Bacteria; p__Spirochaetes	0.999999999999997
09096503ce182cbaa087fd289fc375f6	k__Bacteria; p__Proteobacteria; c__Betaproteobacteria; o__Neisseriales; f__Neisseriaceae; g__Neisseria	0.9985684631879005
47c3f88be97f44af3023197bec875b4f	k__Bacteria; p__Firmicutes; c__Bacilli; o__Lactobacillales; f__Streptococcaceae; g__Streptococcus	0.8334055910695669
2294b0e70d4f62e55b37ff3aa487954f	k__Bacteria; p__Proteobacteria; c__Betaproteobacteria; o__Burkholderiales; f__Comamonadaceae; g__Ottowia; s__sp._oral_taxon_894	0.9999393489116083
c9c1499ac4b15804617f2a4c206c8ab8	k__Bacteria; p__Bacteroidetes; c__Bacteroidia; o__Bacteroidales; f__Prevotellaceae; g__Prevotella	0.9999674653840601
c74239aefdc9e993b4aecbc1ce6fddbc	k__Bacteria; p__Bacteroidetes; c__Bacteroidia; o__Bacteroidales; f__Prevotellaceae; g__Prevotella	0.9999501401578117
1c4185dfd2975b9e9144884f802430b4	k__Bacteria; p__Bacteroidetes; c__Bacteroidia; o__Bacteroidales; f__Prevotellaceae; g__Prevotella	0.9999999928903691
7e6779a060f863c2311c5f3f3bfc53d4	k__Bacteria; p__Spirochaetes; c__Spirochaetia; o__Spirochaetales; f__Spirochaetaceae; g__Treponema; s__sp._oral_taxon_257	0.9410542599762131
1761ccd9ef0a9d5cb4d03e36cdc3864a	k__Bacteria; p__Firmicutes; c__Bacilli; o__Bacillales; f__Staphylococcaceae; g__Staphylococcus	0.9996002822988441
52e8c0f00fa9f8141f9858a0bfe5263e	k__Bacteria; p__Firmicutes; c__Bacilli; o__Lactobacillales; f__Streptococcaceae; g__Lactococcus	0.999999902004268
8431f20307d4081f4405f1bf592709cd	k__Bacteria; p__Bacteroidetes; c__Bacteroidia; o__Bacteroidales; f__Prevotellaceae; g__Prevotella; s__sp._oral_taxon_305	0.9993920596135
d0ea9674e2f2d4747a6253566a99e75d	k__Bacteria; p__Bacteroidetes; c__Flavobacteriia; o__Flavobacteriales; f__Flavobacteriaceae; g__Flavobacterium; s__	0.99924300064089
172417016c5069558c88c27d2e705b94	k__Bacteria; p__Proteobacteria; c__Alphaproteobacteria; o__Sphingomonadales; f__Sphingomonadaceae; g__Novosphingobium; s__	0.9818769811543602
653dcb80997bd6c5128cd782c32428ef	k__Bacteria; p__Firmicutes	0.9999930813272546
98f777da017cb1306aaaa049b9e3d9cc	k__Bacteria; p__Firmicutes; c__Clostridia; o__Clostridiales; f__Lachnospiraceae_[XIV]; g__Lachnospiraceae_[G-2]; s__sp._oral_taxon_096	0.9975589004994525
aa900cdcb9b8d96a4cd773a3beee7057	k__Bacteria; p__Firmicutes; c__Clostridia; o__Clostridiales; f__Lachnospiraceae	0.9089086932004778
7d6958b57d58b7081a9683b19e7838e3	k__Bacteria; p__Bacteroidetes; c__Bacteroidia; o__Bacteroidales; f__Prevotellaceae; g__Prevotella	0.9999924620457683
632b1994248fe3ec3f3efd414c347914	k__Bacteria; p__Bacteroidetes; c__Flavobacteriia; o__Flavobacteriales	0.9844870689961779
46ef8645de246fa28f79048ea306a1ca	k__Bacteria; p__Bacteroidetes; c__Bacteroidia; o__Bacteroidales; f__Prevotellaceae; g__Prevotella; s__sp._oral_taxon_317	0.9327136524523655
e6c0a9816755893bd5ae65b864199015	k__Bacteria; p__Proteobacteria; c__Betaproteobacteria; o__Burkholderiales; f__Comamonadaceae; g__Brachymonas; s__denitrificans	0.9301658711858928
6afd2f838efae1588a5b71c0dbe426a6	k__Bacteria; p__Firmicutes; c__Bacilli; o__Lactobacillales; f__Streptococcaceae; g__Streptococcus	0.9839339114224028
c46cd3bd46b19d97e8ea94f30edcc348	k__Bacteria; p__Firmicutes; c__Mollicutes; o__Mycoplasmatales; f__Mycoplasmataceae; g__Mycoplasma; s__salivarium	0.9633805114286462
4bb86b3365cfbaf75193f3748995b120	k__Bacteria; p__Fusobacteria; c__Fusobacteriia; o__Fusobacteriales; f__Fusobacteriaceae; g__Fusobacterium	0.9208617831100543
3b0636bff58164fbbc83926afdc0a3c8	k__Bacteria; p__Firmicutes; c__Bacilli; o__Lactobacillales; f__Streptococcaceae; g__Streptococcus	0.9999536263307642
a60244714a90f26b07cc87a7c02ed015	k__Bacteria; p__Bacteroidetes; c__Bacteroidia; o__Bacteroidales; f__Prevotellaceae; g__Prevotella	0.9999999999972855
950fa40485e827742e7a684f9164f68f	k__Bacteria; p__Proteobacteria; c__Epsilonproteobacteria; o__Campylobacterales; f__Campylobacteraceae; g__Campylobacter; s__sp._oral_taxon_044	0.9979830454049644
a88acbbfa97bc2709253166c5ff122a8	k__Bacteria; p__Fusobacteria; c__Fusobacteriia; o__Fusobacteriales; f__Fusobacteriaceae; g__Fusobacterium	0.9733650396568034
7aaf2226d439c28146b155407bad67dc	k__Bacteria; p__Firmicutes; c__Clostridia; o__Clostridiales; f__Lachnospiraceae_[XIV]; g__Oribacterium; s__parvum	0.9143629993071852
16d651b0712edac199e831b954f1665c	k__Bacteria; p__Firmicutes; c__Clostridia; o__Clostridiales	0.9999994052917028
4424f3efb633eb141370876473ca8f9e	k__Bacteria; p__Bacteroidetes; c__Bacteroidia; o__Bacteroidales; f__Prevotellaceae; g__Prevotella; s__oralis	0.9999891627566525
bdba69373af9b976ef7e6e8c83b50f35	k__Bacteria; p__Gracilibacteria_(GN02); c__GN02_[C-1]; o__GN02_[O-1]; f__GN02_[F-1]; g__GN02_[G-1]; s__sp._oral_taxon_872	0.9999923868294518
e312341a429c5e6d01c10ea13bb4f70f	k__Bacteria; p__Firmicutes; c__Bacilli; o__Lactobacillales; f__Streptococcaceae; g__Streptococcus	0.9999995585846194
c4fabd59f12201beb99f851efa23eab1	k__Bacteria; p__Firmicutes; c__Clostridia; o__Clostridiales; f__Lachnospiraceae_[XIV]; g__Lachnospiraceae_[G-2]; s__sp._oral_taxon_096	0.9999320806207995
aa7a0d47afefd1a2411f947fc884d323	k__Bacteria; p__Fusobacteria; c__Fusobacteriia; o__Fusobacteriales; f__Leptotrichiaceae; g__Leptotrichia	0.999999867137837
1e75068d50a1546dc9dac427275c0a7e	k__Bacteria; p__Bacteroidetes; c__Bacteroidia; o__Bacteroidales; f__Prevotellaceae; g__Prevotella	0.991154503095723
5cd7261349569d84dfd1fc3d3fe5308a	k__Bacteria; p__Fusobacteria; c__Fusobacteriia; o__Fusobacteriales; f__Fusobacteriaceae; g__Fusobacterium	0.9140652770868777
80ad1ca8870a835fc80a7df40c9304d5	k__Bacteria; p__Bacteroidetes; c__Bacteroidia; o__Bacteroidales; f__Prevotellaceae; g__Prevotella; s__sp._oral_taxon_301	0.986695019021561
6a2ef4d0cfcc96166dbd613a44697c2f	k__Bacteria; p__Firmicutes; c__Clostridia; o__Clostridiales; f__Peptoniphilaceae; g__Parvimonas	0.8032852787138829
e4b4f399550d4087a2d092a02131ff06	k__Bacteria; p__Bacteroidetes; c__Bacteroidia; o__Bacteroidales; f__Prevotellaceae	0.9651051896244707
5262b5aa32a2c90d5b8e42ef7ea69ad4	k__Bacteria; p__Synergistetes; c__Synergistia; o__Synergistales; f__Synergistaceae; g__Fretibacterium	0.9843930646948562
e5e0acf1749b2c415af09a06d9eba626	k__Bacteria; p__Proteobacteria; c__Alphaproteobacteria; o__Rhizobiales; f__Rhizobiaceae; g__Agrobacterium; s__	0.9654168997230512
afb92ca1a6a2fade9ac2ddc9b515be42	k__Bacteria; p__Bacteroidetes; c__Flavobacteriia; o__Flavobacteriales; f__Flavobacteriaceae; g__Capnocytophaga	0.9998840253198101
b7a635dab48e4aae07247785fe297bbc	k__Bacteria; p__GN02; c__BD1-5; o__; f__; g__; s__	0.9261274567456214
a19256b77212be17cf0f4414b11ad9a5	k__Bacteria; p__Proteobacteria; c__Gammaproteobacteria; o__Legionellales	0.9091265989342239
08ae07a5174bd703761ad6982a102c7f	k__Bacteria; p__Bacteroidetes; c__Bacteroidia; o__Bacteroidales; f__Prevotellaceae; g__Prevotella; s__sp._oral_taxon_526	0.9323214861167899
25cb227c8e667bbed10356e4c7877d3a	k__Bacteria; p__Actinobacteria; c__Actinobacteria; o__Actinomycetales; f__Actinomycetaceae; g__Mobiluncus; s__	0.7975518995105291
d89f7939e8eb4716810e96181a471664	k__Bacteria; p__Firmicutes; c__Clostridia; o__Clostridiales; f__Peptostreptococcaceae_[XI]; g__Peptostreptococcaceae_[XI][G-1]; s__[Eubacterium]_sulci	0.8628826068239318
ae1392c2cefff2493606fc8ac71b29e7	k__Bacteria; p__Proteobacteria; c__Gammaproteobacteria; o__Pasteurellales; f__Pasteurellaceae; g__Haemophilus	0.720684155824453
6484eed7b6853494087f87145b26499d	k__Bacteria; p__Bacteroidetes; c__Bacteroidia; o__Bacteroidales; f__Prevotellaceae; g__Prevotella; s__nanceiensis	0.9998632016187977
d955d0e91f1885c6465949b94a06690d	k__Bacteria; p__Actinobacteria; c__Actinobacteria; o__Actinomycetales; f__Micrococcaceae; g__Rothia; s__	0.982639181337536
6cfac963a5487083e3007d112c88bac8	k__Bacteria; p__Firmicutes; c__Clostridia; o__Clostridiales; f__Lachnospiraceae_[XIV]; g__Stomatobaculum; s__sp._oral_taxon_097	0.9738251262955132
34a1c96a4e2ce642b7eb499bbd094c5c	k__Bacteria; p__Proteobacteria; c__Betaproteobacteria; o__Neisseriales; f__Neisseriaceae; g__Neisseria	0.9979404801989338
826a9e46a4a75e414e67cf4ec6d19dee	k__Bacteria; p__Firmicutes; c__Clostridia; o__Clostridiales; f__Peptostreptococcaceae_[XI]; g__Peptostreptococcaceae_[XI][G-1]; s__[Eubacterium]_infirmum	0.8631350266309269
fe6611b891bc167301baf8dfa18fe0e4	k__Bacteria; p__Firmicutes; c__Bacilli; o__Lactobacillales; f__Streptococcaceae; g__Streptococcus	0.9989900605662833
aca4b487b850d8388f5641b1530f9072	k__Bacteria; p__Firmicutes; c__Negativicutes; o__Selenomonadales; f__Veillonellaceae; g__Selenomonas; s__sputigena	0.9312218946904902
db3864ba6358675b34cd814193bcca6b	k__Bacteria; p__Fusobacteria; c__Fusobacteriia; o__Fusobacteriales; f__Leptotrichiaceae; g__Leptotrichia; s__sp._oral_taxon_225	0.9661550061999559
4ad9145ab7ada1b2042b0af2116f8245	k__Bacteria; p__Firmicutes; c__Negativicutes; o__Selenomonadales; f__Veillonellaceae; g__Veillonellaceae_[G-1]; s__sp._oral_taxon_150	0.7490559237892381
41d98bdce03b76bd6201878374002e5d	k__Bacteria; p__Spirochaetes; c__Spirochaetia; o__Spirochaetales; f__Spirochaetaceae; g__Treponema; s__sp._oral_taxon_270	0.9999996240705396
772a52ae7b4844ccc7343a82d707561b	k__Bacteria; p__Firmicutes; c__Bacilli; o__Bacillales	0.9912983032648597
b133998a9427c6e27fe9638400033b0d	k__Bacteria; p__Synergistetes; c__Synergistia; o__Synergistales; f__Synergistaceae; g__Fretibacterium	0.9581683161426602
b1ccc81e6f4a40c57d1daf4b1b303b2a	k__Bacteria; p__Firmicutes; c__Clostridia; o__Clostridiales; f__Lachnospiraceae	0.8527202624150734
70c8c2b84ae9e3fccf1d476850236200	k__Bacteria; p__Bacteroidetes; c__Bacteroidia; o__Bacteroidales; f__Prevotellaceae; g__Prevotella	0.9999999960268574
2db4228821527726fc40fa3fd51b14b4	k__Bacteria; p__Firmicutes; c__Clostridia; o__Clostridiales; f__Peptostreptococcaceae_[XI]; g__Peptostreptococcaceae_[XI][G-7]; s__[Eubacterium]_yurii_subsps._yurii_&_margaretiae	0.9123810465620742
bd434d7ec9f9ff003630321fc43043c7	k__Bacteria; p__Firmicutes; c__Bacilli; o__Lactobacillales; f__Enterococcaceae; g__Enterococcus	0.8381411304420231
fc797eddaa4ae948ad9c4401171457f1	k__Bacteria; p__Fusobacteria; c__Fusobacteriia; o__Fusobacteriales; f__Fusobacteriaceae; g__Fusobacterium; s__periodonticum	0.7568617118260165
44fe8015f6c3e8dda6173b2423172603	k__Bacteria; p__Firmicutes; c__Bacilli; o__Lactobacillales; f__Streptococcaceae; g__Streptococcus	0.9999929062391824
7cf1fe92653e78db408ea8e0aa00ce7d	k__Bacteria; p__Bacteroidetes; c__Bacteroidia; o__Bacteroidales; f__Prevotellaceae; g__Alloprevotella; s__sp._oral_taxon_912	0.8515709443395564
10bcc6e873def2738958932398c24679	k__Bacteria; p__Actinobacteria; c__Actinobacteria; o__Actinomycetales; f__Micrococcaceae; g__Rothia	0.8858704510943122
f2ad7b74103088b1c30e6ecec39cd86c	k__Bacteria; p__Firmicutes; c__Clostridia; o__Clostridiales; f__Lachnospiraceae_[XIV]; g__Oribacterium; s__asaccharolyticum	0.9837460784945452
7973c63463ef3956194d1607566a8f44	k__Bacteria; p__Proteobacteria; c__Gammaproteobacteria; o__Pasteurellales; f__Pasteurellaceae; g__Haemophilus	0.8191497133471195
b24e94137b3d756ec2f13fad6166b5c0	k__Bacteria; p__Firmicutes; c__Clostridia; o__Clostridiales; f__Syntrophomonadaceae_[VIII]; g__Syntrophomonadaceae_[VIII][G-1]; s__sp._oral_taxon_435	0.9999999844817894
7fca6db73526971cc8c02203a6210639	k__Bacteria; p__Bacteroidetes; c__Bacteroidia; o__Bacteroidales; f__p-2534-18B5; g__; s__	0.999898566138092
2fe5807cb78c59d4aef488a3d486cee0	k__Bacteria; p__Proteobacteria; c__Alphaproteobacteria; o__; f__; g__; s__	0.9273640306642718
66739ec1a998dbb02910c98be05cdb0f	k__Bacteria; p__Proteobacteria; c__Betaproteobacteria; o__Neisseriales; f__Neisseriaceae; g__Neisseria	0.9984201086366203
3c475fd7f2ebd24e257578d87998c976	k__Bacteria; p__Bacteroidetes; c__Bacteroidia; o__Bacteroidales; f__Prevotellaceae; g__Prevotella	0.9997818217469328
94d40465007678a08b55acc264bbeba1	k__Bacteria; p__Bacteroidetes; c__Bacteroidia; o__Bacteroidales; f__Prevotellaceae; g__Prevotella	0.9999999999347724
8f260dd83c881e3bfd623dfd84134a4d	k__Bacteria; p__Actinobacteria; c__Actinobacteria; o__Actinomycetales; f__Actinomycetaceae; g__Actinomyces; s__graevenitzii	0.9999959137641736
3cd3f99465c98d4f42c4ebdb7eecbb83	k__Bacteria; p__Firmicutes; c__Bacilli; o__Lactobacillales	0.9961256540645981
6872078da3db8b0375513f5c1447be25	k__Bacteria; p__Firmicutes; c__Bacilli; o__Lactobacillales; f__Lactobacillaceae; g__Lactobacillus; s__crispatus	0.844038042416937
4bca841fb3502b2d2b163388e42c52f3	k__Bacteria; p__Bacteroidetes; c__Flavobacteriia; o__Flavobacteriales; f__Flavobacteriaceae; g__Capnocytophaga; s__gingivalis	0.7908697824084464
2dce363aff96270bed8defe810c25d0e	k__Bacteria; p__Bacteroidetes; c__Bacteroidia; o__Bacteroidales; f__Prevotellaceae; g__Prevotella; s__salivae	0.9973917014936918
654978790c34e961a875dca934a8fbcc	k__Bacteria; p__Bacteroidetes; c__Bacteroidia; o__Bacteroidales; f__Prevotellaceae; g__Prevotella; s__pallens	0.9086757377376805
b8021de9eef2784c3383726edac63d91	k__Bacteria	0.9511934502084303
991e4386860d4396271ed6d24df0dc24	k__Bacteria; p__Firmicutes; c__Clostridia; o__Clostridiales; f__Peptostreptococcaceae_[XI]; g__Peptostreptococcaceae_[XI][G-9]; s__[Eubacterium]_brachy	0.9999981628174731
157b97f57970184ed3a2b1c80e38f30b	k__Bacteria; p__Firmicutes; c__Bacilli; o__Gemellales	0.8055057814918919
b5fecf254ffdcc4e5dfba9562773a896	k__Bacteria; p__Firmicutes; c__Clostridia; o__Clostridiales	0.9999999996967011
1103aae6d901129e144e5c69101b7bf1	k__Bacteria; p__Bacteroidetes; c__Flavobacteriia; o__Flavobacteriales; f__Flavobacteriaceae; g__Capnocytophaga; s__gingivalis	0.9776920999527323
a39da2b65dc9f832861572b3a70e2f2e	k__Bacteria; p__Firmicutes; c__Clostridia; o__Clostridiales; f__Lachnospiraceae; g__Coprococcus; s__	0.9988534085046017
56d420e5ff69a0ff634645241bf59353	k__Bacteria; p__Proteobacteria; c__Gammaproteobacteria; o__Pseudomonadales; f__Moraxellaceae	0.8303905253385224
bf0fe06b462f736c2e5a9cc116dfea51	k__Bacteria; p__Proteobacteria; c__Gammaproteobacteria; o__Pasteurellales; f__Pasteurellaceae; g__Haemophilus	0.89929438105141
f254ce2eebf69178201046ec35273354	k__Bacteria; p__Firmicutes; c__Bacilli; o__Lactobacillales; f__Streptococcaceae; g__Streptococcus	0.9468990321901182
5c694bac61e1bb578ec63a60bba3872f	k__Bacteria; p__Bacteroidetes; c__Flavobacteriia; o__Flavobacteriales; f__Flavobacteriaceae; g__Capnocytophaga; s__haemolytica	0.9311834279651396
f53de349676db3f9e32ef043514f5952	k__Bacteria; p__Firmicutes; c__Clostridia; o__Clostridiales; f__Ruminococcaceae; g__Oscillospira; s__	0.9904484689275496
f2c97e24742dfda9d5fe8f547c63001b	k__Bacteria; p__Actinobacteria; c__Coriobacteriia; o__Coriobacteriales; f__Coriobacteriaceae; g__Slackia; s__	0.999999999487045
7424523d020a259fd49d177d98560bb7	k__Bacteria; p__Firmicutes; c__Bacilli; o__Lactobacillales; f__Streptococcaceae; g__Streptococcus	0.9999942161896788
2b3a9b678940f43e3f2443623fd4ebbf	k__Bacteria; p__Bacteroidetes; c__Bacteroidia; o__Bacteroidales; f__Prevotellaceae; g__Prevotella; s__stercorea	0.999999872891146
0f590dce17bd3455cf4d1444e3493582	k__Bacteria; p__Bacteroidetes; c__Bacteroidia; o__Bacteroidales; f__Prevotellaceae; g__Alloprevotella; s__rava	0.9999938565852335
2580505189c177c574020b3bac5a5fb7	k__Bacteria; p__Firmicutes; c__Clostridia; o__Clostridiales; f__Lachnospiraceae; g__Dorea; s__formicigenerans	0.9402132607342988
01c7ac665fac79ff0bbe2433999b3dd1	k__Bacteria; p__Bacteroidetes; c__Bacteroidia; o__Bacteroidales; f__Porphyromonadaceae; g__Tannerella; s__forsythia	0.8701288556518049
910e8c19dfe6e3f4740848e33345dfd2	k__Bacteria; p__Firmicutes; c__Bacilli; o__Lactobacillales; f__Streptococcaceae; g__Streptococcus	0.9999835755998971
900806bda9ec634b95c28433b8fbc630	k__Bacteria; p__Bacteroidetes; c__Bacteroidia; o__Bacteroidales; f__Porphyromonadaceae; g__Porphyromonas	0.9723407189359038
e745c4dd6a95cfbab6c49906e50b794d	k__Bacteria; p__Proteobacteria; c__Gammaproteobacteria; o__Pasteurellales; f__Pasteurellaceae; g__Aggregatibacter	0.9032397058062237
b64f7af23ee4ca909f82a8edecc2c4c8	k__Bacteria; p__Actinobacteria	0.9999999993730874
982e8624554e4bdb3e0b5e6a7d7c236c	k__Bacteria; p__Fusobacteria; c__Fusobacteriia; o__Fusobacteriales; f__Fusobacteriaceae; g__Fusobacterium	0.9442513977369795
266a023c20bd89ba54057cb662f4deb5	k__Bacteria; p__Firmicutes	0.9997880469539097
8c762480962b0336e617a8f13a268e04	k__Bacteria; p__Bacteroidetes; c__Bacteroidia; o__Bacteroidales; f__Prevotellaceae; g__Alloprevotella; s__sp._oral_taxon_308	0.8646599999344254
88f52183396c5c2fd722f30958f806a3	k__Bacteria; p__Proteobacteria; c__Betaproteobacteria; o__Neisseriales; f__Neisseriaceae; g__Neisseria; s__bacilliformis	0.8436605594330494
3f4c39b3b29316acd999279a2e9b450c	k__Bacteria; p__Firmicutes	0.9999999999999502
595304f1d5773e09d68defb5310f9092	k__Bacteria; p__Firmicutes; c__Bacilli; o__Bacillales	0.9552283674247499
2051f19a41f4eb4f901343621f96607b	k__Bacteria; p__Firmicutes; c__Negativicutes; o__Selenomonadales; f__Veillonellaceae; g__Selenomonas	0.9409779033155438
870e8fefeddaaa9c1182d6cf28675f46	k__Bacteria; p__Bacteroidetes; c__Bacteroidia; o__Bacteroidales; f__Prevotellaceae; g__Prevotella; s__pallens	0.8691594881838194
e8b090decdb56b7c08e95264b50f09aa	k__Bacteria; p__Bacteroidetes; c__Bacteroidia; o__Bacteroidales; f__Porphyromonadaceae; g__Porphyromonas; s__endodontalis	0.9160543152107784
a25ab080958fb9be548edc84f521b22b	k__Bacteria; p__Proteobacteria; c__Gammaproteobacteria; o__Pasteurellales; f__Pasteurellaceae; g__Haemophilus	0.7887070775755429
7174f3ab234b9495d4a58bad0019c0c0	k__Bacteria; p__SR1; c__SR1_[C-1]; o__SR1_[O-1]; f__SR1_[F-1]; g__SR1_[G-1]; s__sp._oral_taxon_874	0.9966918678954275
69d70ce9763325f6736b382f86adfb67	k__Bacteria; p__Proteobacteria; c__Gammaproteobacteria; o__Pasteurellales; f__Pasteurellaceae; g__Haemophilus	0.9597723486324694
670e088d96a96ad9c6f4ffb0eba7a57a	k__Bacteria; p__Actinobacteria; c__Coriobacteriia; o__Coriobacteriales; f__Coriobacteriaceae; g__Atopobium	0.8268009408472423
a33750044f83660f73469289abedb477	k__Bacteria; p__Actinobacteria; c__Actinobacteria; o__Actinomycetales; f__Micrococcaceae; g__Rothia; s__	0.894299435690719
ef197d77fcb16fafda9b743e5ab82e5d	k__Bacteria; p__Bacteroidetes; c__Bacteroidia; o__Bacteroidales; f__Prevotellaceae; g__Prevotella; s__pallens	0.8979281410570249
a23ea01551787d9eb486d499c676ffcc	k__Bacteria; p__Proteobacteria; c__Alphaproteobacteria; o__Sphingomonadales; f__Sphingomonadaceae; g__Novosphingobium; s__	0.9862557759645647
a65fb09873499ce4a2c2dd05e7b2f330	k__Bacteria; p__Bacteroidetes; c__Bacteroidia; o__Bacteroidales; f__Prevotellaceae; g__Prevotella; s__intermedia	0.9579982795293591
d9600cdddbd54b4828a845b53576b00d	k__Bacteria; p__Firmicutes; c__Clostridia; o__Clostridiales; f__Veillonellaceae; g__Veillonella; s__parvula	0.9086191370604312
45c615d78f3e475369e6231915144c99	k__Bacteria; p__Proteobacteria; c__Betaproteobacteria; o__Neisseriales; f__Neisseriaceae; g__Eikenella; s__corrodens	0.8616496285514689
6c2a7c9b152c4762f7254f5924c21760	k__Bacteria; p__Proteobacteria; c__Gammaproteobacteria; o__Pasteurellales; f__Pasteurellaceae; g__Aggregatibacter	0.9081871429702995
d6b611d929e4a61849b11c43efdfecf9	k__Bacteria; p__Bacteroidetes; c__Bacteroidetes_[C-1]; o__Bacteroidetes_[O-1]; f__Bacteroidetes_[F-1]; g__Bacteroidetes_[G-5]; s__sp._oral_taxon_511	0.9998906761743125
6d10ea49797f5c04cfaacf79c4888037	k__Bacteria; p__Firmicutes; c__Bacilli; o__Lactobacillales; f__Streptococcaceae; g__Streptococcus	0.9986696048391294
5aba1a0a3aa200d94f1c652def989b89	k__Bacteria; p__Firmicutes; c__Bacilli; o__Bacillales; f__Gemellaceae; g__Gemella	0.723005696162803
83ac4656598d8f0d89abe422c72b9964	k__Bacteria; p__Firmicutes; c__Bacilli; o__Lactobacillales; f__Streptococcaceae; g__Streptococcus	0.9999962407722509
bb2f21cdfdc84c08c1ed084a4a044b24	k__Bacteria; p__Firmicutes; c__Bacilli; o__Lactobacillales; f__Streptococcaceae; g__Streptococcus	0.9999999878711875
461e951b263faef90db900289f42dccc	k__Bacteria; p__Gracilibacteria_(GN02); c__GN02_[C-1]; o__GN02_[O-1]; f__GN02_[F-1]; g__GN02_[G-1]; s__sp._oral_taxon_872	0.9999993426995986
7abbe323821eb3f73fcde3769d6b65d0	k__Bacteria; p__Bacteroidetes; c__Bacteroidia; o__Bacteroidales; f__Prevotellaceae; g__Prevotella	0.9999996580604521
9b6e1adece038a56432b7363d6ed28bc	k__Bacteria; p__Actinobacteria; c__Actinobacteria; o__Actinomycetales; f__Micrococcaceae; g__Rothia	0.9231240931086014
efe567d71f2780ed6f8af97b37226a69	k__Bacteria; p__Firmicutes; c__Clostridia; o__Clostridiales; f__Lachnospiraceae_[XIV]; g__Stomatobaculum; s__longum	0.8149836640638017
2ce1e7620a1f0362c0ef7049ceb25aa7	k__Bacteria; p__Firmicutes; c__Negativicutes; o__Selenomonadales; f__Veillonellaceae; g__Dialister; s__invisus	0.7298829170614762
f58d01ba48a2513ca2e791a9645ad0ee	k__Bacteria; p__Chloroflexi; c__Anaerolineae; o__Anaerolineales; f__Anaerolinaceae; g__Anaerolinea; s__	0.9999939972396391
1c2b5dfe98be36133d185b5f434d5d25	k__Bacteria; p__Proteobacteria; c__Gammaproteobacteria; o__Pasteurellales; f__Pasteurellaceae; g__Aggregatibacter	0.9610643205570863
3966b805e16488716ae61151a421c06f	k__Bacteria; p__Firmicutes	0.9985013587420268
b5d8e0f67619fc182220309d9b0ea74c	k__Bacteria; p__Firmicutes; c__Negativicutes; o__Selenomonadales; f__Veillonellaceae; g__Veillonella	0.8709487058411903
7ee76521dac9b0c896b675470fcc494b	k__Bacteria	0.9999999999999963
bab9a2d08ad0dcc1fa0f982608114c26	k__Bacteria; p__Cyanobacteria; c__Chloroplast; o__Stramenopiles; f__; g__; s__	0.9999999999940599
c20d252e31179ea5398b7870c6c2aec9	k__Bacteria	0.9800886513472101
70bdea8d3baac1e681194d6352281269	k__Bacteria; p__Fusobacteria; c__Fusobacteriia; o__Fusobacteriales; f__Fusobacteriaceae; g__Fusobacterium	0.8529518457027303
29f58ae4100339c15f384012aa846360	k__Bacteria; p__Bacteroidetes; c__Bacteroidia; o__Bacteroidales; f__Prevotellaceae; g__Prevotella	0.9979242617864965
300e133d65fbf4a8a4ad6985f6a3668c	k__Bacteria; p__Firmicutes	0.999800007253116
cc6d3d01e5a0b046d18959bbfff4a059	k__Bacteria; p__Proteobacteria; c__Alphaproteobacteria	0.7408879404868665
753089c1099ea7ed32247e8a06d06eaa	k__Bacteria; p__Planctomycetes; c__Planctomycetia; o__Pirellulales; f__Pirellulaceae; g__; s__	0.9999987620802233
fb6790aad01f5b3cf2aab9ddc1bc90ae	k__Bacteria; p__Planctomycetes; c__Planctomycetia; o__Pirellulales; f__Pirellulaceae; g__; s__	0.9999693994920024
56c6af547f10b931b365420d76daef9e	k__Bacteria; p__Verrucomicrobia; c__Verrucomicrobiae; o__Verrucomicrobiales; f__Verrucomicrobiaceae; g__; s__	0.9999860382155191
310afe1d7b30d97502f451f1a80a84e8	k__Bacteria; p__Planctomycetes; c__Planctomycetia; o__Pirellulales; f__Pirellulaceae; g__Rhodopirellula; s__baltica	0.996961646222382
989f91e4d32905825c4374e3d27da7a1	k__Bacteria; p__Planctomycetes; c__Planctomycetia; o__Planctomycetales; f__Planctomycetaceae; g__Planctomyces; s__	0.9999970945418115
8222cf5759d3ae18facdf9faf42fa3df	k__Bacteria	0.9781502243209282
f163a8c96bca8033248bcdcbc8a1cac1	k__Bacteria; p__Proteobacteria; c__Gammaproteobacteria; o__Legionellales; f__Coxiellaceae; g__Rickettsiella; s__	0.999999999994742
970fbacda4339192211d6522fe2a1f8d	k__Bacteria; p__Firmicutes; c__Clostridia; o__Clostridiales; f__Lachnospiraceae; g__Coprococcus; s__	0.9311893845577957
f8093c1fa72c2ed94645239d47ef6a33	k__Bacteria; p__Planctomycetes; c__Planctomycetia; o__Pirellulales; f__Pirellulaceae; g__; s__	0.9999993947105976
eb8926f4f3fddafe5a0f637a40328704	k__Bacteria; p__Chlamydiae; c__Chlamydiia; o__Chlamydiales; f__Parachlamydiaceae; g__; s__	0.7398153984791556
7fdab9dc9a9f7e341abcb2c9f102fdc3	k__Bacteria; p__Proteobacteria; c__Gammaproteobacteria; o__Pasteurellales; f__Pasteurellaceae	0.9999998345876668
54fb368e2008669aef0bf7ab2e0399fb	k__Bacteria; p__Firmicutes; c__Bacilli; o__Lactobacillales; f__Streptococcaceae; g__Streptococcus	0.9999956820443434
a57731cb88279aa8de99cc1bd0bdbfd0	k__Bacteria; p__Bacteroidetes; c__Bacteroidia; o__Bacteroidales; f__Prevotellaceae; g__Alloprevotella; s__sp._oral_taxon_308	0.8663871676935612
9fd53ef25ab0de00c24787157a586757	k__Bacteria; p__Bacteroidetes; c__Bacteroidia; o__Bacteroidales; f__Prevotellaceae; g__Prevotella; s__oris	0.7862570470797061
6ea11be6ff5fc8b868b0723a5dd646ed	k__Bacteria; p__Actinobacteria; c__Actinobacteria; o__Bifidobacteriales; f__Bifidobacteriaceae; g__Scardovia; s__wiggsiae	0.9999740312202045
31d4ce80812c3c86cccc3c9187a2d8cf	k__Bacteria; p__Actinobacteria; c__Actinobacteria; o__Bifidobacteriales; f__Bifidobacteriaceae; g__Alloscardovia; s__omnicolens	0.9941760672937581
99460af0c38e48210b58c3cbe8189dc1	k__Bacteria; p__Bacteroidetes; c__Bacteroidia; o__Bacteroidales; f__Prevotellaceae; g__Prevotella	0.9959769549825184
af37685f53fac457bfd143be7a2c5e62	k__Bacteria; p__Bacteroidetes; c__Flavobacteriia; o__Flavobacteriales; f__Flavobacteriaceae; g__Capnocytophaga; s__haemolytica	0.9998333755307891
3086283d2eae03e202be827e196c5572	k__Bacteria; p__Firmicutes; c__Clostridia; o__Clostridiales; f__Peptostreptococcaceae_[XI]; g__Peptostreptococcaceae_[XI][G-9]; s__[Eubacterium]_brachy	0.9999988474748382
09c95155bb5a7f5573ec61b9fe183f61	k__Bacteria; p__Proteobacteria; c__Gammaproteobacteria; o__Pasteurellales; f__Pasteurellaceae; g__Haemophilus	0.8731139950061371
eda803fb8e8757fb864ffb1b180127c2	k__Bacteria; p__Planctomycetes; c__Planctomycetia; o__Pirellulales; f__Pirellulaceae; g__; s__	0.9999998615819361
ef6f514878ddaafca5c7213bb5e0e722	k__Bacteria; p__Firmicutes; c__Clostridia; o__Clostridiales; f__Clostridiaceae; g__Clostridium; s__drakei_carboxidivorans	0.9999888781654132
957695e576e134200701ab222d2e9c55	k__Bacteria; p__Planctomycetes; c__Planctomycetia; o__Pirellulales; f__Pirellulaceae; g__; s__	0.9999999030245068
7f21412dfe656eb627e348be08cd997b	k__Bacteria; p__Fusobacteria; c__Fusobacteriia; o__Fusobacteriales; f__Fusobacteriaceae; g__Fusobacterium	0.9570498466601839
1520279edea67f2357caf943f294d3f2	k__Bacteria; p__Proteobacteria; c__Gammaproteobacteria; o__Pasteurellales; f__Pasteurellaceae; g__Haemophilus	0.8277470518359444
8560a74f1c05dd64de89e46e8aa4e2b3	k__Bacteria; p__Bacteroidetes; c__Bacteroidia; o__Bacteroidales; f__Prevotellaceae; g__Prevotella; s__sp._oral_taxon_526	0.999999999962867
97c7e075ba69ae5ceefb828d6e72b17c	k__Bacteria; p__Firmicutes; c__Bacilli; o__Lactobacillales; f__Streptococcaceae; g__Streptococcus	0.9999981230348882
b6e7de6ec4e40d7a149264d929d81673	k__Bacteria; p__Bacteroidetes; c__Flavobacteriia; o__Flavobacteriales; f__Cryomorphaceae; g__Crocinitomix; s__	0.999999930448072
578f4956598a87a80bd5dd402e00c956	k__Bacteria; p__Bacteroidetes; c__Bacteroidia; o__Bacteroidales; f__Prevotellaceae; g__Prevotella; s__oulorum	0.8964155179421509
6162fff674cebd8864570f2005013887	k__Bacteria; p__Firmicutes; c__Clostridia; o__Clostridiales; f__Lachnospiraceae_[XIV]; g__Lachnospiraceae_[G-2]; s__sp._oral_taxon_088	0.8358458395910223
39e53f4c41eb858405bc1ee26ddcfc83	k__Bacteria; p__Actinobacteria; c__Actinobacteria; o__Actinomycetales; f__Micrococcaceae; g__Rothia; s__	0.953458363393537
5c308345006c525d39157953f57a322f	k__Bacteria; p__Bacteroidetes; c__Bacteroidia; o__Bacteroidales; f__Prevotellaceae; g__Prevotella	0.999999938612234
70750881f213c3de6d93cef089eaa945	k__Bacteria	0.9612324927854285
53704ac8c25b511e8485bcc02f6d5267	k__Bacteria; p__Firmicutes; c__Clostridia; o__Clostridiales; f__Peptostreptococcaceae_[XI]; g__Peptostreptococcaceae_[XI][G-9]; s__[Eubacterium]_brachy	0.9999997823189896
79baabda8b0f752ce80d212c08bf9bd8	k__Bacteria; p__Proteobacteria; c__Betaproteobacteria; o__Neisseriales; f__Neisseriaceae; g__Neisseria	0.9923458897384949
f5da10243c51f87f03a368c7e6742c12	k__Bacteria; p__Actinobacteria; c__Actinobacteria; o__Actinomycetales; f__Actinomycetaceae	0.9429824990573815
ebc09d9084b523dfa685d68dd66f12f7	k__Bacteria; p__Proteobacteria; c__Betaproteobacteria; o__Burkholderiales; f__Burkholderiaceae; g__Lautropia; s__mirabilis	0.9104409847519681
b7e4239da353fa76245d22c5e495bcaf	k__Bacteria; p__Firmicutes; c__Clostridia; o__Clostridiales	0.9999997992415739
5c520846d44657a77e0695401fb5f616	k__Bacteria; p__Spirochaetes; c__Spirochaetia; o__Spirochaetales; f__Spirochaetaceae; g__Treponema; s__lecithinolyticum	0.9992160615509982
df8656101531f80f2d3604c502205631	k__Bacteria; p__Firmicutes; c__Negativicutes; o__Selenomonadales; f__Veillonellaceae; g__Selenomonas	0.9995404254022517
3cbdf5ff5dc63664f461408ba9e28e95	k__Bacteria; p__Firmicutes; c__Bacilli; o__Lactobacillales; f__Streptococcaceae; g__Streptococcus	0.9997984931744112
00617b28e31edcead55980a20c92ba3d	k__Bacteria; p__Bacteroidetes; c__Bacteroidia; o__Bacteroidales; f__Prevotellaceae; g__Prevotella; s__saccharolytica	0.99999997169212
a1cefe4be34bf489fec401860319b50b	k__Bacteria; p__Firmicutes	0.9998801720994178
d5545a51aecd03b103d89f00994e354f	k__Bacteria; p__Fusobacteria; c__Fusobacteriia; o__Fusobacteriales; f__Fusobacteriaceae; g__Fusobacterium	0.9958965823417905
a03b2bf70c29d82a3e28fc90c7d8c132	k__Bacteria; p__Firmicutes; c__Bacilli; o__Lactobacillales; f__Streptococcaceae; g__Streptococcus	0.9983980404746066
8fe8bb2349b12ea741c30245238c1391	k__Bacteria; p__Proteobacteria; c__Betaproteobacteria; o__Neisseriales; f__Neisseriaceae; g__Neisseria	0.9994715831974923
694089345cae8cb5d11c80b65a695193	k__Bacteria; p__Firmicutes; c__Clostridia; o__Clostridiales; f__Lachnospiraceae_[XIV]; g__Stomatobaculum; s__sp._oral_taxon_097	0.9994764511341286
75bef3c6767aa896b4e80c2f4fc583bb	k__Bacteria; p__Saccharibacteria_(TM7); c__TM7_[C-1]; o__TM7_[O-1]; f__TM7_[F-1]; g__TM7_[G-3]; s__sp._oral_taxon_351	0.906186018928873
f8aba865c47aefd8c224184f90d67f7d	k__Bacteria; p__Firmicutes; c__Clostridia; o__Clostridiales; f__Peptoniphilaceae; g__Parvimonas	0.7106360204648544
f0d785bc7e9c632bcd1358d5fa7a4a41	k__Bacteria	1.000000000000001
c56aafbf56da0b1c7bf3c37e46e1f83b	k__Bacteria; p__Fusobacteria; c__Fusobacteriia; o__Fusobacteriales; f__Fusobacteriaceae; g__Fusobacterium; s__periodonticum	0.7773706257234629
01f0d052e493700bf13f47eea594e3f5	k__Bacteria	0.9999999999958596
167e6cd412b11b0a76715d093222ea42	k__Bacteria; p__Firmicutes; c__Bacilli; o__Lactobacillales; f__Streptococcaceae; g__Streptococcus	0.9999988222283797
5fbe2d4e7d468324a939fe8110ff9599	k__Bacteria; p__Proteobacteria; c__Gammaproteobacteria; o__Pasteurellales; f__Pasteurellaceae; g__Haemophilus; s__pittmaniae	0.7111452336041062
6d2a6f87dd624fee851ba3395c2ecfe3	k__Bacteria; p__TM7; c__TM7-3; o__CW040; f__; g__; s__	0.9872328370811095
fd6d65ce2e63f6a4e08ab0bbfcf50693	k__Bacteria; p__Actinobacteria; c__Actinobacteria; o__Actinomycetales; f__Actinomycetaceae; g__Actinomyces	0.9999943025176519
61b41c04d2e7506f2e825b8a209f08fa	k__Bacteria; p__Bacteroidetes; c__Bacteroidia; o__Bacteroidales; f__Prevotellaceae; g__Prevotella; s__intermedia	0.9996039101161432
296c05d93805b1c75832eafb1b20ddd2	k__Bacteria; p__Bacteroidetes; c__Bacteroidia; o__Bacteroidales; f__Porphyromonadaceae; g__Porphyromonas	0.995076208845469
97a5f2ea260c7904867d4089bc062678	k__Bacteria; p__Firmicutes; c__Bacilli; o__Lactobacillales	0.9813957927414154
a11c145ef480d1e819875003b3d6b772	k__Bacteria; p__Firmicutes; c__Clostridia; o__Clostridiales; f__Ruminococcaceae; g__Ruminococcaceae_[G-2]; s__sp._oral_taxon_085	0.9999932705745257
fa70f60e4df71d12ab9745b565ac384b	k__Bacteria; p__Firmicutes; c__Clostridia; o__Clostridiales; f__Lachnospiraceae_[XIV]; g__Lachnospiraceae_[G-2]; s__sp._oral_taxon_096	0.9997927654246835
b23f1bc6fa4424b838afdc28c48ea10d	k__Bacteria; p__Firmicutes; c__Bacilli	0.9999994012050223
8f2ce24edb5384ddb47447b84cc804ba	k__Bacteria; p__Planctomycetes; c__Planctomycetia; o__Pirellulales; f__Pirellulaceae; g__; s__	0.9999998684606568
25259016fd5d9ed19d3ad2b4ca4d8490	k__Bacteria; p__Proteobacteria; c__Deltaproteobacteria; o__Myxococcales; f__; g__; s__	0.9997714938259665
19aaddb669086a127a916af74feac055	k__Bacteria; p__Cyanobacteria; c__Oscillatoriophycideae; o__Chroococcales	0.9935040831016263
d4d3ad95431e1ce6559c91ee1dd1a944	k__Bacteria; p__Actinobacteria; c__Acidimicrobiia; o__Acidimicrobiales; f__; g__; s__	0.9999435772090346
46c8b551b9b71871a52a295d3169ef44	k__Bacteria; p__Firmicutes; c__Clostridia; o__Clostridiales; f__Clostridiaceae; g__CandidatusArthromitus; s__	0.9999970881644532
11cc59766c2f42937dd370105dae2fe2	k__Bacteria; p__NKB19; c__TSBW08; o__; f__; g__; s__	0.9999999960414101
df3e7cce2ce8fdef4c7c2e7be85b7992	k__Bacteria; p__Bacteroidetes; c__[Saprospirae]; o__[Saprospirales]; f__Chitinophagaceae; g__Niabella; s__	0.852861912400112
1161d69486c2939562619834ca2d1e0c	k__Bacteria; p__Bacteroidetes; c__[Saprospirae]; o__[Saprospirales]; f__Chitinophagaceae; g__; s__	0.9998211711919442
ae7a1bca8c63e6cc3317817f63e23309	k__Bacteria; p__Bacteroidetes; c__Cytophagia; o__Cytophagales; f__Cyclobacteriaceae; g__; s__	0.9994599626699487
0c87fd38498d3fbbdba2550b60bfa517	k__Bacteria; p__Synergistetes; c__Synergistia; o__Synergistales; f__Synergistaceae; g__Fretibacterium; s__fastidiosum	0.9983577402998597
e0c742b923a286c7aa2fae8e47c6fe82	k__Bacteria; p__Fusobacteria; c__Fusobacteriia; o__Fusobacteriales; f__Leptotrichiaceae; g__Leptotrichia; s__	0.7356015976619984
506c6c8ba7b0fc86c89c004e23f07929	k__Bacteria; p__Bacteroidetes; c__Bacteroidia; o__Bacteroidales; f__Prevotellaceae; g__Alloprevotella; s__sp._oral_taxon_308	0.8627603198016722
e44857edc649e6b7514b9f929d0cab37	k__Bacteria; p__Firmicutes; c__Clostridia; o__Clostridiales; f__Lachnospiraceae_[XIV]	0.8179755217842286
e7064d417869adc25041c0add3055010	k__Bacteria; p__Proteobacteria; c__Betaproteobacteria; o__Neisseriales; f__Neisseriaceae; g__Neisseria	0.9985937733442842
4b1698f54519408fbc28940529cc01fa	k__Bacteria; p__Bacteroidetes; c__Bacteroidia; o__Bacteroidales; f__Prevotellaceae; g__Prevotella; s__sp._oral_taxon_443	0.999983607243748
a59f0790b2f51cd9d57241f6450422ba	k__Bacteria; p__Firmicutes; c__Bacilli; o__Lactobacillales; f__Streptococcaceae; g__Streptococcus	0.9999944338548239
3665eb20f8a9bf9a2aa2ea9b7b776d0a	k__Bacteria; p__Firmicutes; c__Clostridia; o__Clostridiales; f__Lachnospiraceae_[XIV]; g__Johnsonella; s__sp._oral_taxon_166	0.9999966906439445
32ba9d3c0e4440a3d134e834916f7ae4	k__Bacteria; p__Saccharibacteria_(TM7); c__TM7_[C-1]; o__TM7_[O-1]; f__TM7_[F-1]; g__TM7_[G-1]; s__sp._oral_taxon_352	0.9598079969553607
e5455920e5b21ca93d0af55c4472c762	k__Bacteria; p__Firmicutes; c__Bacilli; o__Lactobacillales; f__Streptococcaceae; g__Streptococcus	0.9999997598548998
367d900a341d9d68f045ce3b8da9cb28	k__Bacteria; p__Firmicutes; c__Clostridia; o__Clostridiales; f__Lachnospiraceae_[XIV]; g__Lachnoanaerobaculum	0.7293125348215117
66dc2e6476f1e8bddfdf16089a44d5e0	k__Bacteria; p__Firmicutes; c__Erysipelotrichia; o__Erysipelotrichales; f__Erysipelotrichaceae; g__Erysipelotrichaceae_[G-1]; s__sp._oral_taxon_905	0.9513961208783308
bff17dd9a93d831a3bc914e7b5701b19	k__Bacteria; p__Firmicutes; c__Clostridia; o__Clostridiales	0.9999993958127472
bbd4271cdb0b8060305524077ff7e267	k__Bacteria; p__Firmicutes; c__Clostridia; o__Clostridiales; f__Lachnospiraceae_[XIV]; g__Lachnospiraceae_[G-8]; s__sp._oral_taxon_500	0.9999999983740793
4c3c380ae7ccd3ed96f633e9d298dede	k__Bacteria; p__Firmicutes; c__Bacilli; o__Lactobacillales; f__Streptococcaceae; g__Streptococcus	0.999964148422817
f531da1e08340aaed3b5eeb942422ff6	k__Bacteria	1.000000000000004
5a0f2e3e44a3596e6c6a930257930a36	k__Bacteria; p__Firmicutes; c__Bacilli; o__Lactobacillales; f__Streptococcaceae; g__Streptococcus	0.9349867882588119
4e6f147214270e2bb9593945224977e7	k__Bacteria; p__Actinobacteria; c__Actinobacteria; o__Actinomycetales; f__Micrococcaceae; g__Rothia; s__	0.8309562825917408
c9b96464efaf4ccfe793d43e31b3e6e4	k__Bacteria; p__Bacteroidetes; c__Bacteroidia; o__Bacteroidales; f__Porphyromonadaceae; g__Porphyromonas; s__sp._oral_taxon_285	0.9959526055393687
61734f933ccbca7bbe480df8b3c20b60	k__Bacteria; p__Bacteroidetes; c__Bacteroidia; o__Bacteroidales; f__Prevotellaceae; g__Prevotella	0.9999124861044211
395bd1540961ce6d39386e74ade04ef8	k__Bacteria; p__Bacteroidetes; c__Bacteroidia; o__Bacteroidales; f__Prevotellaceae; g__Prevotella	0.9999610075335554
e670ae204c626ca185233a3173d68fa2	k__Bacteria; p__Firmicutes; c__Clostridia; o__Clostridiales; f__[Tissierellaceae]; g__Parvimonas; s__	0.794130353625746
1162c6199f1d4655e5ef47d7206478d0	k__Bacteria; p__Firmicutes; c__Bacilli; o__Gemellales; f__Gemellaceae; g__; s__	0.9829750209169393
69eefd286b49e6db38d5bf12adc92569	k__Bacteria; p__Proteobacteria; c__Gammaproteobacteria; o__Pasteurellales; f__Pasteurellaceae; g__Haemophilus	0.8688314863127532
fef2d6e5b4f28498363ffb212747ed0f	k__Bacteria	0.9999999999999932
f0639924bcc112241b1f0e73219f16c8	k__Bacteria; p__Firmicutes; c__Negativicutes; o__Selenomonadales; f__Veillonellaceae; g__Selenomonas	0.9380267676238556
9487c7e1849fe3334e4ff307f6765e9e	k__Bacteria; p__Firmicutes; c__Clostridia; o__Clostridiales; f__Peptostreptococcaceae_[XI]; g__Peptostreptococcaceae_[XI][G-1]; s__[Eubacterium]_infirmum	0.8627553214169407
2a326944e29183af5892c2157d001f0e	k__Bacteria; p__Bacteroidetes; c__Bacteroidia; o__Bacteroidales; f__Prevotellaceae; g__Prevotella; s__sp._oral_taxon_304	0.9985348741886528
7f8b20f342d0b3bc94cac34038ad2884	k__Bacteria; p__Firmicutes	0.9999999560057086
b7289d4e7a040a686a1da376878e322a	k__Bacteria; p__Firmicutes; c__Clostridia; o__Clostridiales; f__Lachnospiraceae_[XIV]; g__Lachnospiraceae_[G-3]; s__sp._oral_taxon_100	0.9978292053205235
0141dd569c9a5c3776d5a87e92e8b1d7	k__Bacteria; p__Proteobacteria; c__Alphaproteobacteria; o__; f__; g__; s__	0.9162558771388771
04474f00b3a3257018de0043455bb1e9	k__Bacteria; p__Bacteroidetes; c__Bacteroidia; o__Bacteroidales; f__Prevotellaceae; g__Alloprevotella; s__sp._oral_taxon_473	0.9999896224617423
e5a436bd05390afe8a4c408ef6cc5f34	k__Bacteria; p__Firmicutes; c__Clostridia; o__Clostridiales	0.9991714656284479
84d44be74bd2a496390b0c07e93f280f	k__Bacteria; p__Bacteroidetes; c__Bacteroidia; o__Bacteroidales; f__Prevotellaceae; g__Alloprevotella; s__rava	0.9993056977463793
83871192403b40307795ce355cef061f	k__Bacteria; p__Firmicutes; c__Bacilli; o__Lactobacillales; f__Streptococcaceae; g__Streptococcus	0.9999997115457024
39182ca9c59f5af8b7104a65470b10e1	k__Bacteria; p__Firmicutes; c__Clostridia; o__Clostridiales; f__Ruminococcaceae; g__Ruminococcaceae_[G-1]; s__sp._oral_taxon_075	0.999999999373145
0cdc90f88af8e349c9cdadc6bdc84000	k__Bacteria; p__Firmicutes; c__Bacilli; o__Bacillales	0.9992062662876136
d614fc1ab74f51ae934b6415f5d6d4e5	k__Bacteria; p__Proteobacteria; c__Gammaproteobacteria; o__Pasteurellales; f__Pasteurellaceae; g__Haemophilus	0.7918102339448111
c9e0fef654e287ede7bc2dd8750b360b	k__Bacteria	0.9999999965617474
36608ad096c3ddec37d23f2108148677	k__Bacteria; p__Firmicutes; c__Clostridia; o__Clostridiales; f__Lachnospiraceae_[XIV]; g__Oribacterium; s__asaccharolyticum	0.9989920457038393
d86f7e4a3b920af735ae7a428ca9317c	k__Bacteria; p__Firmicutes; c__Clostridia; o__Clostridiales	0.9998890395563883
bc1c4def1e18bab09d68e1293c4ebddb	k__Bacteria; p__Bacteroidetes; c__Bacteroidia; o__Bacteroidales; f__Prevotellaceae; g__Prevotella; s__enoeca	0.9998470959042665
d876c93085a147493b539345595ecd53	k__Bacteria; p__Firmicutes; c__Clostridia; o__Clostridiales; f__Lachnospiraceae_[XIV]; g__Lachnospiraceae_[G-8]; s__sp._oral_taxon_500	0.9999999952660517
75fd52ddc2c2b433cab43ff5ec3845c8	k__Bacteria; p__Proteobacteria; c__Betaproteobacteria; o__Neisseriales; f__Neisseriaceae; g__Kingella	0.8641103772084446
68df1ab0336a1fca0f449df7c84a86a9	k__Bacteria; p__Firmicutes; c__Clostridia; o__Clostridiales	0.9999999960575287
ec13b0b86cee28fd4ed0e377b4f5fd3a	k__Bacteria; p__Firmicutes; c__Bacilli; o__Bacillales	0.9467299766924181
bfc49487145c0df1acba123cf82419b7	k__Bacteria; p__Bacteroidetes; c__Bacteroidia; o__Bacteroidales; f__Prevotellaceae; g__Prevotella; s__shahii	0.7265822807963723
23c0ee6319fb0f6d46d36c42c7bfc964	k__Bacteria; p__Bacteroidetes; c__Bacteroidia; o__Bacteroidales; f__Prevotellaceae; g__Prevotella	0.9999999966493947
eb0aacc7d7d85783683364bdd7977ce7	k__Bacteria; p__Proteobacteria; c__Gammaproteobacteria; o__Pasteurellales; f__Pasteurellaceae; g__Haemophilus	0.871826570506858
26faad1852595cdea7edd264d333b27e	k__Bacteria; p__Actinobacteria; c__Actinobacteria; o__Actinomycetales; f__Actinomycetaceae; g__Actinobaculum; s__sp._oral_taxon_848	0.9928013803799213
0f8f765fe6f048bee5d90f9c28920a65	k__Bacteria; p__Firmicutes; c__Clostridia; o__Clostridiales; f__Lachnospiraceae_[XIV]; g__Lachnospiraceae_[G-2]	0.777723971508146
527593d29dad825b0ca2b31f3d6c8b1e	k__Bacteria; p__TM7; c__TM7-3; o__CW040; f__; g__; s__	0.9827569342872148
1b8a89b423b9c968ba74dac025a82bab	k__Bacteria; p__Bacteroidetes; c__Bacteroidia; o__Bacteroidales; f__Prevotellaceae; g__Prevotella; s__marshii	0.9999999484171993
3dc4cbdc5e0c69ba023cd2b680ba8759	k__Bacteria; p__Bacteroidetes; c__Bacteroidia; o__Bacteroidales; f__Prevotellaceae; g__Prevotella	0.9581058965986601
f2903b33e4130436ebd9a418d2c6cef0	k__Bacteria; p__Bacteroidetes; c__Bacteroidia; o__Bacteroidales; f__Prevotellaceae; g__Prevotella; s__salivae	0.9997228558275576
8eac48ce95b7f08a2875384badc61c61	k__Bacteria; p__Firmicutes; c__Bacilli; o__Lactobacillales; f__Streptococcaceae; g__Streptococcus	0.999988753885624
9cd72a835f1d56180d0dad208e97c351	k__Bacteria; p__Proteobacteria; c__Betaproteobacteria; o__Neisseriales; f__Neisseriaceae; g__Kingella; s__oralis	0.9983319991455041
d90decd96b9cfc610a6ccacb61691b8f	k__Bacteria; p__Bacteroidetes; c__Flavobacteriia; o__Flavobacteriales; f__Flavobacteriaceae; g__Capnocytophaga; s__sputigena	0.9910879941857113
4b8a78a2f93e666dead18b6b621017a7	k__Bacteria; p__Actinobacteria; c__Actinobacteria; o__Actinomycetales; f__Micrococcaceae; g__Rothia; s__	0.9504846016849602
7a32539f77443a3a27441b1bafa4164a	k__Bacteria; p__Firmicutes; c__Clostridia; o__Clostridiales; f__Lachnospiraceae_[XIV]; g__Lachnoanaerobaculum	0.9980125992235576
2ff5144ac36c5e81539bccb069217d87	k__Bacteria; p__Bacteroidetes; c__Flavobacteriia; o__Flavobacteriales; f__Flavobacteriaceae; g__Capnocytophaga; s__sputigena	0.9938042685997966
425237ba3b5a59d8942e6d9d4fc9af13	k__Bacteria; p__Firmicutes; c__Clostridia; o__Clostridiales; f__Ruminococcaceae; g__Ruminococcaceae_[G-1]; s__sp._oral_taxon_075	0.8227328034233197
3d42ffeb60752ceb6fddce9fb9795971	k__Bacteria	0.9461377648785982
a3307ddf7e99e4a88469e11f3ce15662	k__Bacteria; p__Firmicutes; c__Clostridia; o__Clostridiales	0.9999957285172026
e8526e0496bd93a18622243fbbc4fa80	k__Bacteria; p__Fusobacteria; c__Fusobacteriia; o__Fusobacteriales; f__Leptotrichiaceae; g__Leptotrichia; s__sp._oral_taxon_221	0.9999594656257462
8bf7f90070be26ed27f836a90c32e4d7	k__Bacteria; p__Firmicutes; c__Mollicutes; o__Mollicutes_[O-2]; f__Mollicutes_[F-2]; g__Mollicutes_[G-2]; s__sp._oral_taxon_906	0.9998894527855935
ebb3524800073b3a96124e3fb9f55b09	k__Bacteria; p__Saccharibacteria_(TM7); c__TM7_[C-1]; o__TM7_[O-1]; f__TM7_[F-1]; g__TM7_[G-2]; s__sp._oral_taxon_350	0.9901952689255716
0646111d16a24cd4ecad77b5e1c0eadd	k__Bacteria; p__Firmicutes; c__Bacilli; o__Lactobacillales; f__Streptococcaceae; g__Streptococcus	0.9999993168057822
c035dee0c6218577ace26cb93b2d22b0	k__Bacteria; p__Bacteroidetes; c__Bacteroidia; o__Bacteroidales; f__Prevotellaceae; g__Prevotella; s__multisaccharivorax	0.8181164187191252
f9d88c81020a6c45385b7530ebd42a25	k__Bacteria; p__Bacteroidetes; c__Bacteroidia; o__Bacteroidales; f__Prevotellaceae; g__Prevotella; s__nigrescens	0.9275356546867176
7b2caeb768654526edb9df3551c51693	k__Bacteria; p__Firmicutes; c__Bacilli; o__Lactobacillales; f__Streptococcaceae; g__Streptococcus	0.9814064998738692
a5caa6399d5ce1d21458e4587c0a2e63	k__Bacteria; p__Proteobacteria; c__Betaproteobacteria; o__Burkholderiales; f__Comamonadaceae; g__Ottowia; s__sp._oral_taxon_894	0.9998585124637691
f741e4145795b621c997ab61da416415	k__Bacteria; p__Bacteroidetes; c__Bacteroidia; o__Bacteroidales; f__Prevotellaceae; g__Prevotella	0.9999999757666107
b902822d66c5cd8e19ebed9f32ddabd3	k__Bacteria; p__Proteobacteria; c__Gammaproteobacteria; o__Pasteurellales; f__Pasteurellaceae; g__Haemophilus	0.9487393613129307
7401a6dd3e5bc3c4bf7d76f75714ed7b	k__Bacteria; p__Bacteroidetes; c__Bacteroidia; o__Bacteroidales; f__Prevotellaceae; g__Alloprevotella; s__sp._oral_taxon_914	0.8654028279983932
cc448c05399bb4ce2819fa4fe38efc70	k__Bacteria; p__Firmicutes; c__Clostridia; o__Clostridiales; f__Peptostreptococcaceae_[XI]; g__Peptostreptococcaceae_[XI][G-1]; s__[Eubacterium]_infirmum	0.8653066197885229
ec96d1390d3f0908f56330d09eb3126f	k__Bacteria; p__Bacteroidetes; c__Bacteroidia; o__Bacteroidales; f__Prevotellaceae; g__Prevotella	0.9999996489762334
93b3ac58dc672ef809d696c6532ee505	k__Bacteria; p__Actinobacteria; c__Actinobacteria; o__Actinomycetales; f__Actinomycetaceae; g__Actinobaculum; s__sp._oral_taxon_183	0.9045313149610037
b99ab35d77af73db5752a220ae285207	k__Bacteria; p__Fusobacteria; c__Fusobacteriia; o__Fusobacteriales; f__Fusobacteriaceae; g__Fusobacterium	0.9712382559447923
209d55b6af797561b0fbf2c94ec8a62d	k__Bacteria; p__Bacteroidetes; c__Cytophagia; o__Cytophagales; f__Cytophagaceae; g__Cytophaga; s__	0.9999068022351627
893320536d99d3d853fe006ae56ce776	k__Bacteria; p__Bacteroidetes; c__Bacteroidia; o__Bacteroidales; f__Prevotellaceae; g__Prevotella	0.9949237037714831
eba45cccde11bf5b4b6350baa7463c0a	k__Bacteria; p__Firmicutes; c__Bacilli; o__Lactobacillales; f__Streptococcaceae; g__Streptococcus	0.9836937963828956
3b3f39ec7f0120d826ec8273aeb58b0c	k__Bacteria; p__Firmicutes; c__Negativicutes; o__Selenomonadales; f__Veillonellaceae; g__Veillonellaceae_[G-1]	0.7998646742325726
991bd863ec72544738bb04e3d405f452	k__Bacteria; p__Actinobacteria; c__Actinobacteria; o__Actinomycetales; f__Actinomycetaceae; g__Actinomyces; s__graevenitzii	0.9999774325783231
fcbedba6e4bdbbc77fe5362d0f2085f5	k__Bacteria; p__Bacteroidetes; c__Bacteroidia; o__Bacteroidales; f__Prevotellaceae; g__Prevotella; s__aurantiaca	0.9990014193531478
31feff8cbfcf943dc125025efeedcfeb	k__Bacteria	0.9999999919101747
0a48c4be40a6de5f6e9cc3392997fe05	k__Bacteria; p__Firmicutes; c__Clostridia; o__Clostridiales; f__Peptostreptococcaceae_[XI]; g__Peptostreptococcaceae_[XI][G-7]; s__sp._oral_taxon_081	0.9999999883197718
c3bc57f2717ba77f8b344ed426e23972	k__Bacteria; p__Firmicutes; c__Clostridia; o__Clostridiales; f__Ruminococcaceae; g__Ruminococcaceae_[G-1]; s__sp._oral_taxon_075	0.9999742627785322
4f66a7f4e13cd043d90d3a3021f80c72	k__Bacteria; p__Firmicutes; c__Clostridia; o__Clostridiales; f__Ruminococcaceae; g__; s__	0.9267229634763777
c8b080cd2fd53410be7e83000950ceab	k__Bacteria; p__Bacteroidetes; c__Bacteroidia; o__Bacteroidales; f__Prevotellaceae; g__Prevotella	0.9999995635969061
c4ccca0bdd0c4f00eafa25a557dff665	k__Bacteria; p__Firmicutes; c__Bacilli; o__Lactobacillales; f__Leuconostocaceae; g__Leuconostoc	0.9999662574110275
e1233b4f0f5892a83b55f9f635c66024	k__Bacteria; p__Bacteroidetes; c__Flavobacteriia; o__Flavobacteriales; f__Flavobacteriaceae; g__Capnocytophaga; s__sputigena	0.9921965063428239
45cdfee6df0040929ff0722564cd0a86	k__Bacteria; p__Firmicutes; c__Bacilli; o__Bacillales	0.9998356533456938
3a99b839f52849c2778f94ff6826c281	k__Bacteria; p__Firmicutes; c__Clostridia; o__Clostridiales; f__Lachnospiraceae_[XIV]; g__Lachnospiraceae_[G-8]; s__sp._oral_taxon_500	0.9999999911487549
76583b1085aed03ff20ffef6b3d79986	k__Bacteria; p__Bacteroidetes; c__Bacteroidia; o__Bacteroidales; f__Prevotellaceae; g__Alloprevotella; s__sp._oral_taxon_308	0.8635255293186683
62bd0f3a2d57511f549ad4af22299dba	k__Bacteria; p__Proteobacteria; c__Epsilonproteobacteria; o__Campylobacterales; f__Campylobacteraceae; g__Arcobacter; s__	0.9999378844215708
ff4e6e9cd424ba7cecd25381cef70b92	k__Bacteria; p__Proteobacteria; c__Alphaproteobacteria; o__Sphingomonadales; f__Sphingomonadaceae; g__Novosphingobium; s__	0.9682477554255291
d1447f5a3f2dd305ce62f2f8728eca91	k__Bacteria; p__Bacteroidetes; c__Bacteroidia; o__Bacteroidales; f__Prevotellaceae; g__Prevotella	0.9999987571736476
7fd502074347637d135c762d0d604cc0	k__Bacteria; p__Firmicutes; c__Bacilli; o__Lactobacillales; f__Streptococcaceae; g__Streptococcus	0.9997319042167971
33dfe68dba747bcc40a8eb53356116d8	k__Bacteria; p__Bacteroidetes; c__Bacteroidia; o__Bacteroidales; f__Prevotellaceae; g__Prevotella; s__	0.9990326341041446
a855f87e1a77f3ecf25f81aa34ee30c7	k__Bacteria; p__Bacteroidetes; c__Flavobacteriia; o__Flavobacteriales; f__Cryomorphaceae; g__Fluviicola; s__	0.9999993927588232
462cd1748aa705e62d59178fd9ececea	k__Bacteria; p__Firmicutes; c__Bacilli; o__Lactobacillales; f__Streptococcaceae; g__Streptococcus	0.9496208527552723
646aa2e55ef5d06a38886fa78a5ac4e4	k__Bacteria; p__Firmicutes; c__Bacilli; o__Lactobacillales; f__Streptococcaceae; g__Streptococcus	0.999999890918511
7d3c42e20da588523f3cd4cc4ec6141d	k__Bacteria; p__Proteobacteria; c__Deltaproteobacteria; o__Desulfobacterales; f__Desulfobulbaceae; g__Desulfobulbus; s__	0.9977120885513311
b9e5a79a5e2122e8152390dded1cd808	k__Bacteria; p__Firmicutes; c__Negativicutes; o__Selenomonadales; f__Veillonellaceae; g__Selenomonas	0.896749963089954
e802bb83a1eb06cc9d265c77b68dc387	k__Bacteria; p__Bacteroidetes; c__Bacteroidia; o__Bacteroidales; f__Prevotellaceae; g__Prevotella; s__dentalis	0.9999994535716682
010233e250480e63766cc529d9e7b1bb	k__Bacteria; p__Actinobacteria; c__Actinobacteria; o__Actinomycetales; f__Micrococcaceae; g__Rothia	0.980550040694156
13070bd27dd96a1fea1f44ccb37468ec	k__Bacteria; p__Bacteroidetes; c__Bacteroidia; o__Bacteroidales; f__Prevotellaceae; g__Alloprevotella; s__sp._oral_taxon_914	0.8578948379837731
1a15fbdc18b4338379c378ef9316c8c3	k__Bacteria; p__Bacteroidetes; c__Bacteroidia; o__Bacteroidales; f__Prevotellaceae; g__Alloprevotella; s__sp._oral_taxon_914	0.8396185382331951
7247bfd55497f6c65c1b945705577adb	k__Bacteria; p__Verrucomicrobia; c__Verrucomicrobiae; o__Verrucomicrobiales; f__Verrucomicrobiaceae; g__Prosthecobacter; s__debontii	0.9999998846538811
7d1ce051f4daf251747803c79ff3ea10	k__Bacteria; p__Chlorobi; c__OPB56; o__; f__; g__; s__	0.998989738498438
3c28f199ecb451d454e2daf5d103e6f4	k__Bacteria	0.9606391800286453
dfbaff07642d25d1d2ed19336ee3a9a0	k__Bacteria; p__Proteobacteria; c__Alphaproteobacteria; o__Rhodobacterales; f__Rhodobacteraceae; g__Rhodobacter; s__	0.954174796372528
12d80bd4cf668bbceb17fb1fafe3e121	k__Bacteria; p__Proteobacteria; c__Alphaproteobacteria; o__Rhizobiales; f__; g__; s__	0.9896840455727056
62201de36ee2b032160c7092065366f7	k__Bacteria; p__Proteobacteria; c__Deltaproteobacteria; o__Desulfarculales; f__Desulfarculaceae; g__; s__	0.9904723539928345
384ff790482e7fff4963f492c4c7927e	k__Bacteria; p__Planctomycetes; c__Planctomycetia; o__Pirellulales; f__Pirellulaceae; g__; s__	0.9999995318791791
8152e9c14e0f12cc604182bdfd49afa4	k__Bacteria; p__Verrucomicrobia; c__Verrucomicrobiae; o__Verrucomicrobiales; f__Verrucomicrobiaceae; g__Luteolibacter; s__	0.9931666726722843
c9e8c8e57e50272887cc809e2789e034	k__Bacteria; p__Proteobacteria; c__Alphaproteobacteria; o__BD7-3; f__; g__; s__	0.9999923838986274
f5d4c40d7b9cd556dbfa6f139985bee0	k__Bacteria; p__Actinobacteria; c__Actinobacteria; o__Bifidobacteriales; f__Bifidobacteriaceae; g__Bifidobacterium; s__dentium	0.8798868868749883
7436e4827edf9e49485405538c591ab9	k__Bacteria	0.9767008028763269
a95cff757986d87373cfb03cd5eb820a	k__Bacteria; p__Planctomycetes; c__Planctomycetia; o__Pirellulales; f__Pirellulaceae; g__; s__	0.971124561438182
3f1ef77d3f5b812b1257902bbb475b43	k__Bacteria; p__Proteobacteria; c__Alphaproteobacteria; o__Rhodobacterales; f__Rhodobacteraceae	0.9913208602697887
2d766abb32e8f6dd2937e5d9bfdec866	k__Bacteria; p__Actinobacteria; c__Acidimicrobiia; o__Acidimicrobiales; f__; g__; s__	0.9917190676601589
f7b3dd45573b45a1c75c759940cc4da0	k__Bacteria; p__Cyanobacteria; c__Synechococcophycideae; o__Pseudanabaenales; f__Pseudanabaenaceae; g__; s__	0.8266875614410473
a97ac2d6483a07541c3ff4f1f3233d2b	k__Bacteria; p__Bacteroidetes; c__Flavobacteriia; o__Flavobacteriales; f__Flavobacteriaceae; g__Flavobacterium; s__gelidilacus	0.7975598626269198
3d8855c2dbb86fc9f2d595e87cc3e42f	k__Bacteria; p__Bacteroidetes; c__Bacteroidia; o__Bacteroidales; f__Prevotellaceae; g__Prevotella; s__nanceiensis	0.8311583915080202
d5ff8086595b4790b8fe9b6f8de15540	k__Bacteria; p__Proteobacteria; c__Betaproteobacteria; o__Neisseriales; f__Neisseriaceae; g__Neisseria	0.9988244523831687
f54b1c09b31f3cf36e1601030c99ad9a	k__Bacteria; p__Proteobacteria; c__Betaproteobacteria; o__Rhodocyclales; f__Rhodocyclaceae; g__Uliginosibacterium; s__	0.9999635874431361
4b99f3fdccc7f42cac8e68ea6f1df032	k__Bacteria; p__Bacteroidetes; c__Flavobacteriia; o__Flavobacteriales; f__Cryomorphaceae; g__Fluviicola; s__	0.9990276494548522
7c872ee65ae344091eeecf5da553ca62	k__Bacteria; p__Fusobacteria; c__Fusobacteriia; o__Fusobacteriales; f__Leptotrichiaceae; g__Leptotrichia; s__sp._oral_taxon_219	0.9848492519719597
de2de5381e892cde3b9d428b78ba6081	k__Bacteria; p__Spirochaetes; c__Spirochaetia; o__Spirochaetales; f__Spirochaetaceae; g__Treponema	0.999998441753869
7862f5ab821b14dc6f2b9f36284980df	k__Bacteria; p__Firmicutes	0.9999927877094805
f389797c8332c47135c8521d35d9edb4	k__Bacteria; p__Proteobacteria; c__Betaproteobacteria; o__Burkholderiales; f__Burkholderiaceae; g__Lautropia; s__	0.8503328477433726
842b0174565f6ba4f747560ba0c087d8	k__Bacteria; p__Planctomycetes; c__Planctomycetia; o__Pirellulales; f__Pirellulaceae; g__; s__	0.999264104171981
2c1d7132877fe271a46a644050240a87	k__Bacteria; p__Proteobacteria; c__Betaproteobacteria; o__Neisseriales; f__Neisseriaceae; g__Neisseria	0.996909478505954
241ee87d83529fa6470207df2f559a3e	k__Bacteria; p__Firmicutes; c__Bacilli; o__Bacillales	0.9924554274687288
9977cb3cc1c5fd59cb0151ec1fbb6993	k__Bacteria; p__Firmicutes; c__Bacilli; o__Lactobacillales; f__Streptococcaceae; g__Streptococcus	0.9999998968843374
ecfb4f40a74bdb60ab9f2876bdb9e463	k__Bacteria; p__Bacteroidetes; c__Bacteroidia; o__Bacteroidales; f__[Paraprevotellaceae]; g__; s__	0.9999966420620259
0269224ca4e4a3fa7c42797dd0d2af84	k__Bacteria; p__Fusobacteria; c__Fusobacteriia; o__Fusobacteriales; f__Leptotrichiaceae; g__Leptotrichia; s__sp._oral_taxon_417	0.8155009047046913
6ca3472a22781237e32bb937ff554b47	k__Bacteria; p__Proteobacteria; c__Betaproteobacteria; o__Neisseriales; f__Neisseriaceae; g__Kingella; s__oralis	0.9946104494992739
626dd6ae8fcad935160326afca6fd8ac	k__Bacteria; p__Firmicutes; c__Negativicutes; o__Selenomonadales; f__Veillonellaceae; g__Veillonella	0.9713582538162031
603c8c8c10d7e0259ce184e4bb2b2526	k__Bacteria; p__Fusobacteria; c__Fusobacteriia; o__Fusobacteriales; f__Fusobacteriaceae; g__Fusobacterium	0.7971378868248657
017de9e99f86f18d5c95fbbea663c50f	k__Bacteria; p__Firmicutes; c__Clostridia; o__Clostridiales; f__Peptostreptococcaceae_[XI]; g__Peptostreptococcaceae_[XI][G-4]; s__sp._oral_taxon_369	0.8597988020160579
ab84fc7a6db962ac98ff82ea9b1267ba	k__Bacteria; p__Bacteroidetes; c__Bacteroidia; o__Bacteroidales; f__Prevotellaceae; g__Prevotella	0.9999999999999925
982799edef59e0153fb3118602b00635	k__Bacteria; p__Bacteroidetes; c__[Saprospirae]; o__[Saprospirales]; f__Saprospiraceae; g__; s__	0.9999941596199896
442c4fdb8655d16cd087e20169929d1a	k__Bacteria; p__Firmicutes; c__Clostridia; o__Clostridiales; f__Peptostreptococcaceae_[XI]; g__Mogibacterium	0.9495224032918799
3b4afea4707204a197d27ca7bf7c8463	k__Bacteria; p__Spirochaetes; c__Spirochaetia; o__Spirochaetales; f__Spirochaetaceae; g__Treponema	0.9999967286804434
684284058d6d6913ba3a491befd780f3	k__Bacteria; p__Proteobacteria; c__Alphaproteobacteria; o__Sphingomonadales; f__Sphingomonadaceae; g__Sphingobium; s__	0.9998252335375587
81e34bc2b896f200ba86e560c7f6e1c5	k__Bacteria; p__Firmicutes; c__Clostridia; o__Clostridiales; f__Lachnospiraceae_[XIV]; g__Lachnospiraceae_[G-3]; s__sp._oral_taxon_100	0.999999993456143
b89414552889dc70a40241d0b1be6057	k__Bacteria; p__Actinobacteria	0.9996739690746703
74b855e316b7ab0957fbf570ae23e1f4	k__Bacteria; p__Firmicutes; c__Clostridia; o__Clostridiales; f__Veillonellaceae; g__Veillonella; s__	0.9234725480001713
49df9cf030d2151159dc204e61ec1db2	k__Bacteria; p__Firmicutes; c__Clostridia; o__Clostridiales; f__Lachnospiraceae	0.9317747979345044
4f79079b7662318e7f74845b84f60b63	k__Bacteria; p__Firmicutes; c__Bacilli; o__Lactobacillales; f__Streptococcaceae; g__Streptococcus	0.9999997728601352
2280e3da05315f1d62bb31752dd6d2d2	k__Bacteria; p__Firmicutes; c__Clostridia; o__Clostridiales	0.9999813824866705
af80c9fb521d8680aa736502be736579	k__Bacteria; p__Bacteroidetes; c__Bacteroidia; o__Bacteroidales; f__Porphyromonadaceae; g__Tannerella; s__forsythia	0.9895499762451265
e2c053f8989460424b49c6e7e4797fa3	k__Bacteria; p__Firmicutes; c__Bacilli; o__Lactobacillales; f__Streptococcaceae; g__Streptococcus; s__constellatus	0.901612135391506
1a1c6b83542e318c84421b0175d14f4b	k__Bacteria; p__Firmicutes; c__Negativicutes; o__Selenomonadales; f__Veillonellaceae; g__Selenomonas	0.9955346851346732
efc2e9c7d7ad240a5e0f838a75e43403	k__Bacteria; p__Proteobacteria; c__Gammaproteobacteria; o__Pasteurellales; f__Pasteurellaceae; g__Haemophilus; s__sputorum	0.7192413354935702
fc31a2ba4cfa2ca4dc20ff0d4d841140	k__Bacteria; p__Firmicutes; c__Bacilli; o__Lactobacillales; f__Streptococcaceae; g__Streptococcus	0.9999995779585622
edac5bfbfbf2ae3f9d435a11921cfafe	k__Bacteria; p__Proteobacteria; c__Betaproteobacteria; o__Burkholderiales; f__Burkholderiaceae; g__Lautropia; s__mirabilis	0.9922820788318771
10c85345f7acb62ad4541156d78554a5	k__Bacteria; p__Bacteroidetes; c__Bacteroidia; o__Bacteroidales; f__Prevotellaceae; g__Prevotella; s__nanceiensis	0.979161049110417
4df511d94161155bb743091023998d1a	k__Bacteria; p__Firmicutes; c__Bacilli; o__Lactobacillales; f__Streptococcaceae; g__Streptococcus	0.9999991482307736
5516174e9360461a59a5e2be7420454a	k__Bacteria; p__Proteobacteria; c__Alphaproteobacteria; o__Sphingomonadales; f__Erythrobacteraceae; g__Lutibacterium; s__	0.9971993454586066
c09588b830b7904d31327992a260f66d	k__Bacteria; p__Proteobacteria; c__Epsilonproteobacteria; o__Campylobacterales; f__Campylobacteraceae; g__Arcobacter; s__	0.9999894895175437
62289e248c59eb4abb04036b360879af	k__Bacteria; p__Actinobacteria; c__Actinobacteria; o__Bifidobacteriales; f__Bifidobacteriaceae; g__Scardovia; s__wiggsiae	0.9999727234954878
a84c698a84abb8251722bdc43cd7cefe	k__Bacteria; p__Proteobacteria; c__Alphaproteobacteria; o__Rickettsiales; f__; g__; s__	0.999107230138711
1088ad5137537df229adb32210ff4885	k__Bacteria; p__Firmicutes; c__Negativicutes; o__Selenomonadales; f__Veillonellaceae; g__Selenomonas	0.9854359227491791
df9fadb6a6f68910bfb1c88285be1606	k__Bacteria; p__Verrucomicrobia; c__Verrucomicrobiae; o__Verrucomicrobiales; f__Verrucomicrobiaceae; g__; s__	0.9999973871681249
8be893c0f22507127a4495fab12d9abc	k__Bacteria; p__Verrucomicrobia; c__Opitutae; o__Opitutales; f__Opitutaceae; g__Opitutus; s__	0.8874173567279795
0198f6aced4aa285e832860b2f54c029	k__Bacteria; p__Proteobacteria; c__Alphaproteobacteria; o__Rickettsiales; f__mitochondria	0.8504029279714576
22d8e6a477f32096f386f8eb8f89a765	k__Bacteria; p__Firmicutes; c__Bacilli; o__Lactobacillales; f__Streptococcaceae; g__Streptococcus	0.9999665664321044
1cff5d5493fa45573137c9ca76049c77	k__Bacteria; p__Firmicutes; c__Negativicutes; o__Selenomonadales; f__Veillonellaceae; g__Selenomonas	0.9760770472807392
3bb409bd0e472dc68a044fa65c3998f5	k__Bacteria; p__Firmicutes; c__Negativicutes; o__Selenomonadales; f__Veillonellaceae; g__Selenomonas	0.9378329677228596
51651d54f6c12034942992d8a513de30	k__Bacteria	0.9999999999999956
5c72d50d63d03883b8431b52d00c5eae	k__Bacteria; p__Firmicutes; c__Clostridia; o__Clostridiales; f__Lachnospiraceae_[XIV]; g__Oribacterium; s__asaccharolyticum	0.9997471486523893
58dcc4dceddb7f6e79d6752912adb231	k__Bacteria; p__Bacteroidetes; c__Bacteroidia; o__Bacteroidales; f__Porphyromonadaceae; g__Porphyromonas; s__endodontalis	0.7990596716461988
12c32550a709e80ca37824476d2fbc0a	k__Bacteria; p__Firmicutes; c__Bacilli; o__Lactobacillales; f__Lactobacillaceae; g__Lactobacillus; s__vaginalis	0.8860098943252925
6d95abce0d371bdf40e781d93a0a2895	k__Bacteria; p__Proteobacteria; c__Betaproteobacteria; o__Rhodocyclales; f__Rhodocyclaceae; g__Propionivibrio; s__	0.9996596767340853
0ca540d8947c44c33bbfc4b2a21f2164	k__Bacteria; p__Proteobacteria; c__Gammaproteobacteria; o__Pasteurellales; f__Pasteurellaceae	0.9999838274646432
1f335f86228c46a978bebcf64a91d564	k__Bacteria; p__Firmicutes; c__Negativicutes; o__Selenomonadales; f__Veillonellaceae; g__Veillonella	0.9834097767222035
ece5cb19b78995c3b1d5d5227b0f550d	k__Bacteria; p__Firmicutes	0.9994037222347847
be831dfa4a4e244e880e151272c04e5e	k__Bacteria; p__Verrucomicrobia; c__Opitutae; o__Opitutales; f__Opitutaceae; g__; s__	0.9403507004059877
8708e779eda7587e52169bff11aa8e31	k__Bacteria	0.9999999945013595
bacc8d07d328759a95199be5861dea2c	k__Bacteria; p__Bacteroidetes; c__Bacteroidia; o__Bacteroidales; f__Bacteroidales_[F-2]; g__Bacteroidales_[G-2]; s__sp._oral_taxon_274	0.9999979561666091
57927ee10ece873f00fea53a52376f88	k__Bacteria; p__Actinobacteria; c__Actinobacteria; o__Actinomycetales; f__Micrococcaceae; g__Rothia; s__mucilaginosa	0.7670884401571675
6f88d4ab71925b8edd3e385fae284932	k__Bacteria; p__SR1; c__SR1_[C-1]; o__SR1_[O-1]; f__SR1_[F-1]; g__SR1_[G-1]; s__sp._oral_taxon_345	0.999912476611955
55336744b284eb1a75f0db868ed495d9	k__Bacteria; p__Firmicutes; c__Clostridia; o__Clostridiales; f__Lachnospiraceae_[XIV]; g__Stomatobaculum; s__sp._oral_taxon_097	0.9620264521322639
b998e7d95ccbffd7c6b37c4be9184c75	k__Bacteria; p__Firmicutes; c__Clostridia; o__Clostridiales; f__Peptostreptococcaceae_[XI]; g__Peptostreptococcaceae_[XI][G-7]; s__sp._oral_taxon_922	0.9586648252228431
068bdf679cd1d225e82ccb0b97fea8c1	k__Bacteria; p__Proteobacteria; c__Gammaproteobacteria; o__Pasteurellales; f__Pasteurellaceae	0.9999096726146064
8b68194b5b15ebd368e41634fda519dd	k__Bacteria	0.9999999975264813
5eb923ef3d601d0d2ab6b558a9117c8a	k__Bacteria; p__Fusobacteria; c__Fusobacteriia; o__Fusobacteriales; f__Fusobacteriaceae; g__Fusobacterium	0.9773074973373771
6a789b0d996a58802fb6fbe6c020cfd8	k__Bacteria; p__Firmicutes; c__Bacilli; o__Bacillales; f__Staphylococcaceae; g__Staphylococcus	0.9866679114342117
ec29675a395e4abfbf8cf6c5b8f25280	k__Bacteria; p__Firmicutes; c__Clostridia; o__Clostridiales; f__Peptostreptococcaceae_[XI]; g__Peptostreptococcaceae_[XI][G-3]; s__sp._oral_taxon_495	0.9995615342264454
152c9cfd05a7bbd1ca2602c08f1190e3	k__Bacteria; p__Bacteroidetes; c__Bacteroidia; o__Bacteroidales; f__Prevotellaceae; g__Prevotella; s__dentalis	0.9999999842798816
0824c8528d57c6d7e2982a0fc99958ef	k__Bacteria; p__SR1; c__SR1_[C-1]; o__SR1_[O-1]; f__SR1_[F-1]; g__SR1_[G-1]; s__sp._oral_taxon_345	0.9998124844612489
b38b8b4c3f3219bb0771ee3117b36b9d	k__Bacteria; p__Spirochaetes; c__Spirochaetia; o__Spirochaetales; f__Spirochaetaceae; g__Treponema; s__sp._oral_taxon_508	0.9990095884842023
8c6e7f148707f79b28737a222eaf853d	k__Bacteria; p__Bacteroidetes; c__Bacteroidia; o__Bacteroidales; f__Prevotellaceae; g__Prevotella	0.8131606682146906
b4d13aa026f7ec68b2d53caab2c891e5	k__Bacteria; p__Firmicutes; c__Bacilli; o__Lactobacillales	0.9985819041303728
c3a7b984de3e9431fcd8f2710eb9d94b	k__Bacteria; p__Actinobacteria; c__Actinobacteria; o__Actinomycetales; f__Micrococcaceae; g__Rothia	0.9078406988990477
4b36fc2571846b114d750600b4f5e278	k__Bacteria	0.9999999998229464
f14860dabd040ec9c8a4e926540f5215	k__Bacteria; p__Cyanobacteria; c__Chloroplast; o__Streptophyta; f__; g__; s__	0.9999999966858439
6167a16e9100a373d1f678981b5d6255	k__Bacteria; p__Proteobacteria; c__Epsilonproteobacteria; o__Campylobacterales; f__Campylobacteraceae; g__Campylobacter	0.9999999999988671
37b226a247acc0c2bd206aa21f8b8756	k__Bacteria; p__Firmicutes; c__Clostridia; o__Clostridiales; f__Ruminococcaceae; g__Ruminococcaceae_[G-1]; s__sp._oral_taxon_075	0.9999953530878367
aea8c1d9d40b152a5ade0e3de1bfd495	k__Bacteria; p__Firmicutes; c__Clostridia; o__Clostridiales	0.9999999396653735
d5abb2c30a12928ff2f9d83d78820e3a	k__Bacteria; p__Firmicutes; c__Negativicutes; o__Selenomonadales; f__Veillonellaceae; g__Veillonella; s__rogosae	0.9116758536557503
0e5ed32a0abc90d269fe38d7cb43da3b	k__Bacteria; p__Bacteroidetes; c__Sphingobacteriia; o__Sphingobacteriales; f__; g__; s__	0.9624532051557468
90c09f69406f4628ad838577af54a85a	k__Bacteria; p__Firmicutes	0.9999999997629975
cca703c87c17b9d8c0c6635c1c2416b0	k__Bacteria; p__Proteobacteria; c__Deltaproteobacteria; o__Desulfobacterales; f__Desulfobulbaceae; g__Desulfobulbus; s__	0.9937932167050658
64f5617bb2c38a5783df409032c74b45	k__Bacteria; p__Bacteroidetes; c__Bacteroidetes_[C-1]; o__Bacteroidetes_[O-1]; f__Bacteroidetes_[F-1]; g__Bacteroidetes_[G-3]; s__sp._oral_taxon_503	0.9999999999965894
e86c197885b569eba78ebc05d485d7d0	k__Bacteria; p__Spirochaetes; c__Spirochaetia; o__Spirochaetales; f__Spirochaetaceae; g__Treponema; s__sp._oral_taxon_270	0.9999998484552436
b0b80d6c8d25c32ac7ae25f318d73609	k__Bacteria; p__Proteobacteria; c__Alphaproteobacteria; o__; f__; g__; s__	0.8889328203903636
f87c2d64f9136223ca2dcbcb6d867f1f	k__Bacteria; p__Cyanobacteria; c__Nostocophycideae; o__Nostocales; f__Nostocaceae; g__Nodularia; s__harveyana	0.7030214685333996
48aa4466fb2d66aaeef55a081bce240f	k__Bacteria; p__Planctomycetes; c__Planctomycetia; o__Pirellulales; f__Pirellulaceae; g__; s__	0.999990765119842
2b06825bdcc9c3334b2b0d8b5c71a287	k__Bacteria; p__Planctomycetes; c__Planctomycetia; o__Pirellulales; f__Pirellulaceae; g__; s__	0.9999999247141631
f7fc0b3929d2ec108ae3e19b53809817	k__Bacteria; p__Firmicutes; c__Clostridia; o__Clostridiales; f__Gracilibacteraceae; g__; s__	0.966084476719312
799c4512c5d7fd566c1a75070eb95481	k__Bacteria; p__Spirochaetes; c__Spirochaetia; o__Spirochaetales; f__Spirochaetaceae; g__Treponema; s__lecithinolyticum	0.9997297052012772
6246337ac16f6b5e84bd9bd625034794	k__Bacteria; p__Planctomycetes; c__Planctomycetia; o__Pirellulales; f__Pirellulaceae; g__; s__	0.9999938770697423
55c5ebcb561b086276a9f74f1b7bd24a	k__Bacteria; p__Proteobacteria; c__Alphaproteobacteria; o__Rickettsiales; f__mitochondria; g__Thalassiosira; s__pseudonana	0.9999999996087752
08b179e6e41c3fa579a708d52320d226	k__Bacteria; p__Firmicutes; c__Clostridia; o__Clostridiales; f__Ruminococcaceae; g__; s__	0.984687195955926
52710d2b7be3f92d90d2087e983afdce	k__Bacteria; p__Firmicutes; c__Clostridia; o__Clostridiales; f__Clostridiaceae; g__; s__	0.8474045260043088
197538e4545080b268ea1f816195d334	k__Bacteria; p__Cyanobacteria; c__Chloroplast; o__Chlorophyta; f__Chlamydomonadaceae; g__; s__	0.9990178931329506
7c200ebd4b4c01833dd82eab05a3794a	k__Bacteria; p__Firmicutes; c__Clostridia; o__Clostridiales; f__Peptostreptococcaceae_[XI]; g__Peptostreptococcaceae_[XI][G-9]; s__[Eubacterium]_brachy	0.9999990767391295
c5b486d1fdea450351946c28cae7d393	k__Bacteria; p__Planctomycetes; c__Planctomycetia; o__Pirellulales; f__Pirellulaceae; g__; s__	0.9992425041930372
6993a8ed0a653358a5b1681f504bf13e	k__Bacteria; p__Firmicutes; c__Clostridia; o__Clostridiales	0.9929666280826395
0a4bf9d0d8cc53dde62ae61149938a22	k__Bacteria	0.9989639954095333
e0316f2ee3cc324c61287d2d98ed73da	k__Bacteria; p__Actinobacteria; c__Thermoleophilia; o__Gaiellales; f__; g__; s__	0.9998562498891611
bf5bb9a684ffdb7d2010a044c021a494	k__Bacteria; p__Proteobacteria; c__Deltaproteobacteria; o__Syntrophobacterales; f__Syntrophaceae; g__Desulfomonile; s__	0.9304922906895849
8bf7caf000938cb5942ab405846c3a6c	k__Bacteria; p__Chloroflexi; c__Anaerolineae; o__Caldilineales; f__Caldilineaceae; g__; s__	0.9995903039190964
8305eb5cf388d84fa2ac4abf268d30cb	k__Bacteria; p__Proteobacteria; c__Alphaproteobacteria; o__Rhodobacterales; f__Rhodobacteraceae; g__Oceanicola; s__granulosus	0.8597455755597522
9406035e614ee91466740998ab66cb14	k__Bacteria; p__Firmicutes; c__Bacilli; o__Bacillales; f__Bacillaceae; g__Bacillus; s__flexus	0.992808440310225
519129d936d99cd2f0e6bfbcdf392027	k__Bacteria; p__Proteobacteria; c__Deltaproteobacteria; o__NKB15; f__; g__; s__	0.9999999723208507
d65cca50921f65c5a153a01d0b97c6c2	k__Bacteria; p__Planctomycetes; c__Planctomycetia; o__Pirellulales; f__Pirellulaceae; g__; s__	0.9999921313566413
23c2e459f3ad52e4f93e0a879891cd42	k__Bacteria; p__Actinobacteria; c__Actinobacteria; o__Corynebacteriales; f__Mycobacteriaceae; g__Mycobacterium; s__leprae	0.8190024304857038
30701f75cd6b1d3c2b0d185cfb1ef3f3	k__Archaea; p__[Parvarchaeota]; c__[Parvarchaea]; o__YLA114; f__; g__; s__	0.999999805792702
3ba135a5716c74c28c40cbb56e13fc95	k__Bacteria; p__Proteobacteria; c__Gammaproteobacteria; o__Alteromonadales; f__Alteromonadaceae; g__BD2-13; s__	0.9904402369904298
c9713da19a8d0b8cbf954a30d41172ef	k__Bacteria; p__Proteobacteria; c__Betaproteobacteria; o__Neisseriales; f__Neisseriaceae; g__Neisseria	0.9915549836513653
73a0e6175cdb542ab73e2187d3e1b5b3	k__Bacteria; p__Bacteroidetes; c__Bacteroidia; o__Bacteroidales; f__SB-1; g__; s__	0.9999979906051673
d92cc9f4a4e50756f7394b10895f14e6	k__Bacteria; p__Firmicutes; c__Clostridia; o__Clostridiales; f__Peptostreptococcaceae_[XI]; g__Peptostreptococcaceae_[XI][G-6]; s__[Eubacterium]_nodatum	0.9339115689462527
325960e0539ea495cbebdae2436c415c	k__Bacteria; p__Firmicutes	0.9999993308464477
7df4e53e78189d432aa310dfa5df5e52	k__Bacteria; p__Bacteroidetes; c__Flavobacteriia; o__Flavobacteriales; f__Flavobacteriaceae; g__Capnocytophaga; s__	0.9999355399897868
167dccaddcbfb51767a5bc95eb0f0f4e	k__Bacteria; p__Bacteroidetes; c__Bacteroidia; o__Bacteroidales; f__Prevotellaceae; g__Prevotella	0.8972299250517306
0e01031de639849b0be13fe1ad471620	k__Bacteria; p__Firmicutes; c__Bacilli; o__Bacillales	0.9726499645225581
fcc224c6b80698ab350362da15a99c9f	k__Bacteria; p__Firmicutes; c__Clostridia; o__Clostridiales	0.9895269075939311
bbe0809cb32007cd4c2ed2f8f08532b7	k__Bacteria; p__Firmicutes; c__Clostridia; o__Clostridiales	0.9999999996921337
5897b14efc153ef0c6009643a3032c18	k__Bacteria; p__Firmicutes; c__Clostridia; o__Clostridiales; f__Lachnospiraceae_[XIV]; g__Butyrivibrio; s__sp._oral_taxon_455	0.989128735650959
8bee310e1f38a5e9e94180ec1bb61d65	k__Bacteria; p__Firmicutes; c__Bacilli; o__Lactobacillales; f__Streptococcaceae; g__Streptococcus	0.9999994072843862
1591656011ac990584ddaa43ac2d89b3	k__Bacteria; p__Bacteroidetes; c__Bacteroidia; o__Bacteroidales; f__Prevotellaceae; g__Prevotella; s__sp._oral_taxon_305	0.9999974113618858
04ff98a8401494b7bcad95919ea6ad28	k__Bacteria; p__Proteobacteria; c__Alphaproteobacteria; o__Sphingomonadales; f__Sphingomonadaceae; g__Novosphingobium; s__	0.9903822207902833
ff818f7baacd168b000e71a8232a5395	k__Bacteria; p__Firmicutes; c__Clostridia; o__Clostridiales; f__Ruminococcaceae; g__Ruminococcaceae_[G-1]; s__sp._oral_taxon_075	0.7245486398726518
5c281c6de8f83e39d5fb4402b3689df3	k__Bacteria; p__Proteobacteria; c__Gammaproteobacteria; o__Cardiobacteriales; f__Cardiobacteriaceae; g__Cardiobacterium	0.9995919197658031
25063fca5e8b0395c54103f9a4a88534	k__Bacteria; p__Bacteroidetes; c__Bacteroidia; o__Bacteroidales; f__Prevotellaceae; g__Prevotella	0.999999989226586
f07aa6eb2b0cd9d1289260cec5c635de	k__Bacteria; p__Bacteroidetes; c__Bacteroidia; o__Bacteroidales; f__Prevotellaceae; g__Prevotella; s__sp._oral_taxon_526	0.9999999999947136
f2edc9211e4b0077a0e04fa75e10e77c	k__Bacteria; p__Proteobacteria; c__Betaproteobacteria; o__Neisseriales; f__Neisseriaceae; g__Neisseria	0.999720064346696
bdb2085e5da110a186a5bfb68dcefb0b	k__Bacteria; p__Firmicutes; c__Mollicutes; o__Mycoplasmatales; f__Mycoplasmataceae; g__Mycoplasma; s__salivarium	0.9656656788090571
99870860bfd9865268018fcf46573f77	k__Bacteria; p__Firmicutes; c__Bacilli; o__Bacillales	0.8795784703876033
0ce10a2e047a73d3c612c9e444ad3579	k__Bacteria; p__Firmicutes; c__Bacilli; o__Lactobacillales; f__Streptococcaceae; g__Streptococcus	0.9999998085335638
767fad12340600cb3a1c82b1734a2b95	k__Bacteria; p__Firmicutes	0.9999999993626103
7dbaec0bcdfc356befa0f8173d62e233	k__Bacteria; p__Fusobacteria; c__Fusobacteriia; o__Fusobacteriales; f__Fusobacteriaceae; g__Fusobacterium	0.9693462614721087
088f86c0a7923f452f2a4d8e7f2dc5c9	k__Bacteria; p__Firmicutes; c__Bacilli; o__Lactobacillales; f__Streptococcaceae; g__Streptococcus	0.9986313174752152
abe9208a421d3aaa155f48d7a2d25e9a	k__Bacteria; p__Proteobacteria; c__Epsilonproteobacteria; o__Campylobacterales; f__Campylobacteraceae; g__Campylobacter; s__sp._oral_taxon_044	0.9878011244223276
7c5b34c1506f08085f7232dd6eaeec6b	k__Bacteria; p__Cyanobacteria; c__Synechococcophycideae; o__Pseudanabaenales; f__Pseudanabaenaceae; g__; s__	0.7954637237480424
d2adb3f47a21a4f0f834d75d86dc384f	k__Bacteria; p__Planctomycetes; c__Planctomycetia; o__Pirellulales; f__Pirellulaceae; g__; s__	0.9999775656218419
5ead5a720d189e6d8b4b465141e10dcc	k__Bacteria; p__Fusobacteria; c__Fusobacteriia; o__Fusobacteriales; f__Fusobacteriaceae; g__Fusobacterium	0.994968604370466
fc35adc1f6ede43884d146f5e9cb83e2	k__Bacteria; p__Bacteroidetes; c__Bacteroidia; o__Bacteroidales; f__Prevotellaceae; g__Alloprevotella; s__sp._oral_taxon_308	0.8645836030997192
e498e65fa25c5786eacedbc0517ef62d	k__Bacteria; p__Firmicutes; c__Bacilli; o__Lactobacillales; f__Streptococcaceae; g__Streptococcus	0.9735780685487324
a18b4b9dd78625a047a9dd5a2c48b283	k__Bacteria; p__Firmicutes; c__Clostridia; o__Clostridiales	0.999999999997822
3db6e2d1c2125c135500fa5029e4e337	k__Bacteria; p__Fusobacteria; c__Fusobacteriia; o__Fusobacteriales; f__Fusobacteriaceae; g__Fusobacterium	0.987903352540582
7162f42749bc2df8164d88cc40023e7a	k__Bacteria; p__Fusobacteria; c__Fusobacteriia; o__Fusobacteriales; f__Fusobacteriaceae; g__Fusobacterium	0.9458463856410627
a5b5d87d41d9c2513358f376de3ab173	k__Bacteria; p__Firmicutes; c__Mollicutes; o__Mycoplasmatales; f__Mycoplasmataceae; g__Mycoplasma; s__faucium	0.7441094697691569
7d2008425f72af9b71c5af3e9480cc33	k__Bacteria; p__Firmicutes; c__Bacilli; o__Lactobacillales; f__Streptococcaceae; g__Streptococcus	0.9999995531520544
67d14e4729960a4996a711ec45dd7d5c	k__Bacteria; p__Actinobacteria; c__Actinobacteria; o__Actinomycetales; f__Actinomycetaceae; g__Mobiluncus	0.9999987271858009
415c826fed1f8bf4f3abe6e41360ead5	k__Bacteria; p__Firmicutes	0.9999999995741936
8eab63bcb5e5c5b4531dc24c2baf03ec	k__Bacteria; p__Firmicutes; c__Clostridia; o__Clostridiales	0.999999999823026
4557ba2f0ffcd5a35632bf5a14c01062	k__Bacteria; p__Bacteroidetes; c__Bacteroidia; o__Bacteroidales; f__Prevotellaceae	0.9903577446162389
eddc00832b60f00daa9c5e3267008029	k__Bacteria; p__Bacteroidetes; c__Bacteroidia; o__Bacteroidales; f__Prevotellaceae; g__Alloprevotella; s__sp._oral_taxon_473	0.9978666258143711
c97cb75f0e675d03578a06414f18746b	k__Bacteria; p__Firmicutes; c__Negativicutes; o__Selenomonadales; f__Veillonellaceae; g__Veillonella	0.9717204247588042
5de8f8ed89b11e5f4cc268cab30f56d8	k__Bacteria; p__Bacteroidetes; c__Bacteroidia; o__Bacteroidales; f__Prevotellaceae; g__Prevotella; s__histicola	0.7276027713494896
b361bbf19690ae8dba586bdb8feabd89	k__Bacteria; p__Firmicutes; c__Bacilli; o__Lactobacillales; f__Streptococcaceae; g__Streptococcus	0.9981074967482563
855414ac5b839524f679cc9feb5f2121	k__Bacteria; p__Firmicutes; c__Bacilli; o__Lactobacillales; f__Streptococcaceae; g__Streptococcus	0.9999997568860802
24d19037a434aad6fa05ab1b932e5b65	k__Bacteria; p__Planctomycetes; c__Planctomycetia; o__Pirellulales; f__Pirellulaceae; g__; s__	0.9999990668344998
845e855be77ca45ce4921f967734275d	k__Bacteria; p__Firmicutes; c__Mollicutes; o__Mollicutes_[O-1]; f__Mollicutes_[F-1]; g__Mollicutes_[G-1]; s__sp._oral_taxon_504	0.9999970639329704
d9201083212c071336776b7e40e02fd2	k__Bacteria; p__Acidobacteria; c__Holophagae; o__Holophagales; f__Holophagaceae; g__Geothrix; s__	0.9857209863983475
dfe4f4f3ae980d028d4ae76128d5289f	k__Bacteria; p__Bacteroidetes; c__Bacteroidia; o__Bacteroidales; f__Bacteroidales_[F-2]; g__Bacteroidales_[G-2]; s__sp._oral_taxon_274	0.9999998490507068
6de40805da209232dd6fb653726d15a7	k__Bacteria; p__Proteobacteria; c__Epsilonproteobacteria; o__Campylobacterales; f__Campylobacteraceae; g__Campylobacter; s__concisus	0.9077013135214477
44f9f1f7b59cca2aad3d3eea78d76857	k__Bacteria; p__Bacteroidetes; c__Cytophagia; o__Cytophagales; f__Cytophagaceae; g__; s__	0.874016367442839
f41960db53b0e72a50d7c060f968bc9f	k__Bacteria; p__Cyanobacteria; c__Synechococcophycideae; o__Pseudanabaenales; f__Pseudanabaenaceae; g__Leptolyngbya; s__	0.9985335508937205
3da8907e3e6cf7953db4483639c9333a	k__Bacteria; p__Firmicutes	0.9999999857549693
5453b2dc62c1551fc3190f6dedfcc504	k__Bacteria; p__Firmicutes; c__Clostridia; o__Clostridiales; f__Peptostreptococcaceae_[XI]; g__Peptostreptococcaceae_[XI][G-2]; s__sp._oral_taxon_091	0.9999980669339475
ab75e774cc78d7ace46d6c114a8d84be	k__Bacteria; p__Spirochaetes	0.9999999999999994
b938a95e8e388a8a6de31cd21940cef2	k__Bacteria; p__Bacteroidetes; c__Bacteroidia; o__Bacteroidales; f__Prevotellaceae; g__Prevotella	0.9996915701992882
2efd406b30ae3b085890fbb629b194ba	k__Bacteria; p__Cyanobacteria; c__4C0d-2; o__MLE1-12; f__; g__; s__	0.99999999999811
9715c54dc9967be6ddbf5faf741071fe	k__Bacteria; p__Firmicutes; c__Clostridia; o__Clostridiales; f__Lachnospiraceae_[XIV]; g__Lachnospiraceae_[G-3]; s__sp._oral_taxon_100	0.7354850259297543
295de4a36a5bfd15e87cf4f20407282a	k__Bacteria; p__Firmicutes; c__Negativicutes; o__Selenomonadales; f__Veillonellaceae; g__Veillonella	0.9893949195805244
9b655bec7ec9dabb9e8ed9a804296550	k__Bacteria; p__Bacteroidetes; c__Bacteroidia; o__Bacteroidales; f__Prevotellaceae; g__Alloprevotella; s__rava	0.999658058174433
acc93574f3293adac35cf361363af64c	k__Bacteria; p__Firmicutes; c__Clostridia; o__Clostridiales; f__Peptoniphilaceae; g__Parvimonas	0.8999806152611238
fdad303098c8c76829b3b5e741034f01	k__Bacteria; p__Actinobacteria; c__Actinobacteria; o__Bifidobacteriales; f__Bifidobacteriaceae; g__Alloscardovia; s__omnicolens	0.9971093470059248
0620f681ad47441609613ad1b8e81f50	k__Bacteria; p__Firmicutes; c__Bacilli	0.9998662080261749
c2e96d7a97a239dc4d8b2a7b801ab639	k__Bacteria; p__Bacteroidetes; c__Bacteroidia; o__Bacteroidales; f__Prevotellaceae; g__Prevotella; s__fusca	0.9705314867369907
3ad5ef2f32e90b14d43b04b404828ac3	k__Bacteria; p__Proteobacteria; c__Gammaproteobacteria; o__Pasteurellales; f__Pasteurellaceae; g__Actinobacillus; s__porcinus	0.7179849779110539
b6d05191af4586ad1ffb3d20792433bc	k__Bacteria; p__Bacteroidetes; c__Bacteroidia; o__Bacteroidales; f__Prevotellaceae; g__Prevotella; s__sp._oral_taxon_396	0.9878386296400263
a72bf2c99a7029989e88eded834a3e84	k__Bacteria; p__Proteobacteria; c__Betaproteobacteria; o__Neisseriales; f__Neisseriaceae; g__Neisseria	0.9816192856309142
b1debce440e28fe76e76e27ae3feb28d	k__Bacteria; p__Bacteroidetes; c__Bacteroidetes_[C-2]; o__Bacteroidetes_[O-2]; f__Bacteroidetes_[F-2]; g__Bacteroidetes_[G-6]; s__sp._oral_taxon_516	0.9999999870627222
57aabda836b9e5db4ab5b87436588158	k__Bacteria; p__Proteobacteria; c__Epsilonproteobacteria; o__Campylobacterales; f__Campylobacteraceae; g__Campylobacter; s__sp._oral_taxon_044	0.9982216717011723
227b89c9a84461d55fbe6bc90b276a9a	k__Bacteria; p__Firmicutes	0.999886596699735
b0bc16996a23061dc939ac3c8246d7f5	k__Bacteria; p__Firmicutes; c__Clostridia; o__Clostridiales; f__Peptostreptococcaceae_[XI]; g__Peptostreptococcaceae_[XI][G-9]; s__[Eubacterium]_brachy	0.9999997708033682
c7f4d8ded13aefe73636bed02a99fa8b	k__Bacteria; p__Firmicutes; c__Negativicutes; o__Selenomonadales; f__Veillonellaceae; g__Selenomonas	0.9776112048055986
4568bbec46097fffc6e6c378bad1a7af	k__Bacteria; p__Proteobacteria; c__Gammaproteobacteria; o__Pasteurellales; f__Pasteurellaceae; g__Aggregatibacter	0.8834986137340228
bbde12a85322fa637ab31f39b7734194	k__Bacteria; p__Firmicutes; c__Clostridia; o__Clostridiales; f__[Tissierellaceae]; g__; s__	0.9892039502147816
e85d33e95b33fc572024fd9baaaa2582	k__Bacteria; p__Firmicutes	0.9999999999995408
9c20969009416a40a82764f9fbfcb0e8	k__Bacteria; p__Spirochaetes; c__Spirochaetes; o__Spirochaetales; f__Spirochaetaceae; g__Treponema; s__	0.9945126834965996
7361523ea38aa8f41f64699a6fa316df	k__Bacteria; p__Fusobacteria; c__Fusobacteriia; o__Fusobacteriales; f__Leptotrichiaceae; g__; s__	0.9994517150363728
c3caa7908af84ca3850d29af04ec2a74	k__Bacteria; p__Fusobacteria; c__Fusobacteriia; o__Fusobacteriales; f__Fusobacteriaceae; g__Fusobacterium; s__periodonticum	0.7788356207745978
e1ee1c44ff7b78faebafefb6fdec1527	k__Bacteria; p__Bacteroidetes; c__Bacteroidia; o__Bacteroidales; f__Prevotellaceae; g__Prevotella; s__intermedia	0.9968808570989272
96ddcb36908c679b6fa94c4e5ea4a64e	k__Bacteria; p__Fusobacteria; c__Fusobacteriia; o__Fusobacteriales; f__Leptotrichiaceae; g__Leptotrichia; s__sp._oral_taxon_221	0.9999886660603999
d9481533f286bedc0d0b1c0e15f79365	k__Bacteria; p__Spirochaetes; c__Spirochaetia; o__Spirochaetales; f__Spirochaetaceae; g__Treponema; s__sp._oral_taxon_490	0.9998996280929813
62a908655ff867125bb0f06cc8361182	k__Bacteria; p__Firmicutes	0.9999999999977817
7c91af89fc96bd8780b2ec667741192f	k__Bacteria; p__Actinobacteria; c__Coriobacteriia; o__Eggerthellales; f__Eggerthellaceae; g__Cryptobacterium; s__curtum	0.9999999958042025
4b1b4fe5701b54162c3fe22d21616a95	k__Bacteria; p__Firmicutes; c__Negativicutes; o__Selenomonadales; f__Veillonellaceae; g__Veillonellaceae_[G-1]; s__sp._oral_taxon_155	0.7721180605009229
099ba24a1e5f5af8a3ea26d81b68ad75	k__Bacteria; p__Actinobacteria; c__Actinobacteria; o__Actinomycetales; f__Micrococcaceae; g__Rothia	0.8647011963258833
f2f86f42b72fc5071ac91bf10604643a	k__Bacteria; p__Firmicutes; c__Bacilli; o__Lactobacillales; f__Streptococcaceae; g__Streptococcus	0.9999992882850129
32b2c216a5b285f77982f821aee05ed7	k__Bacteria; p__Firmicutes; c__Bacilli; o__Lactobacillales; f__Streptococcaceae; g__Streptococcus	0.9999997207891883
bbc88ad0b797b4ac92dc51fbb6f81453	k__Bacteria; p__Proteobacteria; c__Betaproteobacteria; o__Neisseriales; f__Neisseriaceae; g__Eikenella; s__corrodens	0.8653500940538505
4b25ed3b19b5c1d8960cd7c5696b5691	k__Bacteria; p__Proteobacteria; c__Betaproteobacteria; o__Neisseriales; f__Neisseriaceae; g__Neisseria	0.9985128437496555
9524918323110a1ba66ba56ef4cd9efe	k__Bacteria; p__Fusobacteria; c__Fusobacteriia; o__Fusobacteriales; f__Fusobacteriaceae; g__Fusobacterium; s__periodonticum	0.8143869050062306
f8e635a2e020dfe4c726f23c9b23fbb6	k__Bacteria; p__Firmicutes; c__Bacilli; o__Lactobacillales; f__Streptococcaceae; g__Streptococcus	0.9549223213910458
7cba13b897da0ff8db203d1340759187	k__Bacteria; p__Firmicutes; c__Clostridia; o__Clostridiales; f__Lachnospiraceae_[XIV]; g__Lachnoanaerobaculum; s__umeaense	0.9945433471521443
7398ab867acedaa690ea0b6fb8faa48b	k__Bacteria; p__Firmicutes; c__Bacilli; o__Bacillales; f__Gemellaceae; g__Gemella	0.7386411389224541
863856d2014c962c5b993b04190b9601	k__Bacteria	0.999999959492008
b92ebce4fc9dcde2fc5121e6b8dde52d	k__Bacteria; p__Bacteroidetes; c__Bacteroidia; o__Bacteroidales; f__Prevotellaceae; g__Prevotella; s__sp._oral_taxon_300	0.8427598191095071
625b09b36ec9986a08ef548559836142	k__Bacteria	0.9999989249452498
8866b359afec55e7a1cf23766c44eb05	k__Bacteria; p__Firmicutes; c__Clostridia; o__Clostridiales	0.8544826879160492
050ceecaafbc0ecf7e12c466d68e985f	k__Bacteria	0.9999999999959746
e26a2e8e29acd3903d19525119c56b15	k__Bacteria; p__Fusobacteria; c__Fusobacteriia; o__Fusobacteriales; f__Fusobacteriaceae; g__Fusobacterium	0.9797681931361316
4345130ed3911366e64e9b677ad07c2c	k__Bacteria; p__Firmicutes; c__Clostridia; o__Clostridiales; f__Lachnospiraceae; g__; s__	0.9366627630024369
1b75d23244beba872028d3df8c2e4454	k__Bacteria; p__Bacteroidetes; c__Bacteroidia; o__Bacteroidales; f__Prevotellaceae; g__Prevotella; s__stercorea	0.9999996185603396
14100126956f06d576cad94664b170e5	k__Bacteria	0.9999999999971997
35813edadc0027dba8a5f8bab1b6b3f6	k__Bacteria; p__Bacteroidetes; c__Bacteroidia; o__Bacteroidales; f__Prevotellaceae; g__Prevotella; s__intermedia	0.8624556458346124
b851c55807bf33b78a30a6d7bcfc2acd	k__Bacteria; p__Firmicutes; c__Clostridia; o__Clostridiales; f__Lachnospiraceae_[XIV]; g__Stomatobaculum; s__sp._oral_taxon_097	0.9912091864227973
34f6cd9cad728a0567daeb372ca69374	k__Bacteria; p__Proteobacteria; c__Betaproteobacteria; o__Neisseriales; f__Neisseriaceae	0.9999999988765846
6bc8cfe15fd42bc58748b6118e3dc50d	k__Bacteria; p__Actinobacteria; c__Actinobacteria; o__Actinomycetales; f__Micrococcaceae; g__Rothia; s__	0.9956421014922192
d6e9d9ee9565dbc73f67a17dedd55fa6	k__Bacteria; p__Firmicutes; c__Bacilli; o__Lactobacillales; f__Streptococcaceae; g__Streptococcus	0.9999981583253919
a3f0795ecc3f7ffa559da24d07d3dab9	k__Bacteria; p__Proteobacteria; c__Gammaproteobacteria; o__Pasteurellales; f__Pasteurellaceae	0.8050261778504634
829c208dbf594362af88fa1bee91279d	k__Bacteria; p__Proteobacteria; c__Betaproteobacteria; o__Neisseriales; f__Neisseriaceae	0.9999636328554709
377e22ba6760672de594b293a84ca12a	k__Bacteria; p__Bacteroidetes; c__Bacteroidia; o__Bacteroidales; f__Prevotellaceae; g__Prevotella; s__histicola	0.791541480074652
e95a341c16da67f9c5b1c06e6c9e1bde	k__Bacteria	0.9467877458101603
d63c68bbb4c7d2ce870e60e2f766d7bf	k__Bacteria; p__Firmicutes; c__Negativicutes; o__Selenomonadales; f__Veillonellaceae; g__Veillonella	0.9657639319998922
931466c8913e041e75ff6610841d2a8a	k__Bacteria; p__Proteobacteria; c__Epsilonproteobacteria; o__Campylobacterales; f__Campylobacteraceae; g__Campylobacter	0.9956604883355609
5a6f58c27986b35eeaa5938435152767	k__Bacteria; p__Gracilibacteria_(GN02); c__GN02_[C-1]; o__GN02_[O-1]; f__GN02_[F-1]; g__GN02_[G-1]; s__sp._oral_taxon_872	0.9999988945412497
eea228e471fee8c23b9bf18f971b73ee	k__Bacteria; p__Bacteroidetes; c__Bacteroidia; o__Bacteroidales; f__Prevotellaceae	0.980228866600283
676aea10ad23c869e96b7a9b9d3bbbcf	k__Bacteria; p__Firmicutes; c__Bacilli; o__Bacillales; f__Gemellaceae; g__Gemella	0.7251828573957688
3ea72dabd96050fba2b0561b45b93d63	k__Bacteria; p__Firmicutes; c__Negativicutes; o__Selenomonadales; f__Veillonellaceae; g__Veillonella	0.9884666481890609
1c37daee38833e0332baea69c7fcb1a3	k__Bacteria; p__Firmicutes; c__Clostridia; o__Clostridiales; f__Lachnospiraceae_[XIV]; g__Stomatobaculum; s__sp._oral_taxon_097	0.7824617780708018
ac3d1935f73b864e6c44d273121e09a1	k__Bacteria; p__Bacteroidetes; c__Bacteroidia; o__Bacteroidales; f__Prevotellaceae; g__Alloprevotella; s__rava	0.9999757143372512
ad4bbaa78d4a2c13f116d307f82e608b	k__Bacteria	0.999999999995136
91f4f99b49cce4f7feda3bf3eb15fcb3	k__Bacteria; p__Tenericutes; c__Mollicutes; o__Acholeplasmatales; f__Acholeplasmataceae; g__Acholeplasma; s__	0.9999359267940127
9cc39572191ecb548b5ea7b53b7c7883	k__Bacteria; p__Firmicutes; c__Erysipelotrichia; o__Erysipelotrichales; f__Erysipelotrichaceae; g__Erysipelotrichaceae_[G-1]; s__sp._oral_taxon_905	0.9559675115966738
41af6485bd4e2e0283d8823877a2e98b	k__Bacteria; p__Firmicutes; c__Clostridia; o__Clostridiales	0.999940950466581
23e2a03febb7871a1313822f0264b22c	k__Bacteria; p__Bacteroidetes; c__Bacteroidia; o__Bacteroidales; f__Prevotellaceae; g__Prevotella; s__saccharolytica	0.999999669505113
355fea2c5873cb4220c387be4483a7b8	k__Bacteria; p__Proteobacteria; c__Gammaproteobacteria; o__Pasteurellales; f__Pasteurellaceae; g__Haemophilus	0.9771277578750066
c9ff387aaade669907689e57a81d4a91	k__Bacteria; p__Bacteroidetes; c__Bacteroidia; o__Bacteroidales; f__Prevotellaceae; g__Prevotella; s__pallens	0.9968528400899516
a274119895b36796ffefd3e223c9d3bc	k__Bacteria; p__Saccharibacteria_(TM7); c__TM7_[C-1]; o__TM7_[O-1]; f__TM7_[F-1]; g__TM7_[G-1]; s__sp._oral_taxon_352	0.9631228522017818
5e2119f23d59c41b5e832905e9c95e5d	k__Bacteria; p__Firmicutes; c__Clostridia; o__Clostridiales; f__Veillonellaceae; g__Dialister	0.7460921344103021
f3da82adf9a2f9f2129f5fddbd6ca9f1	k__Bacteria; p__Fusobacteria; c__Fusobacteriia; o__Fusobacteriales; f__Leptotrichiaceae; g__Leptotrichia; s__sp._oral_taxon_221	0.7464309603602592
7bf041af8ad6a2072eacd5edc0a2a278	k__Bacteria; p__Bacteroidetes; c__Bacteroidia; o__Bacteroidales; f__Prevotellaceae; g__Alloprevotella; s__sp._oral_taxon_473	0.9408048643256129
a1446cdda3a911de8a5e96b1edd6ce19	k__Bacteria; p__Bacteroidetes; c__Bacteroidia; o__Bacteroidales; f__Prevotellaceae; g__Prevotella	0.9999831792894796
62c2a429559bafe1fc1eeab0ef1aef9c	k__Bacteria; p__Firmicutes; c__Clostridia; o__Clostridiales	0.8506233461272447
fa51f04194ced9f50d5917a00103b33e	k__Bacteria; p__Proteobacteria; c__Betaproteobacteria; o__Neisseriales; f__Neisseriaceae; g__Neisseria	0.9992118430586189
df31b690bd8f40b916290e08583d7944	k__Bacteria; p__Bacteroidetes; c__Bacteroidia; o__Bacteroidales; f__Prevotellaceae; g__Prevotella	0.9882415050253536
9588d706f26500f95cf8a796106471ac	k__Bacteria; p__Bacteroidetes; c__Bacteroidia; o__Bacteroidales; f__Prevotellaceae; g__Prevotella; s__nanceiensis	0.7611352206835105
578eba3273d0ec06f0417fca3829ddb0	k__Bacteria; p__SR1; c__SR1_[C-1]; o__SR1_[O-1]; f__SR1_[F-1]; g__SR1_[G-1]; s__sp._oral_taxon_874	0.9832943832936832
6c53ec3ae0b04d78f364dff12aae3534	k__Bacteria; p__Spirochaetes; c__Spirochaetes; o__Spirochaetales; f__Spirochaetaceae; g__Treponema; s__	0.9867286944632617
8b8bc0a85172f9b15af9abfe6ffb6229	k__Bacteria; p__Firmicutes; c__Bacilli; o__Lactobacillales; f__Streptococcaceae; g__Streptococcus	0.9979451829502666
3e58bbde3dec42d25480e68a680122ee	k__Bacteria; p__Fusobacteria; c__Fusobacteriia; o__Fusobacteriales; f__Fusobacteriaceae; g__Fusobacterium	0.7893300056799669
47e6f0f7f21d52f61e62802e044558e0	k__Bacteria; p__Firmicutes; c__Bacilli; o__Lactobacillales; f__Streptococcaceae; g__Streptococcus	0.9999712138512006
1407ba0032476608b520b952106c455e	k__Bacteria; p__Firmicutes; c__Bacilli; o__Lactobacillales; f__Streptococcaceae; g__Streptococcus	0.9999973796095889
7390df82d0fd065f6a8c634c1d4a881d	k__Bacteria; p__Firmicutes	0.9955465107355859
4b31fd5bd410eb2d3d1848e5ef9979a5	k__Bacteria; p__Bacteroidetes; c__Bacteroidia; o__Bacteroidales; f__Prevotellaceae; g__Alloprevotella; s__sp._oral_taxon_473	0.9999841731821328
3e8299b17c547f4d7d0d41ba493dfed2	k__Bacteria; p__Bacteroidetes; c__Bacteroidia; o__Bacteroidales; f__Prevotellaceae; g__Prevotella; s__intermedia	0.9999995517324446
1cb2063756b0b8852fb54fba1db50287	k__Bacteria; p__Firmicutes; c__Clostridia; o__Clostridiales; f__Lachnospiraceae_[XIV]; g__Butyrivibrio; s__sp._oral_taxon_455	0.9903071884244268
f6520d97fd45afac46eac5c7aeccf62d	k__Bacteria; p__Actinobacteria; c__Coriobacteriia; o__Eggerthellales; f__Eggerthellaceae; g__Cryptobacterium; s__curtum	0.9999999953522263
f8e358d2e076e673d90edc92aed2c5f9	k__Bacteria; p__Firmicutes; c__Negativicutes; o__Selenomonadales; f__Veillonellaceae; g__Veillonella	0.7310223468592673
5890c71ef4398c45798465e14ea0910c	k__Bacteria; p__Firmicutes; c__Bacilli; o__Lactobacillales; f__Streptococcaceae; g__Streptococcus	0.9999999005260898
18c0800ab58292bc38360d6b2182cce4	k__Bacteria; p__Bacteroidetes; c__Bacteroidia; o__Bacteroidales; f__Prevotellaceae; g__Prevotella; s__sp._oral_taxon_304	0.9999993649369285
c9fc849f115f448a448d0a092351da17	k__Bacteria; p__Bacteroidetes; c__Bacteroidia; o__Bacteroidales; f__Prevotellaceae; g__Prevotella	0.9999997634965436
a83580e303d8e487936b208d86c3681f	k__Bacteria; p__Firmicutes; c__Clostridia; o__Clostridiales; f__Lachnospiraceae_[XIV]; g__Oribacterium; s__asaccharolyticum	0.982243881737615
6c8014edc024b61fe8a937268b39918e	k__Bacteria; p__Actinobacteria; c__Coriobacteriia; o__Coriobacteriales; f__Coriobacteriaceae; g__Atopobium	0.8973522118011368
020b4c9611286fd49c037e51e001e27d	k__Bacteria; p__Firmicutes; c__Bacilli; o__Lactobacillales; f__Streptococcaceae; g__Streptococcus; s__constellatus	0.8599169902753472
67fd4fabcb152a725eec6b3a0ad0c442	k__Bacteria; p__Bacteroidetes; c__Bacteroidia; o__Bacteroidales; f__Prevotellaceae; g__Prevotella	0.999999261539068
969122deb4fac7796b59df43180fd912	k__Bacteria; p__Firmicutes; c__Negativicutes; o__Selenomonadales; f__Veillonellaceae; g__Veillonella; s__rogosae	0.9165693884154139
f0001d07e7af23e44cd2a95d63046b8b	k__Bacteria; p__Firmicutes; c__Negativicutes; o__Selenomonadales; f__Veillonellaceae; g__Selenomonas	0.9994464884595649
e9d2c9f95bfdb4b5857f477dbb16cfef	k__Bacteria; p__Firmicutes; c__Bacilli; o__Lactobacillales	0.9240925761558838
23a1509ebda23100018215a242287b76	k__Bacteria; p__Bacteroidetes; c__Bacteroidia; o__Bacteroidales; f__Prevotellaceae; g__Prevotella; s__salivae	0.99249340171813
bd12b6857a137084abe9836e3287a6a0	k__Bacteria; p__Saccharibacteria_(TM7); c__TM7_[C-1]; o__TM7_[O-1]; f__TM7_[F-1]; g__TM7_[G-1]; s__sp._oral_taxon_346	0.9515902290166538
fe6134882d2a0da814ca5cceedee9126	k__Bacteria; p__Firmicutes; c__Clostridia; o__Clostridiales; f__Lachnospiraceae_[XIV]; g__Lachnospiraceae_[G-3]; s__sp._oral_taxon_100	0.9999965514279046
898248d3797c1392f03cf451d2f054d5	k__Bacteria; p__Bacteroidetes; c__Bacteroidia; o__Bacteroidales; f__Porphyromonadaceae; g__Porphyromonas; s__gingivalis	0.9752274676191661
56a060c10765e8929b903a8e8fb99db7	k__Bacteria; p__Bacteroidetes; c__Bacteroidia; o__Bacteroidales; f__Prevotellaceae; g__Prevotella; s__histicola	0.7224533515802113
9e0ccb2967260ae6ffa9903ce99b86ca	k__Bacteria; p__Firmicutes; c__Bacilli; o__Lactobacillales; f__Streptococcaceae; g__Streptococcus	0.999527723729224
0bf1211afef57a28f2f60a0c1c63cf7a	k__Bacteria; p__Fusobacteria; c__Fusobacteriia; o__Fusobacteriales; f__Fusobacteriaceae; g__Fusobacterium	0.99167205500086
06c334b76af53db9a0055744a3582a83	k__Bacteria; p__Proteobacteria; c__Gammaproteobacteria; o__Pasteurellales; f__Pasteurellaceae; g__Haemophilus	0.9352852006552208
349b4464e675c9798e916cc59d387523	k__Bacteria; p__Bacteroidetes; c__Bacteroidia; o__Bacteroidales; f__Porphyromonadaceae; g__Porphyromonas; s__sp._oral_taxon_285	0.8298345694582546
930a8abb51f00547caf9f2459214d40d	k__Bacteria; p__Firmicutes; c__Bacilli; o__Lactobacillales; f__Streptococcaceae; g__Streptococcus	0.9977619899108906
3d531d319fd0b67bb8a693512d43a7d0	k__Bacteria; p__Bacteroidetes; c__Flavobacteriia; o__Flavobacteriales; f__Flavobacteriaceae; g__Bergeyella; s__sp._oral_taxon_322	0.9995956430988223
9e77f76ee197b3debec3802ad05a25ea	k__Bacteria; p__Firmicutes; c__Clostridia; o__Clostridiales; f__Peptococcaceae; g__Peptococcus; s__sp._oral_taxon_167	0.7202228128014051
825ed1780703cbcf22999b4d2f217284	k__Bacteria; p__Fusobacteria; c__Fusobacteriia; o__Fusobacteriales; f__Leptotrichiaceae; g__Leptotrichia; s__sp._oral_taxon_221	0.9999367486390337
c3161077f2df69594b8006c09657a757	k__Bacteria; p__Firmicutes; c__Clostridia; o__Clostridiales	0.9999999999984259
28dc67a1a80a937a8b639d42f7260a8f	k__Bacteria; p__Firmicutes; c__Bacilli; o__Lactobacillales; f__Streptococcaceae; g__Streptococcus	0.9997771398749011
6f14e741c97dbfa5d375d805195b871f	k__Bacteria; p__Firmicutes; c__Clostridia; o__Clostridiales; f__Ruminococcaceae; g__Ruminococcaceae_[G-2]; s__sp._oral_taxon_085	0.9987033237247003
5112ed89a919a9d01f48cd1e559f8aa2	k__Bacteria; p__Firmicutes	0.9999999999991132
1e004319f92610db86090610b27f0f32	k__Bacteria; p__Actinobacteria; c__Actinobacteria; o__Actinomycetales; f__Micrococcaceae; g__Rothia; s__dentocariosa	0.9946828871042386
c72f07baee09142a150d95c5e0d17b55	k__Bacteria; p__Firmicutes; c__Clostridia; o__Clostridiales; f__Ruminococcaceae; g__Ruminococcus; s__flavefaciens	0.9999382314170688
5dc5f396b6b70d8e89fc0e896e4b6590	k__Bacteria; p__Fusobacteria; c__Fusobacteriia; o__Fusobacteriales; f__Fusobacteriaceae; g__Fusobacterium	0.994012115441562
0f33f2f0346af44f2bc185c0901b1074	k__Bacteria; p__Firmicutes; c__Clostridia; o__Clostridiales; f__Ruminococcaceae; g__Ruminococcaceae_[G-2]; s__sp._oral_taxon_085	0.999451975596528
a6f4d6eaec8f4ea9db7fe15b59a546db	k__Bacteria; p__Bacteroidetes; c__Bacteroidia; o__Bacteroidales; f__Prevotellaceae; g__Prevotella	0.9999423348164821
dcaeeff9a7551797c50971e20089b492	k__Bacteria; p__Fusobacteria; c__Fusobacteriia; o__Fusobacteriales; f__Fusobacteriaceae; g__Fusobacterium	0.9631240868167076
4c133eb5bf4d7ccc805c446106ec8538	k__Bacteria; p__Bacteroidetes; c__Bacteroidia; o__Bacteroidales; f__Porphyromonadaceae; g__Porphyromonas; s__gingivalis	0.7444342750023778
39101738a751b4606e899243c0102a8b	k__Bacteria; p__Firmicutes; c__Clostridia; o__Clostridiales; f__Lachnospiraceae_[XIV]; g__Lachnospiraceae_[G-8]; s__sp._oral_taxon_500	0.9999999708908551
09b76dd916893b40226013376dbc1077	k__Bacteria; p__Spirochaetes; c__Spirochaetia; o__Spirochaetales; f__Spirochaetaceae; g__Treponema; s__denticola	0.8808262872210316
2a511faac009eee53345d903377657ff	k__Bacteria; p__Bacteroidetes; c__Bacteroidia; o__Bacteroidales; f__Porphyromonadaceae; g__Porphyromonas; s__sp._oral_taxon_930	0.9771573411110815
b9b463eb2564b212c822c96c145dcd0d	k__Bacteria	0.9999809378903831
962dd27c97649b57ee2e6f56038d4dff	k__Bacteria; p__Firmicutes; c__Negativicutes; o__Selenomonadales; f__Veillonellaceae; g__Selenomonas; s__sputigena	0.7859831847053685
550564757920cc376a9dad2b75526fe1	k__Bacteria; p__Bacteroidetes; c__Bacteroidia; o__Bacteroidales; f__Bacteroidales_[F-2]; g__Bacteroidales_[G-2]; s__sp._oral_taxon_274	0.9999996596483964
6f71d5e90877084444fb36041f53ae6f	k__Bacteria; p__Firmicutes; c__Mollicutes; o__Mycoplasmatales; f__Mycoplasmataceae; g__Mycoplasma	0.8512304274839573
3d1f252e24e00040d7f217b36a510e9d	k__Bacteria; p__Saccharibacteria_(TM7); c__TM7_[C-1]; o__TM7_[O-1]; f__TM7_[F-1]; g__TM7_[G-1]; s__sp._oral_taxon_346	0.9523820205483905
cb4e99121a7238c5ca4eecdb2c4abdcb	k__Bacteria; p__Firmicutes; c__Negativicutes; o__Selenomonadales; f__Veillonellaceae; g__Veillonella; s__dispar	0.8061341383367648
9dbeddff91a760e6e46b2f17279345e2	k__Bacteria; p__Actinobacteria; c__Actinobacteria; o__Actinomycetales; f__Micrococcaceae; g__Rothia; s__	0.7484334214974723
542f3cb31af2db9acd93bb8bd46fac31	k__Bacteria; p__Spirochaetes; c__Spirochaetes; o__Spirochaetales; f__Spirochaetaceae; g__Treponema; s__amylovorum	0.8669473650114417
eb5da4ad24bfb9a44ed6f5b76839e418	k__Bacteria; p__Firmicutes; c__Clostridia; o__Clostridiales; f__IncertaeSedisXI; g__Parvimonas; s__micra	0.764178638755975
1b7ff57733e64287aa3304354844ce08	k__Bacteria; p__Bacteroidetes; c__Bacteroidia; o__Bacteroidales; f__Prevotellaceae; g__Alloprevotella; s__sp._oral_taxon_914	0.850063741668183
8f28b7e602a7f7c824b4aa197a796dff	k__Bacteria; p__Firmicutes; c__Clostridia; o__Clostridiales; f__Peptostreptococcaceae_[XI]; g__Peptostreptococcaceae_[XI][G-7]; s__sp._oral_taxon_081	0.9985416833982319
f02183e626a5df9971f5f8e2b91b7562	k__Bacteria; p__Bacteroidetes; c__Bacteroidia; o__Bacteroidales; f__Porphyromonadaceae; g__Porphyromonas; s__gingivalis	0.9994517157033201
7992a150a72a5f30ca6b50cbc3b435ff	k__Bacteria; p__Firmicutes; c__Clostridia; o__Clostridiales	0.9999658223350127
2bfd6e2c096decc5bfe25848746403f3	k__Bacteria; p__Firmicutes; c__Bacilli; o__Lactobacillales; f__Streptococcaceae; g__Streptococcus	0.9999999199866287
e9cfb9e96449c89525e13a5da1e91fff	k__Bacteria; p__Firmicutes; c__Bacilli; o__Lactobacillales; f__Streptococcaceae; g__Streptococcus	0.9999998686361635
f777128be69de4cba1f8ab861f163339	k__Bacteria; p__Bacteroidetes; c__Bacteroidia; o__Bacteroidales; f__Prevotellaceae; g__Prevotella; s__buccae	0.9999999994989821
4210cad63b00ee4e85b5d64f95c8cce8	k__Bacteria; p__Fusobacteria; c__Fusobacteriia; o__Fusobacteriales; f__Fusobacteriaceae; g__Fusobacterium	0.9757799947325918
872aae403f20ac1f9edcc94235f19391	k__Bacteria; p__Proteobacteria; c__Betaproteobacteria; o__Neisseriales; f__Neisseriaceae; g__Neisseria	0.9982132615118717
8f1fd5d67a6b4e237adf20333dd23072	k__Bacteria; p__Firmicutes; c__Clostridia; o__Clostridiales; f__Lachnospiraceae_[XIV]; g__Butyrivibrio; s__sp._oral_taxon_080	0.9999968773311435
83dc08ac0151987d1e6c1aae7e612453	k__Bacteria; p__Firmicutes; c__Bacilli; o__Lactobacillales; f__Enterococcaceae; g__Enterococcus	0.7690716137286008
90b37500d4b0e38c0ad7cca6720890cb	k__Bacteria; p__Firmicutes	0.9999999599367455
3352a1f6abe8423f4187c8089ae8583d	k__Bacteria; p__Firmicutes; c__Mollicutes; o__Mycoplasmatales; f__Mycoplasmataceae; g__Mycoplasma; s__salivarium	0.9661895947988381
a3e6241b5c1583132f7300b18666c174	k__Bacteria; p__Proteobacteria; c__Gammaproteobacteria; o__Pasteurellales; f__Pasteurellaceae; g__Haemophilus	0.7508786464710354
1dbd1894504e8f2037069918a614aa34	k__Bacteria; p__Firmicutes; c__Clostridia; o__Clostridiales; f__Peptoniphilaceae; g__Parvimonas	0.7604518904554273
e3ed0ba0393250a4a85737ec0562e2c0	k__Bacteria; p__Proteobacteria; c__Betaproteobacteria; o__Neisseriales; f__Neisseriaceae; g__Neisseria	0.9934853458816824
cf77c78cdd52715050ab23fec8d4a0e3	k__Bacteria; p__Firmicutes; c__Bacilli; o__Lactobacillales; f__Streptococcaceae; g__Streptococcus	0.9999995446123957
2aa72543c9a95ae2d9cb7f9a1dc40132	k__Bacteria; p__Bacteroidetes; c__Bacteroidia; o__Bacteroidales; f__Prevotellaceae; g__Prevotella; s__pleuritidis	0.9430222712534186
a29f1b67985efd734905962c5e92f1d5	k__Bacteria; p__Firmicutes; c__Clostridia; o__Clostridiales; f__Peptostreptococcaceae_[XI]; g__Peptostreptococcaceae_[XI][G-7]; s__sp._oral_taxon_081	0.9208272605197213
d4a497a5c474b403e034fafaa32be2fb	k__Bacteria; p__Spirochaetes; c__Spirochaetia; o__Spirochaetales; f__Spirochaetaceae; g__Treponema; s__sp._oral_taxon_270	0.9999998515810912
d353b0d0b568930eb3580433e2d84737	k__Bacteria; p__Firmicutes	0.9999733199219611
d769a4cd74b92b7ea657765bc5417032	k__Bacteria; p__Firmicutes; c__Bacilli; o__Bacillales	0.995658347634437
9fefd988eb0cbbf485300c100a8472c5	k__Bacteria; p__Firmicutes	0.9997894987795971
35cc4759c5b03ed60da65c3ee8cb9df4	k__Bacteria; p__Bacteroidetes; c__Bacteroidia; o__Bacteroidales; f__Prevotellaceae; g__Prevotella	0.9999992121688741
9fe32dba206e5239c0ea4ff465ec528e	k__Bacteria; p__Fusobacteria; c__Fusobacteriia; o__Fusobacteriales; f__Leptotrichiaceae; g__Leptotrichia; s__sp._oral_taxon_847	0.9999831527255412
bb785cfb4b8765c24ba3de82e03d8f5c	k__Bacteria; p__Firmicutes; c__Clostridia; o__Clostridiales; f__Lachnospiraceae; g__Butyrivibrio; s__	0.9987386707343926
2ba3ea4d978c720eaf0ce6f6de5de05c	k__Bacteria; p__Spirochaetes; c__Spirochaetia; o__Spirochaetales; f__Spirochaetaceae; g__Treponema; s__lecithinolyticum	0.9997429015848872
e3329824a898ab264daae70b3de070f9	k__Bacteria; p__Firmicutes; c__Clostridia; o__Clostridiales; f__Veillonellaceae; g__Veillonella	0.7257730924530964
fadc50b438a610ea70923d4fb2ccfd91	k__Bacteria; p__Saccharibacteria_(TM7); c__TM7_[C-1]; o__TM7_[O-1]; f__TM7_[F-1]; g__TM7_[G-1]; s__sp._oral_taxon_352	0.9471773198095457
b240b9d0df8f7ee94ec55b3a5c00b159	k__Bacteria; p__Firmicutes; c__Bacilli; o__Bacillales	0.9176632959349306
8d4b422975105756d58da056803d9723	k__Bacteria; p__Bacteroidetes; c__Bacteroidia; o__Bacteroidales; f__Prevotellaceae; g__Prevotella	0.9999973314797803
52049c3b79741fb7c2499c508579fd6e	k__Bacteria; p__Firmicutes; c__Clostridia; o__Clostridiales	0.9999999978617937
f0bed310005815c5dfd1c01eedd70454	k__Bacteria; p__Proteobacteria; c__Epsilonproteobacteria; o__Campylobacterales; f__Campylobacteraceae; g__Campylobacter	0.9999751200532058
21eb94deac2342cfca13aedded577b02	k__Bacteria	0.9999999768328386
dfd641897196f332054b35e631a3dd4d	k__Bacteria; p__Firmicutes; c__Bacilli; o__Lactobacillales; f__Streptococcaceae; g__Streptococcus	0.9996746884921679
a5297607891e0508d05ec19ad3d3439f	k__Bacteria; p__Actinobacteria; c__Actinobacteria; o__Actinomycetales; f__Actinomycetaceae; g__Actinomyces	0.9990343138160162
d9365c69dc1a98dc2241e03da770fa92	k__Bacteria; p__Firmicutes; c__Bacilli; o__Lactobacillales; f__Streptococcaceae; g__Streptococcus	0.9969549428211396
59fba1a07c591c6befb85c6d1f212aca	k__Bacteria; p__Firmicutes; c__Bacilli; o__Lactobacillales; f__Streptococcaceae; g__Streptococcus	0.9999291029967361
7ea7808269e29f9d6ced9df1e7493274	k__Bacteria; p__Bacteroidetes; c__Bacteroidia; o__Bacteroidales; f__Prevotellaceae; g__Prevotella; s__salivae	0.9981661249519825
1ab240f230e3bd48ae2138896d76191c	k__Bacteria; p__Firmicutes; c__Clostridia; o__Clostridiales; f__Peptostreptococcaceae; g__Filifactor; s__	0.9080523549755313
66f75e08999dafabbb7cbfc0acb12c27	k__Bacteria; p__Synergistetes; c__Synergistia; o__Synergistales; f__Synergistaceae; g__Fretibacterium	0.9933074993646105
e8389dc730aa73927b7ff413f8eb2090	k__Bacteria; p__Firmicutes	0.9999998585955198
c81d08b5513d6bccfc0aa24205288f06	k__Bacteria; p__Proteobacteria; c__Gammaproteobacteria; o__Pasteurellales; f__Pasteurellaceae; g__Haemophilus	0.9279881099097981
a06ebfa4f3a38695fb6a7f104ae9e6b7	k__Bacteria; p__Firmicutes; c__Negativicutes; o__Selenomonadales; f__Veillonellaceae; g__Anaeroglobus; s__geminatus	0.9827293865948998
12f693904fd979f22e92ccae5f16df46	k__Bacteria; p__Firmicutes; c__Bacilli; o__Lactobacillales; f__Streptococcaceae; g__Streptococcus	0.9999954152248778
406bb139ac60c4835c5a6ef20cd94c87	k__Bacteria; p__Cyanobacteria; c__Chloroplast; o__Streptophyta; f__; g__; s__	0.99999976308068
376f0de971ed86a97c5a67b05b855269	k__Bacteria; p__Firmicutes; c__Bacilli; o__Lactobacillales; f__Streptococcaceae; g__Streptococcus	0.9561894119687901
63efd678ef4fd9a414eecc63e12e6c1e	k__Bacteria; p__Firmicutes; c__Negativicutes; o__Selenomonadales; f__Veillonellaceae; g__Veillonella	0.9378539199189844
5cb8805f17fde5ec7d707a52a1250dc0	k__Bacteria; p__Actinobacteria; c__Actinobacteria; o__Actinomycetales; f__Actinomycetaceae; g__Actinomyces; s__meyeri	0.8059012644228739
a4009f7ece880d1d295ca22746cdd8cb	k__Bacteria; p__Firmicutes	0.9999999999970021
b476713b01ff0ec5eaec052788c998a7	k__Bacteria; p__Firmicutes; c__Bacilli; o__Bacillales	0.9278741261745856
004c0b2cdbc91ac7ccdbdc41fee1fcab	k__Bacteria; p__Bacteroidetes; c__Bacteroidia; o__Bacteroidales; f__Prevotellaceae; g__Prevotella; s__intermedia	0.999843797570675
b2332c2d646b0628a5f3105f8ab01758	k__Bacteria; p__Bacteroidetes; c__Bacteroidia; o__Bacteroidales; f__Prevotellaceae; g__Alloprevotella; s__tannerae	0.8904144060453624
bddb0979d795aae785b19637edfd1b83	k__Bacteria; p__Firmicutes; c__Bacilli; o__Lactobacillales; f__Lactobacillaceae; g__Lactobacillus; s__	0.9384239241911823
318c9a13fcf41ec1ccd4583ffbd89945	k__Bacteria; p__Firmicutes; c__Clostridia; o__Clostridiales; f__Peptostreptococcaceae_[XI]; g__Peptostreptococcaceae_[XI][G-9]; s__[Eubacterium]_brachy	0.9999908325466292
4ba789664d8bee0e8d1d17be8c8c69e2	k__Bacteria; p__Bacteroidetes; c__Bacteroidia; o__Bacteroidales; f__Prevotellaceae; g__Prevotella; s__fusca	0.9340750385952359
74966886d403e9decfeb44ef875cc91d	k__Bacteria; p__Firmicutes; c__Bacilli; o__Lactobacillales	0.9972040109687843
d6b249b8597d62ac42f1fe00a4c13f2a	k__Bacteria; p__Bacteroidetes; c__Bacteroidia; o__Bacteroidales; f__Porphyromonadaceae; g__Porphyromonas; s__sp._oral_taxon_285	0.9968980057118757
c11245e4558139ef4052f00ef824e1c5	k__Bacteria; p__Tenericutes; c__Mollicutes; o__RF39; f__; g__; s__	0.8089693536038023
637c158863b7d344d5e65d122eb13e24	k__Bacteria; p__Actinobacteria	0.9842746358293138
25ec223ece4b037d76b0512df44ddf1d	k__Bacteria; p__Fusobacteria; c__Fusobacteriia; o__Fusobacteriales; f__Leptotrichiaceae; g__Leptotrichia	0.9999999998471941
564aa6cbb91146ad92e576744c18c544	k__Bacteria; p__Firmicutes; c__Bacilli; o__Bacillales	0.9997229051369817
a8a1b890b24de19a90d34442df8757df	k__Bacteria; p__Saccharibacteria_(TM7); c__TM7_[C-1]; o__TM7_[O-1]; f__TM7_[F-1]; g__TM7_[G-2]; s__sp._oral_taxon_350	0.9685284767921364
dc409534ffa6a9821461e99b8353b7a4	k__Bacteria; p__Proteobacteria; c__Deltaproteobacteria; o__Desulfovibrionales; f__Desulfovibrionaceae; g__Desulfovibrio; s__fairfieldensis	0.9412061463111651
83591dc2d2b21bc3349f25e5518a5856	k__Bacteria; p__Firmicutes; c__Bacilli; o__Lactobacillales; f__Streptococcaceae; g__Streptococcus	0.9999999785235041
8b73c012a29425ce6f2fee082986d421	k__Bacteria; p__Bacteroidetes; c__Bacteroidia; o__Bacteroidales; f__Prevotellaceae; g__Prevotella; s__saccharolytica	0.9999999284953159
95b243c760dd5eb45f65785e43ecb095	k__Bacteria; p__Fusobacteria; c__Fusobacteriia; o__Fusobacteriales; f__Fusobacteriaceae; g__Fusobacterium	0.9964179222423059
f7dd8b8ae7100db32c096b7f8fe062eb	k__Bacteria; p__Firmicutes	0.9983974737010303
4e309166a6f7f51e31576ef9c8c7b47f	k__Bacteria; p__Actinobacteria; c__Actinobacteria; o__Corynebacteriales; f__Corynebacteriaceae; g__Corynebacterium; s__matruchotii	0.9407893601998008
51025809589927a236394087965d5350	k__Bacteria; p__Actinobacteria; c__Coriobacteriia; o__Coriobacteriales; f__Coriobacteriaceae; g__Atopobium	0.717586661790872
8a40e02e818d23ae5512f077b86e89e7	k__Bacteria; p__Firmicutes; c__Clostridia; o__Clostridiales	0.999988064302762
87b3c907807b1178ecb1b11457bf1704	k__Bacteria; p__Bacteroidetes; c__Bacteroidia; o__Bacteroidales; f__Prevotellaceae; g__Prevotella	0.8852074066818238
2d5de71c30e68e1dff56f9d85178f69a	k__Bacteria; p__Proteobacteria; c__Deltaproteobacteria; o__Desulfobacterales; f__Desulfobulbaceae; g__Desulfobulbus; s__sp._oral_taxon_041	0.9716714183482589
2e90e83dfe4f79a2ff154dd46830da78	k__Bacteria; p__Spirochaetes; c__Spirochaetia; o__Spirochaetales; f__Spirochaetaceae; g__Treponema; s__sp._oral_taxon_262	0.8176722355961926
b6d0b5a91b92ddd61085f1b8a31685d2	k__Bacteria; p__Actinobacteria; c__Actinobacteria; o__Actinomycetales; f__Actinomycetaceae; g__Actinomyces; s__graevenitzii	0.9993841077565122
4cc6de2e8e35eca2cdf82691d6cb1c18	k__Bacteria; p__Firmicutes; c__Bacilli; o__Bacillales	0.9121896940604161
86195407ca6adea1819b7d360163daa6	k__Bacteria; p__Bacteroidetes; c__Bacteroidia; o__Bacteroidales; f__Prevotellaceae; g__Prevotella; s__sp._oral_taxon_315	0.9999999912885755
97f304ee8de836b27ffce40a3759f03c	k__Bacteria; p__Firmicutes; c__Clostridia; o__Clostridiales; f__Peptostreptococcaceae_[XI]; g__Peptostreptococcaceae_[XI][G-5]; s__sp._oral_taxon_493	0.7160288985729835
c6ab2285d6788893cd1d85945a0cb922	k__Bacteria; p__Fusobacteria; c__Fusobacteriia; o__Fusobacteriales; f__Fusobacteriaceae; g__Fusobacterium	0.9871762385609703
492b44722bd8fec02113311b1ea223e2	k__Bacteria; p__Firmicutes; c__Bacilli; o__Bacillales	0.8862839824025728
fbf46f9b4a201e663192d22550ad064b	k__Bacteria; p__Firmicutes; c__Bacilli; o__Lactobacillales; f__Lactobacillaceae; g__Lactobacillus	0.9998056429175194
b7116bd63d2c10b93d44fcb2cbcb0276	k__Bacteria; p__Proteobacteria; c__Gammaproteobacteria; o__Pasteurellales; f__Pasteurellaceae; g__Haemophilus	0.9237200872789844
71c6c721fc205ba8d4c1daba756f7475	k__Bacteria; p__Firmicutes; c__Clostridia; o__Clostridiales; f__Lachnospiraceae_[XIV]; g__Lachnospiraceae_[G-7]; s__sp._oral_taxon_086	0.9518014294570792
7b3a8c7f56e13b42db16287278793a0c	k__Bacteria; p__Firmicutes	0.9999999999142765
20f3f365ca0b7a31ddb82a260cdaee17	k__Bacteria; p__Proteobacteria; c__Betaproteobacteria; o__Burkholderiales; f__Burkholderiaceae; g__Lautropia; s__mirabilis	0.9994551864096916
c4c09e36407b697c9a0c074631f8e1b3	k__Bacteria; p__Firmicutes; c__Bacilli; o__Lactobacillales; f__Streptococcaceae; g__Streptococcus	0.9950096414750191
10355df0307473ed9ab176683045128a	k__Bacteria; p__Fusobacteria; c__Fusobacteriia; o__Fusobacteriales; f__Fusobacteriaceae; g__Fusobacterium	0.9908197938189859
6ba0c1799cc466b696c343aeafdad5f7	k__Bacteria; p__Saccharibacteria_(TM7); c__TM7_[C-1]; o__TM7_[O-1]; f__TM7_[F-1]; g__TM7_[G-1]; s__sp._oral_taxon_352	0.990076857499192
85915434104ad1711fdd5122b48bbf8c	k__Bacteria; p__Firmicutes; c__Bacilli; o__Bacillales	0.9632270548271309
a11fcde15b4d9193c458a659ac0ec99b	k__Bacteria; p__Bacteroidetes; c__Bacteroidia; o__Bacteroidales; f__Prevotellaceae; g__Prevotella; s__salivae	0.9979111163461758
c5c3516ef80103b84ce8cfd0cb314d9b	k__Bacteria; p__Bacteroidetes; c__Flavobacteriia; o__Flavobacteriales; f__Flavobacteriaceae; g__Capnocytophaga; s__leadbetteri	0.7427262364980689
7b3c0b2c295824d0593d8a740e79edbd	k__Bacteria; p__Firmicutes; c__Bacilli; o__Lactobacillales	0.9997550433398736
c74079c6755bea9222656e357ce9ab92	k__Bacteria; p__Firmicutes; c__Clostridia; o__Clostridiales; f__Peptostreptococcaceae_[XI]; g__Peptostreptococcaceae_[XI][G-4]; s__sp._oral_taxon_369	0.859847966040867
6e4fc80a0929f43fb5d8853aebfbbbc5	k__Bacteria; p__Proteobacteria; c__Deltaproteobacteria; o__Desulfovibrionales; f__Desulfovibrionaceae; g__Desulfovibrio; s__fairfieldensis	0.9306665947576855
49811a39277f1e0fc79bb1bfc4e97da2	k__Bacteria; p__Fusobacteria; c__Fusobacteriia; o__Fusobacteriales; f__Leptotrichiaceae; g__Leptotrichia; s__sp._oral_taxon_221	0.9998002217991786
5e69924e3891073054cc814acf9aac08	k__Bacteria; p__Actinobacteria; c__Actinobacteria; o__Actinomycetales; f__Micrococcaceae; g__Rothia; s__	0.8634003566776104
e206a2d01e398d999bf526b705ea2a9c	k__Bacteria	0.9999999999999939
c33dc107c700cc84087a3934e65be3b4	k__Bacteria; p__Firmicutes; c__Bacilli; o__Lactobacillales; f__Streptococcaceae; g__Streptococcus	0.9932464937332083
9897ddd24c6c98068aad581dbbca02fe	k__Bacteria; p__Bacteroidetes; c__Flavobacteriia; o__Flavobacteriales; f__Flavobacteriaceae; g__Bergeyella	0.9574145438027792
581a1c5e8254a8f854dc7a485dfdfb16	k__Bacteria; p__Firmicutes; c__Clostridia; o__Clostridiales; f__Lachnospiraceae_[XIV]; g__Stomatobaculum; s__sp._oral_taxon_097	0.7380037141025289
a779fb06549f4d35a18777e1b70c554d	k__Bacteria; p__Fusobacteria; c__Fusobacteriia; o__Fusobacteriales; f__Leptotrichiaceae; g__Leptotrichia; s__sp._oral_taxon_417	0.824323310707712
3eb3650a7d0d054bfae7a4dac190aab4	k__Bacteria; p__Firmicutes; c__Bacilli; o__Lactobacillales; f__Streptococcaceae; g__Streptococcus	0.997832835760164
3ce51afa75016129c05bf93f76ff3e23	k__Bacteria; p__Proteobacteria; c__Betaproteobacteria; o__Neisseriales; f__Neisseriaceae; g__Neisseria	0.997820767739529
0f3ccf0b85326e955b3d5a68539b5332	k__Bacteria; p__Firmicutes; c__Bacilli; o__Lactobacillales; f__Streptococcaceae; g__Streptococcus	0.9999998330201395
4c9a85b27a5d48bc34fabb79c93ae6d7	k__Bacteria; p__Firmicutes	0.9972611495730302
7f18f3002d9fed78d4e0fb9090e04fb4	k__Bacteria; p__Actinobacteria; c__Actinobacteria; o__Bifidobacteriales; f__Bifidobacteriaceae; g__Bifidobacterium	0.9973261740995886
e3a3e173cab0e6bdb6cb461f43fdb702	k__Bacteria; p__Firmicutes; c__Bacilli; o__Bacillales; f__Gemellaceae; g__Gemella	0.7046877578028699
e9236cce57f629fae261964528ccc5eb	k__Bacteria; p__Firmicutes	0.999999999999837
7cb3c69bf8909027116e151d9b4ca0d5	k__Bacteria; p__Fusobacteria; c__Fusobacteriia; o__Fusobacteriales; f__Fusobacteriaceae	0.7388796410297079
860287b6968e858482cc5e2030e12763	k__Bacteria; p__Firmicutes; c__Bacilli; o__Lactobacillales; f__Enterococcaceae; g__Enterococcus	0.8185999603163358
76a17d8f23b0b4f0c7f8326ccd7f8a5f	k__Bacteria; p__Actinobacteria; c__Actinobacteria; o__Corynebacteriales; f__Corynebacteriaceae; g__Corynebacterium; s__durum	0.9771823190582813
84998604b628c0769f2d79e7b49ca866	k__Bacteria; p__Firmicutes; c__Bacilli; o__Bacillales	0.9978586680404137
93dcfe3c014f5f92f1c83c2c8ee9ef0c	k__Bacteria; p__Bacteroidetes; c__Flavobacteriia; o__Flavobacteriales; f__Flavobacteriaceae; g__Capnocytophaga; s__sputigena	0.9980670944232894
85cdb635e989d751b4c7e8381032b2d4	k__Bacteria; p__Bacteroidetes; c__Bacteroidia; o__Bacteroidales; f__[Paraprevotellaceae]; g__[Prevotella]; s__	0.9940200607155504
b96f45691b3332f08cc7860d21e70583	k__Bacteria; p__Firmicutes; c__Bacilli; o__Lactobacillales	0.9266391191044879
e5699879fd7ee11d82009f3e5e4ec8c7	k__Bacteria; p__Bacteroidetes; c__Bacteroidia; o__Bacteroidales; f__Prevotellaceae	0.9240816733106642
964dcb7f0cac876c2f33376e82970cf7	k__Bacteria; p__Firmicutes; c__Bacilli; o__Lactobacillales; f__Streptococcaceae; g__Streptococcus	0.9999674513050428
7192a9cc5d68c328465e96c8feab5d65	k__Bacteria; p__Firmicutes	0.845514249630121
53b97843499414a125af6c83bac752f3	k__Bacteria; p__Firmicutes; c__Clostridia; o__Clostridiales	0.9998480628033664
eeabcb1098a174300c56196aa7d22331	k__Bacteria; p__Fusobacteria; c__Fusobacteriia; o__Fusobacteriales; f__Leptotrichiaceae; g__Leptotrichia; s__sp._oral_taxon_847	0.9999820975071956
e880d25c79f9d52405d1d7fe87cb424d	k__Bacteria; p__Fusobacteria; c__Fusobacteriia; o__Fusobacteriales; f__Fusobacteriaceae; g__Fusobacterium	0.987033660969057
24c8350be39f19ba0fc744812ef043ea	k__Bacteria; p__Firmicutes; c__Clostridia; o__Clostridiales; f__Lachnospiraceae_[XIV]; g__Stomatobaculum; s__longum	0.8513054865108087
92bfe8b9ee826a492122001f67334134	k__Bacteria; p__Firmicutes; c__Bacilli; o__Lactobacillales; f__Streptococcaceae; g__Streptococcus	0.9705471044431285
c8f90381473662db6d97b2b19c892566	k__Bacteria; p__Saccharibacteria_(TM7); c__TM7_[C-1]; o__TM7_[O-1]; f__TM7_[F-1]; g__TM7_[G-1]; s__sp._oral_taxon_352	0.9458806855125198
d4fba9d5ef74a746a441d0b9d5a3a083	k__Bacteria; p__Bacteroidetes; c__Bacteroidia; o__Bacteroidales; f__Prevotellaceae; g__Prevotella; s__bivia	0.9853379652510315
2a050eb2ccb47893c2d7ce551c65994a	k__Bacteria; p__Bacteroidetes; c__Flavobacteriia; o__Flavobacteriales; f__Flavobacteriaceae; g__Capnocytophaga; s__	0.9999382742839803
68ba3f879a33e2dacea43310d3412ee4	k__Bacteria; p__Bacteroidetes; c__Flavobacteriia; o__Flavobacteriales; f__Flavobacteriaceae; g__Bergeyella; s__sp._oral_taxon_907	0.8751742075363712
cd29d60a063d38bf4e4d80a2fa7d504e	k__Bacteria; p__Bacteroidetes; c__Bacteroidia; o__Bacteroidales; f__Prevotellaceae; g__Prevotella	0.9999999999780866
89ad4284cde60458640d233e312e0629	k__Bacteria; p__Actinobacteria; c__Actinobacteria; o__Actinomycetales; f__Actinomycetaceae; g__Actinomyces	0.9999999903501026
5b2ce53524c6993363e7401ef4636e69	k__Bacteria; p__Firmicutes; c__Clostridia; o__Clostridiales	0.9999163428819009
8460859c3985782a1f0ff1674819543e	k__Bacteria; p__Bacteroidetes; c__Bacteroidia; o__Bacteroidales; f__Prevotellaceae; g__Prevotella; s__pallens	0.918499352269969
404635d215ee12d8c3f6c7e13a96ff42	k__Bacteria; p__Bacteroidetes; c__Bacteroidia; o__Bacteroidales; f__Prevotellaceae; g__Prevotella	0.9999999898182738
e94b8135832649930a539aab4e7cdbde	k__Bacteria; p__Bacteroidetes; c__Bacteroidia; o__Bacteroidales; f__Prevotellaceae; g__Prevotella	0.9999999999874373
daac03124ef38c83e7f56d452a5ad371	k__Bacteria; p__Bacteroidetes; c__Bacteroidia; o__Bacteroidales; f__Prevotellaceae; g__Prevotella; s__sp._oral_taxon_472	0.8569528712860157
b86dbe094f82a8df66db879e6b9a2dc4	k__Bacteria; p__Firmicutes; c__Bacilli; o__Lactobacillales; f__Streptococcaceae; g__Streptococcus	0.9867218023337136
ba98cfde7e5e583ae03b0cb8f09e6290	k__Bacteria; p__Bacteroidetes; c__Flavobacteriia; o__Flavobacteriales; f__Flavobacteriaceae; g__Capnocytophaga; s__gingivalis	0.9792457526700797
a8840868c65dd37189e9a9fd6a8d8733	k__Bacteria; p__Bacteroidetes; c__Bacteroidia; o__Bacteroidales; f__Bacteroidaceae; g__Bacteroidaceae_[G-1]; s__sp._oral_taxon_272	0.9999999999999858
fe501fccd113db94c67fe3ef31195597	k__Bacteria; p__Bacteroidetes; c__Bacteroidia; o__Bacteroidales; f__Prevotellaceae; g__Prevotella; s__sp._oral_taxon_526	0.9999999999725162
e17549fd70ac24e06cf697ae3da48cdd	k__Bacteria; p__Fusobacteria; c__Fusobacteriia; o__Fusobacteriales; f__Fusobacteriaceae; g__Fusobacterium	0.9976752447334734
e49ada2ffbb022c515c025ccd60869f6	k__Bacteria; p__Actinobacteria; c__Actinobacteria; o__Corynebacteriales; f__Corynebacteriaceae; g__Corynebacterium; s__matruchotii	0.8235599093968886
799ac3ab52c796e8a45a57585ed8027e	k__Bacteria; p__Firmicutes; c__Bacilli; o__Lactobacillales; f__Streptococcaceae; g__Streptococcus; s__mutans	0.9999995676580025
42fe105bfcf4351b6ba63e9d433ee14f	k__Bacteria; p__Firmicutes; c__Clostridia; o__Clostridiales; f__Ruminococcaceae; g__Ruminococcaceae_[G-1]; s__sp._oral_taxon_075	0.9999999984323011
5054673141224f540ef8a4f20dac9074	k__Bacteria; p__Firmicutes; c__Clostridia; o__Clostridiales; f__Peptostreptococcaceae_[XI]; g__Peptostreptococcaceae_[XI][G-3]; s__sp._oral_taxon_950	0.9995382681918621
4096ae6fad2f64df4e368375148ae7b2	k__Bacteria; p__Bacteroidetes; c__Flavobacteriia; o__Flavobacteriales; f__Flavobacteriaceae; g__Bergeyella; s__sp._oral_taxon_322	0.9988002648558909
ee370c3926c74d126b18d24c059332cb	k__Bacteria; p__Firmicutes; c__Bacilli; o__Lactobacillales; f__Streptococcaceae; g__Streptococcus	0.9999712807500756
f19d8eb98a032f1f59f69379a6b33d25	k__Bacteria; p__Firmicutes; c__Clostridia; o__Clostridiales; f__Lachnospiraceae	0.751947595858654
ffe3fa2a7edb35bef89f982deb6168cb	k__Bacteria; p__Proteobacteria; c__Gammaproteobacteria; o__Pasteurellales; f__Pasteurellaceae; g__Haemophilus	0.9274902030056424
ff5272aff937eed0786fd0809553a05a	k__Bacteria; p__Gracilibacteria_(GN02); c__GN02_[C-2]; o__GN02_[O-2]; f__GN02_[F-2]; g__GN02_[G-2]; s__sp._oral_taxon_873	0.9999999999990337
df12f8171f194d5171a31f53cfd087d3	k__Bacteria; p__Fusobacteria; c__Fusobacteriia; o__Fusobacteriales; f__Leptotrichiaceae; g__Leptotrichia; s__sp._oral_taxon_221	0.9984285389568243
452b18bda7f82d77a7f63eafed7d968a	k__Bacteria; p__Spirochaetes; c__Spirochaetia; o__Spirochaetales; f__Spirochaetaceae; g__Treponema; s__sp._oral_taxon_237	0.9499920004726092
2cff8fa6cd3d44e01d3a3d2e349fcad3	k__Bacteria; p__Bacteroidetes; c__Bacteroidia; o__Bacteroidales; f__Prevotellaceae; g__Prevotella; s__intermedia	0.9958619632143193
389901b028c445d4507b4793e8d81272	k__Bacteria; p__Actinobacteria; c__Actinobacteria; o__Bifidobacteriales; f__Bifidobacteriaceae; g__Scardovia; s__wiggsiae	0.9999649018147783
f93c747b72291936288df99369a544e5	k__Bacteria; p__Firmicutes; c__Clostridia; o__Clostridiales	0.8751203454514163
a8542dbb3867e11833ddf5489aec78c3	k__Bacteria; p__Proteobacteria; c__Epsilonproteobacteria; o__Campylobacterales; f__Campylobacteraceae; g__Campylobacter; s__	0.8383098606785521
b171f77a4c11f67812f8d83ebf320e67	k__Bacteria; p__Proteobacteria; c__Betaproteobacteria; o__Neisseriales; f__Neisseriaceae; g__Neisseria	0.9897104676371493
8216e82e2293da11b974a8d769546d0b	k__Bacteria; p__Firmicutes	0.9974159650032596
614d0fabb148aa450cff8d4953362220	k__Bacteria; p__Fusobacteria; c__Fusobacteriia; o__Fusobacteriales; f__Leptotrichiaceae; g__Leptotrichia; s__sp._oral_taxon_221	0.9999970219025166
a485fa799c89cf330be7a6fe45c2322b	k__Bacteria; p__Fusobacteria; c__Fusobacteriia; o__Fusobacteriales; f__Leptotrichiaceae; g__Leptotrichia; s__sp._oral_taxon_221	0.9999656072226237
38067b08471c8b0354c755ff0e92f586	k__Bacteria; p__Firmicutes; c__Clostridia; o__Clostridiales; f__Peptostreptococcaceae_[XI]; g__Peptostreptococcaceae_[XI][G-6]; s__[Eubacterium]_nodatum	0.99722614056841
c4dd9185bf8bb80df85f06a92d037172	k__Bacteria; p__Firmicutes; c__Bacilli; o__Lactobacillales; f__Lactobacillaceae; g__Lactobacillus; s__reuteri	0.7983044601902007
eed86e506d95562366a45401ce233236	k__Bacteria; p__Actinobacteria; c__Actinobacteria; o__Actinomycetales; f__Micrococcaceae; g__Rothia; s__	0.9787999033311389
1b54c7555c2a7123d0fd416e8de431e4	k__Bacteria; p__Spirochaetes; c__MVP-15; o__PL-11B10; f__; g__; s__	0.9999996528315797
ef8bcc79964ec993abdcb4c8e6fe5a5a	k__Bacteria; p__Fusobacteria; c__Fusobacteriia; o__Fusobacteriales; f__Fusobacteriaceae; g__Fusobacterium; s__periodonticum	0.7232701821790546
ac9db2b8a1ec9243865780aae2ca1e76	k__Bacteria; p__Bacteroidetes; c__Bacteroidia; o__Bacteroidales; f__Prevotellaceae; g__Prevotella; s__pallens	0.9455736631259166
630b9dca3b68e9502df42f066699bf9e	k__Bacteria; p__Firmicutes; c__Clostridia; o__Clostridiales	0.9040327883530656
cf0a2bb10cbd7bd5a9bce68779b56e5c	k__Bacteria; p__Proteobacteria; c__Gammaproteobacteria; o__Pseudomonadales; f__Moraxellaceae; g__Moraxella; s__	0.981948362355655
ca0225116e5aa98708f0dd11499e5ad6	k__Bacteria; p__Firmicutes; c__Bacilli; o__Lactobacillales; f__Enterococcaceae	0.718085672318438
df99ccfba3e69da5929d43008c3b646c	k__Bacteria; p__Bacteroidetes; c__Bacteroidia; o__Bacteroidales; f__Porphyromonadaceae; g__Porphyromonas; s__sp._oral_taxon_285	0.9073854156749486
090e755d826c26c9781c2489ae3b0b6c	k__Bacteria; p__Firmicutes; c__Bacilli; o__Bacillales	0.9996491728500372
f58abced405591f1fb7de3f76e801f4b	k__Bacteria; p__Firmicutes; c__Bacilli; o__Lactobacillales; f__Streptococcaceae; g__Streptococcus	0.9999997671234537
7553a72f193da4673a8c8d7eee207994	k__Bacteria; p__Bacteroidetes; c__Flavobacteriia; o__Flavobacteriales; f__Flavobacteriaceae; g__Capnocytophaga; s__gingivalis	0.9766012051023564
314a08c43735fc92f67b4929fcaab926	k__Bacteria; p__Bacteroidetes; c__Bacteroidia; o__Bacteroidales; f__Prevotellaceae; g__Prevotella	0.9999995079971845
865182a250399176fce47a439937f0e8	k__Bacteria; p__Firmicutes; c__Bacilli; o__Lactobacillales	0.9986386835882288
a8a205423f4639ee3504288e7d1469b0	k__Bacteria; p__SR1; c__SR1_[C-1]; o__SR1_[O-1]; f__SR1_[F-1]; g__SR1_[G-1]; s__sp._oral_taxon_345	0.99995972395634
61d8d4b3c21d359fd00af5ab91a9ea0d	k__Bacteria; p__Firmicutes; c__Bacilli; o__Lactobacillales; f__Streptococcaceae; g__Streptococcus	0.9999322096457288
110ed9498e3773df39d4a39cb3c43493	k__Bacteria; p__Fusobacteria; c__Fusobacteriia; o__Fusobacteriales; f__Leptotrichiaceae; g__Leptotrichia; s__sp._oral_taxon_417	0.8516771718151976
c9df117c115c40a356179c8fb14d0704	k__Bacteria; p__Firmicutes; c__Bacilli; o__Lactobacillales; f__Enterococcaceae; g__Enterococcus	0.7957138871612546
69b89227668cb3e6311cc7b5ce5fdb94	k__Bacteria; p__Actinobacteria; c__Actinobacteria; o__Actinomycetales; f__Actinomycetaceae; g__Actinobaculum; s__sp._oral_taxon_183	0.8512381120225553
26516cd48d9571f552320c602cfde9db	k__Bacteria; p__Chloroflexi; c__Anaerolineae; o__Anaerolineales; f__Anaerolineaceae; g__Anaerolineae_[G-1]; s__sp._oral_taxon_439	0.9999733789245079
26c83e77c6544523e5f79b3618bc9467	k__Bacteria; p__Firmicutes; c__Bacilli; o__Lactobacillales; f__Streptococcaceae; g__Streptococcus	0.9997057710771398
6aea1118e98bed9685fd8ff7ed6377eb	k__Bacteria; p__Spirochaetes; c__Spirochaetia; o__Spirochaetales; f__Spirochaetaceae; g__Treponema; s__parvum	0.9999998674674603
23604860f805d41396780279455a2301	k__Bacteria; p__Proteobacteria; c__Gammaproteobacteria; o__Enterobacteriales; f__Enterobacteriaceae	0.9999170766184253
7ab485bd4928d7c7b8de0d1b72b61e58	k__Bacteria	0.9638090764781746
ccf6e35a5569aca4cfaffb9590583b4c	k__Bacteria; p__Saccharibacteria_(TM7); c__TM7_[C-1]; o__TM7_[O-1]; f__TM7_[F-1]; g__TM7_[G-4]; s__sp._oral_taxon_355	0.9998025317617969
29026cb1575e79f39e3aa6e6e4c97f48	k__Bacteria; p__Firmicutes	0.9999999568381857
3f7d04e316928d19f6eb378d344c8d30	k__Bacteria; p__Spirochaetes; c__Spirochaetia; o__Spirochaetales; f__Spirochaetaceae; g__Treponema	0.792558602284858
2d7b9acdbbe9fa8711052baaf9333d97	k__Bacteria; p__Firmicutes; c__Bacilli; o__Bacillales	0.9941443543467782
78d35e62ab520f947d34165cecc12e2a	k__Bacteria; p__Proteobacteria; c__Betaproteobacteria; o__Burkholderiales; f__Comamonadaceae; g__Ottowia; s__sp._oral_taxon_894	0.996829479839122
6525bd57b55bf85e17da7c3fb8468b2f	k__Bacteria; p__Proteobacteria; c__Gammaproteobacteria; o__Pasteurellales; f__Pasteurellaceae; g__Haemophilus; s__sputorum	0.7078183033413016
4381138a0aa241fc7e8f57e498b3289f	k__Bacteria; p__Proteobacteria; c__Gammaproteobacteria; o__Pasteurellales; f__Pasteurellaceae	0.780831675403374
6e2fd4733eca34755a8cddb3df3f6be4	k__Bacteria; p__Actinobacteria; c__Actinobacteria; o__Actinomycetales; f__Micrococcaceae	0.9865324345941294
b7e5181d298eca4cd61332dad482d0b5	k__Bacteria; p__Actinobacteria; c__Actinobacteria; o__Actinomycetales; f__Actinomycetaceae; g__Actinomyces	0.8581901317323855
e3f6b30b3198b3d65d30e27330bbfd0c	k__Bacteria; p__Fusobacteria; c__Fusobacteriia; o__Fusobacteriales; f__Fusobacteriaceae; g__Fusobacterium	0.9273729012052057
6e276d43de380e8cacb1b99586de450a	k__Bacteria; p__Firmicutes; c__Clostridia; o__Clostridiales	0.9999998873083984
a0db0923db5362d843a231a70cef0b7e	k__Bacteria; p__Actinobacteria; c__Actinobacteria; o__Actinomycetales; f__Actinomycetaceae; g__Actinomyces	0.9999886314831643
fcd03fbacf3a53d70122c1214c1597ae	k__Bacteria; p__Actinobacteria; c__Actinobacteria; o__Actinomycetales; f__Micrococcaceae; g__Rothia; s__	0.804649129452179
208e3db51bbd6cffc733ef1f5068f682	k__Bacteria; p__Firmicutes; c__Negativicutes; o__Selenomonadales; f__Veillonellaceae; g__Veillonella	0.9755947049809659
dd2757938ee933236522cb22fff98fd8	k__Bacteria; p__Proteobacteria; c__Epsilonproteobacteria; o__Campylobacterales; f__Campylobacteraceae; g__Campylobacter	0.999996357344871
05f1760acf413042cde204a5de64ccc0	k__Bacteria; p__Fusobacteria; c__Fusobacteriia; o__Fusobacteriales; f__Leptotrichiaceae; g__Leptotrichia; s__sp._oral_taxon_417	0.8172408117465324
1fecb00705320c5c58625dee03c2fcaa	k__Bacteria; p__Firmicutes; c__Clostridia; o__Clostridiales; f__Lachnospiraceae_[XIV]; g__Butyrivibrio; s__sp._oral_taxon_455	0.9990001067185003
3fb618852c3a777c7986f8006841280b	k__Bacteria; p__Bacteroidetes; c__Bacteroidia; o__Bacteroidales; f__Porphyromonadaceae; g__Porphyromonas; s__sp._oral_taxon_285	0.9779914720358645
f82a82298ce2c25c9afc9fb97b9861a2	k__Bacteria; p__Firmicutes; c__Bacilli; o__Lactobacillales; f__Streptococcaceae; g__Streptococcus	0.9992407779836541
73c6a6d67bd54422852d9a9a204b998c	k__Bacteria; p__Firmicutes; c__Negativicutes; o__Selenomonadales; f__Veillonellaceae; g__Selenomonas	0.9739749528663351
d65a5f07e2fa2bd2dfe751273ada2bae	k__Bacteria; p__Spirochaetes; c__Spirochaetia; o__Spirochaetales; f__Spirochaetaceae; g__Treponema; s__sp._oral_taxon_258	0.999740886944408
51b2ca0b60f323b1bb9970153b5081e9	k__Bacteria; p__Firmicutes	0.9999999353598773
b419ef37da273ae038f94e3675d87c01	k__Bacteria; p__Proteobacteria; c__Gammaproteobacteria; o__Pasteurellales; f__Pasteurellaceae; g__Haemophilus	0.9135162081887818
a1202626e162f1f2cd7436a1847714c7	k__Bacteria; p__Firmicutes; c__Clostridia; o__Clostridiales; f__Lachnospiraceae_[XIV]; g__Butyrivibrio; s__sp._oral_taxon_455	0.9980964626433925
f186005cd9bd5f6f2f4f1abf6b4f3da7	k__Bacteria; p__Bacteroidetes; c__Bacteroidia; o__Bacteroidales; f__Prevotellaceae; g__Prevotella	0.9999875977130199
4b83cab27af33307c976b06c414d3448	k__Bacteria; p__Fusobacteria; c__Fusobacteriia; o__Fusobacteriales; f__Fusobacteriaceae; g__Fusobacterium	0.8689096023253362
70f43bb94b8699b16114d355303a8eec	k__Bacteria; p__Synergistetes; c__Synergistia; o__Synergistales; f__Synergistaceae; g__Fretibacterium; s__fastidiosum	0.9985841663961933
270f7f3d5b7b30254e7c30c4724cae8b	k__Bacteria; p__Firmicutes; c__Negativicutes; o__Selenomonadales; f__Veillonellaceae; g__Veillonella; s__rogosae	0.9219540378117511
ed257d8733c71fe0e4a01fe1806a5029	k__Bacteria; p__Bacteroidetes; c__Bacteroidia; o__Bacteroidales; f__[Paraprevotellaceae]; g__Paraprevotella; s__	0.9999999991926387
c569ba5a4c284f46957f4aabb0f82ec5	k__Bacteria; p__Firmicutes; c__Bacilli; o__Lactobacillales; f__Streptococcaceae; g__Streptococcus	0.9978477161814763
566f6a138aff3c5b4078039f9872103f	k__Bacteria; p__Firmicutes; c__Bacilli; o__Lactobacillales	0.9977273177967064
f36d9b07bcdd3f8e4c5866113dfef3ea	k__Bacteria; p__Bacteroidetes; c__Bacteroidia; o__Bacteroidales; f__Porphyromonadaceae; g__Porphyromonas; s__sp._oral_taxon_930	0.8741267546133915
0219067e05da0626aa17b844bc8b0d0b	k__Bacteria; p__Bacteroidetes; c__Bacteroidia; o__Bacteroidales	0.9999999999898603
e23b11c557988dbc53fbae351fa88809	k__Bacteria; p__Fusobacteria; c__Fusobacteriia; o__Fusobacteriales; f__Leptotrichiaceae; g__Leptotrichia; s__buccalis	0.9076114414697226
3bed41c5b02be4d47af9f757a6584d4e	k__Bacteria; p__Proteobacteria; c__Gammaproteobacteria; o__Pasteurellales; f__Pasteurellaceae; g__Aggregatibacter	0.8490382256617688
d44c0a14f3918386dfea6c54f9699b8d	k__Bacteria	0.9861186299872651
2b8fcbae26d6c5c67b11426bb41dd9a4	k__Bacteria; p__Proteobacteria; c__Alphaproteobacteria; o__Sphingomonadales; f__Erythrobacteraceae; g__; s__	0.8055490619558432
c3359ace8753a3791b0034bdd16d9a6a	k__Bacteria; p__Firmicutes; c__Bacilli; o__Lactobacillales	0.9547511706222644
020179c1107b82e3bc21e02e3711c8a6	k__Bacteria; p__Firmicutes; c__Clostridia; o__Clostridiales; f__; g__; s__	0.9770698146294954
40f4f8b5a55f3e9621254a1889a8af23	k__Bacteria	0.9892740665083318
b5600596e52668863aa77749277fe532	k__Bacteria; p__Actinobacteria; c__Actinobacteria; o__Actinomycetales; f__Actinomycetaceae; g__Actinomyces	0.9375391464527739
51f4a40bbbd7bb6b437fa5fe53089507	k__Bacteria; p__Firmicutes; c__Clostridia; o__Clostridiales; f__Peptostreptococcaceae; g__Filifactor; s__	0.9051002323758822
deb51830f1a725caed25e36dde730b84	k__Bacteria; p__Firmicutes; c__Clostridia; o__Clostridiales; f__Clostridiaceae; g__Clostridium; s__	0.9477750460554796
5a4322c60fc953ffff9efb9bd4ec4a6b	k__Bacteria; p__Firmicutes; c__Bacilli; o__Lactobacillales; f__Streptococcaceae; g__Streptococcus	0.9999962567404814
3831dcf113feba1d1fd5c8e79d5075ef	k__Bacteria; p__Proteobacteria; c__Betaproteobacteria; o__Neisseriales; f__Neisseriaceae; g__Neisseria	0.9969789742149324
62a057fe1c42779bd98072f9bb98f331	k__Bacteria; p__Proteobacteria; c__Gammaproteobacteria; o__Pasteurellales; f__Pasteurellaceae	0.9997727958624412
75faea06411de4f20892f475960eecdd	k__Bacteria; p__Firmicutes; c__Clostridia; o__Clostridiales; f__Peptostreptococcaceae_[XI]	0.7011581787903388
48f96bddda512700ca9365951f70eb93	k__Bacteria; p__SR1; c__SR1_[C-1]; o__SR1_[O-1]; f__SR1_[F-1]; g__SR1_[G-1]	0.9806129678651658
e524e72cf41719648eca4cf6359c12ab	k__Bacteria; p__Firmicutes; c__Bacilli; o__Lactobacillales; f__Streptococcaceae; g__Streptococcus	0.9977023115491932
a3abaae8fe2c2046e8aae5c256b1a20d	k__Bacteria; p__Firmicutes; c__Clostridia; o__Clostridiales; f__Peptostreptococcaceae; g__Filifactor; s__	0.9051002324326175
8926e49451fecaffc374d140e54c1de1	k__Bacteria; p__Fusobacteria; c__Fusobacteriia; o__Fusobacteriales; f__Leptotrichiaceae; g__Leptotrichia; s__sp._oral_taxon_498	0.999980815466808
ad4d5b508ffcebc88c481c41c6342c8a	k__Bacteria; p__Proteobacteria; c__Alphaproteobacteria; o__Rhodobacterales; f__Rhodobacteraceae; g__Paracoccus	0.9925583652931913
109783468bcf89ce7e7d0af31e5746c1	k__Bacteria; p__Firmicutes; c__Clostridia; o__Clostridiales; f__Lachnospiraceae; g__; s__	0.9135592106690249
42156463e88511ba60ba3ed61e805a33	k__Bacteria; p__Fusobacteria; c__Fusobacteriia; o__Fusobacteriales; f__Leptotrichiaceae; g__Leptotrichia; s__	0.7898201103930903
7fbfea8f725947665d191e416f509d1e	k__Bacteria; p__Firmicutes; c__Clostridia; o__Clostridiales; f__Ruminococcaceae	0.7189208706590823
1f597b008adb2e059adb45d288587e0f	k__Bacteria; p__Bacteroidetes; c__Bacteroidia; o__Bacteroidales; f__Prevotellaceae; g__Prevotella; s__enoeca	0.9999999500082039
fdbc80de0f2776a21b3d0b4fef9b0423	k__Bacteria; p__Firmicutes; c__Bacilli; o__Lactobacillales; f__Streptococcaceae; g__Streptococcus	0.9994858244028993
1cf91b03aade4f2dff5040dcb81d14f1	k__Bacteria; p__Fusobacteria; c__Fusobacteriia; o__Fusobacteriales; f__Leptotrichiaceae; g__Leptotrichia	0.9999999998674385
1b06f9da39b056e271397ec4f35493f1	k__Bacteria; p__Firmicutes; c__Clostridia; o__Clostridiales; f__Lachnospiraceae_[XIV]; g__Oribacterium; s__asaccharolyticum	0.9994524303152723
bc4a306761c0cb321093f9a5f96a2608	k__Bacteria; p__Firmicutes; c__Clostridia; o__Clostridiales	0.999999564231528
86a130ce49a281714f42f4223013aeed	k__Bacteria; p__Proteobacteria; c__Betaproteobacteria; o__Neisseriales; f__Neisseriaceae	0.9999940995878951
8ae8cdc4fabafc1f87cc85a9bb60029e	k__Bacteria; p__Proteobacteria; c__Betaproteobacteria; o__Neisseriales; f__Neisseriaceae; g__Neisseria	0.9994612869345018
306a838008822409984d5946b002cab1	k__Bacteria; p__Bacteroidetes; c__Sphingobacteriia; o__Sphingobacteriales; f__Sphingobacteriaceae; g__; s__	0.9992956430456645
ee96d1e4a4e87869b8e6b50c66d6b288	k__Bacteria; p__Firmicutes; c__Clostridia; o__Clostridiales; f__Peptococcaceae; g__Peptococcus	0.9999855536123593
7d42c35fa75d5f1a4c8ec58c777ccb81	k__Bacteria; p__Firmicutes; c__Clostridia; o__Clostridiales; f__Peptostreptococcaceae_[XI]; g__Peptostreptococcaceae_[XI][G-7]	0.9931754880898086
500a21b28d13b0e6f02261f32bf96f0e	k__Bacteria; p__Firmicutes; c__Bacilli; o__Lactobacillales; f__Streptococcaceae; g__Streptococcus	0.999999732369232
5691d2d062a91b5ca00e5cc192817a25	k__Bacteria; p__TM7; c__TM7-3; o__CW040; f__; g__; s__	0.9986218351742997
f0b0880039be30864d5faadc71f3fcbe	k__Bacteria; p__Actinobacteria; c__Actinobacteria; o__Actinomycetales; f__Micrococcaceae; g__Rothia; s__	0.9222029263978742
28f04596591e70036afdfbbd2eb777a0	k__Bacteria; p__Actinobacteria; c__Actinobacteria; o__Actinomycetales; f__Actinomycetaceae; g__Actinomyces	0.997255643964699
60285688cc9416ccbae065db8160aa2e	k__Bacteria; p__Firmicutes; c__Bacilli; o__Lactobacillales; f__Streptococcaceae; g__Streptococcus	0.9888784511218813
d1bf495ce9cea4d8174467d9b0e0b756	k__Bacteria; p__SR1; c__SR1_[C-1]; o__SR1_[O-1]; f__SR1_[F-1]; g__SR1_[G-1]; s__sp._oral_taxon_345	0.9999688769912433
997bf56b4515eef5b6f41f352a038cfa	k__Bacteria; p__Actinobacteria; c__Actinobacteria; o__Actinomycetales; f__Micrococcaceae; g__Rothia	0.878250933329741
46953caf0c878051036380e539591ad2	k__Bacteria	0.9999999830043064
79a5ced65ad68baeac1786384328606b	k__Bacteria; p__Firmicutes; c__Clostridia; o__Clostridiales; f__Peptostreptococcaceae_[XI]; g__Peptostreptococcaceae_[XI][G-9]; s__[Eubacterium]_brachy	0.9999990409786983
a7588ffcb58a9157c072668bab53da05	k__Bacteria; p__Firmicutes; c__Negativicutes; o__Selenomonadales; f__Veillonellaceae; g__Selenomonas	0.9890376662559446
ac732461181303fdf15e8cce2294e7e2	k__Bacteria; p__Firmicutes; c__Bacilli; o__Lactobacillales; f__Streptococcaceae; g__Streptococcus	0.9984173609341709
ad2d7414c38c0d5508ecfc7dbae56207	k__Bacteria; p__Bacteroidetes; c__Bacteroidia; o__Bacteroidales; f__Prevotellaceae; g__Prevotella; s__histicola	0.7519739064884814
0320cc796429713e80244025c235ab6e	k__Bacteria; p__Fusobacteria; c__Fusobacteriia; o__Fusobacteriales; f__Leptotrichiaceae; g__Leptotrichia; s__sp._oral_taxon_417	0.8493108422709902
bcf269d3d5629ef536d17808b16d445f	k__Bacteria; p__Firmicutes; c__Bacilli; o__Lactobacillales; f__Streptococcaceae; g__Streptococcus	0.8219799559111143
d5acdaf800d71fa551a7f34efa4dad08	k__Bacteria; p__Firmicutes; c__Clostridia; o__Clostridiales; f__Lachnospiraceae_[XIV]; g__Butyrivibrio; s__sp._oral_taxon_080	0.9999873065073803
35979a09603d0f06e5f894597534ac7f	k__Bacteria; p__Firmicutes; c__Clostridia; o__Clostridiales; f__Lachnospiraceae_[XIV]; g__Lachnospiraceae_[G-2]; s__sp._oral_taxon_096	0.999451703665784
365b4d17664e1b08cb658dacdabd17ef	k__Bacteria; p__Bacteroidetes; c__Bacteroidia; o__Bacteroidales; f__Prevotellaceae; g__Prevotella; s__micans	0.9999999790634038
2d8d331acb48a01f37500280eec72a3a	k__Bacteria; p__Firmicutes; c__Clostridia; o__Clostridiales	0.9999999999999927
464de73c7ebce79b4cd999c56f2738ee	k__Bacteria; p__Firmicutes; c__Bacilli; o__Bacillales	0.9969802721333513
8978872e36422d4640122bf06f9ed49a	k__Bacteria; p__Firmicutes; c__Clostridia; o__Clostridiales; f__Lachnospiraceae_[XIV]; g__Lachnospiraceae_[G-3]; s__sp._oral_taxon_100	0.9817277432858067
c82111eead9b94c2f2900ce939521420	k__Bacteria; p__Firmicutes; c__Erysipelotrichia; o__Erysipelotrichales; f__Erysipelotrichaceae; g__Eggerthia; s__catenaformis	0.936679791243958
c38b0a1ad61c240dcbed1793adce8f02	k__Bacteria; p__Proteobacteria; c__Gammaproteobacteria; o__Xanthomonadales; f__Xanthomonadaceae; g__; s__	0.9952482762401316
3575647ff0290de22dbe1c3abfdadb29	k__Bacteria	0.9566402920595892
d6bdfd04945824701dca65b4631d8c4c	k__Bacteria; p__Bacteroidetes; c__Bacteroidia; o__Bacteroidales; f__Porphyromonadaceae; g__Porphyromonas; s__sp._oral_taxon_285	0.9961129577639818
0f27432ae913d797bb6f15ae1ef4bb39	k__Bacteria; p__TM7; c__TM7-3; o__; f__; g__; s__	0.9943161630191637
bea61b7a2082db7bfd28291426a0cb7c	k__Bacteria; p__Bacteroidetes; c__Bacteroidia; o__Bacteroidales; f__Prevotellaceae; g__Prevotella; s__nanceiensis	0.9976502345871744
5c3c8c64d890cb150c5d25ca067b022e	k__Bacteria; p__Firmicutes	0.9999629308734621
0d3202e0608c4f6efc83e1fc568b8247	k__Bacteria; p__Firmicutes; c__Clostridia; o__Clostridiales; f__Lachnospiraceae_[XIV]; g__Butyrivibrio; s__sp._oral_taxon_455	0.9964655034356057
73bacfc0c44f0c361a1a30a7fa10e94c	k__Bacteria; p__Proteobacteria; c__Alphaproteobacteria; o__Kiloniellales; f__; g__; s__	0.9968189177834863
2f5ed4ccfb754c5dc8946b5f8e4dcb98	k__Bacteria; p__Actinobacteria; c__Actinobacteria; o__Bifidobacteriales; f__Bifidobacteriaceae; g__Alloscardovia; s__omnicolens	0.999875609891964
d8c4ac15ae86a4eaf4e69d215293e6a3	k__Bacteria; p__Bacteroidetes; c__Bacteroidia; o__Bacteroidales; f__Prevotellaceae; g__Prevotella	0.9999990936960369
4709ce242b7a02b503e49b54fe9b1756	k__Bacteria	0.9999993065186933
fd4dbc50d44ac9291572c2b9e37edb0f	k__Bacteria; p__Firmicutes; c__Bacilli; o__Lactobacillales; f__Streptococcaceae; g__Streptococcus	0.9914778195366335
b24b367834545b08d17c949edfb5b08b	k__Bacteria; p__Actinobacteria; c__Actinobacteria; o__Actinomycetales; f__Micrococcaceae; g__Rothia; s__nasimurium	0.7888047568680203
d4ded2508f40dfc63b4dec52c0312d5e	k__Bacteria	0.9564545677404409
ef0d5c16a1f523cc3de5e79694cc5e2a	k__Bacteria	0.9826902348312873
9d9ee09b4045142eb9310bc3c55601fa	k__Bacteria; p__Bacteroidetes; c__Bacteroidia; o__Bacteroidales; f__Prevotellaceae; g__Prevotella; s__micans	0.9999999930826533
4c214f2a55aeb01971b6ea363b068487	k__Bacteria; p__Firmicutes; c__Bacilli; o__Lactobacillales; f__Streptococcaceae; g__Streptococcus	0.9855139043536139
58ca0db2ffab1f1a0bb59681ae1a3562	k__Bacteria; p__Proteobacteria; c__Gammaproteobacteria; o__Pasteurellales; f__Pasteurellaceae	0.999999697771596
7a635d42ae801209163d4e2e3fec580e	k__Bacteria; p__Firmicutes; c__Negativicutes; o__Selenomonadales; f__Veillonellaceae; g__Veillonella	0.9774020278915774
fdc4c92ca3abbd427141b468cf69fdf7	k__Bacteria; p__Proteobacteria; c__Gammaproteobacteria; o__Pasteurellales; f__Pasteurellaceae; g__Haemophilus	0.905598752768193
e2e42ac40dbd8d8dc0d81f90199af0aa	k__Bacteria; p__Firmicutes; c__Bacilli; o__Lactobacillales; f__Streptococcaceae; g__Streptococcus	0.9988821182190973
ef619a1357bd661217500f4e6d6e35b9	Unassigned	0.876664585169703
462462b721ae333214a4972ffdf84d1b	k__Bacteria; p__Firmicutes; c__Clostridia; o__Clostridiales	0.9999999129731227
15c62b873afa939a3114e6c862f4e92d	k__Bacteria; p__Firmicutes; c__Clostridia; o__Clostridiales; f__Lachnospiraceae_[XIV]; g__Lachnospiraceae_[G-8]; s__sp._oral_taxon_500	0.778461104074839
ab8c74d21239f00d1c1cd61842db0f2b	k__Bacteria; p__Spirochaetes; c__Spirochaetia; o__Spirochaetales; f__Spirochaetaceae; g__Treponema	0.9999983217674644
f9179f022a063eca91185c707aae5b81	k__Bacteria; p__Firmicutes; c__Negativicutes; o__Selenomonadales; f__Veillonellaceae; g__Veillonellaceae_[G-1]; s__sp._oral_taxon_150	0.73478891034884
b8d029452ec4553d163b3c7c04637311	k__Bacteria; p__Proteobacteria; c__Gammaproteobacteria; o__Xanthomonadales; f__Sinobacteraceae; g__; s__	0.9999999968082989
5d3e7b85f816742ae62a4fc495b1e6e0	k__Bacteria; p__Firmicutes; c__Clostridia; o__Clostridiales; f__Lachnospiraceae_[XIV]; g__Catonella; s__morbi	0.8809309806674799
7870c786cb301b23d8ccdb96421ea16a	k__Bacteria; p__Bacteroidetes; c__Bacteroidia; o__Bacteroidales; f__Prevotellaceae; g__Alloprevotella; s__rava	0.999987457963295
f0b4ec65815699c98ec5e6a79f94fadd	k__Bacteria; p__Actinobacteria; c__Actinobacteria; o__Actinomycetales; f__Micrococcaceae; g__Rothia; s__	0.8806209353849839
ff44ef62452d608039ed44f03a9d30fb	k__Bacteria; p__Firmicutes; c__Negativicutes; o__Selenomonadales; f__Veillonellaceae; g__Veillonella	0.869699366557302
33019a31c229f83042ed0db819612c74	k__Bacteria; p__Bacteroidetes; c__Bacteroidia; o__Bacteroidales; f__Prevotellaceae; g__Prevotella; s__nanceiensis	0.9667634413459679
91ce7f0a3812671335f26cff4e8ac21d	k__Bacteria; p__Firmicutes; c__Negativicutes; o__Selenomonadales; f__Veillonellaceae; g__Veillonella	0.7372212673031914
385aa59941d3722086a6c2c52aa7c1c5	k__Bacteria; p__Bacteroidetes; c__Bacteroidia; o__Bacteroidales; f__Prevotellaceae; g__Prevotella; s__nanceiensis	0.7712336971999164
a804d73eda07653ca1bb27de77303ee3	k__Bacteria; p__Bacteroidetes; c__Bacteroidia; o__Bacteroidales; f__Prevotellaceae; g__Prevotella	0.9999999410806291
f4b05179b02c1ff103329def5e8a4b7f	k__Bacteria; p__Proteobacteria; c__Betaproteobacteria; o__Neisseriales; f__Neisseriaceae	0.9999989488936262
6cda1f58db2cb73cbd4ffdc7a1c9440e	k__Bacteria; p__Fusobacteria; c__Fusobacteriia; o__Fusobacteriales; f__Leptotrichiaceae; g__Sneathia	0.9990887375903191
752971d00fd5df0fe9a992c304fc649f	k__Bacteria; p__Bacteroidetes; c__Flavobacteriia; o__Flavobacteriales; f__Flavobacteriaceae; g__Capnocytophaga	0.9999991790953418
cc078948e685117e2ba0a27404e3ffa5	k__Bacteria; p__Firmicutes; c__Bacilli; o__Lactobacillales; f__Streptococcaceae; g__Streptococcus	0.9989254917833656
9caa3b542964773a5b9fa631958a077a	k__Bacteria; p__Bacteroidetes; c__Bacteroidia; o__Bacteroidales; f__Prevotellaceae; g__Prevotella	0.9999999844503927
b9949d1ac44659763f790aa333ee25d3	k__Bacteria; p__Bacteroidetes; c__Bacteroidia; o__Bacteroidales; f__Prevotellaceae; g__Prevotella; s__saccharolytica	0.9999999123661677
860399b87e673651840c076bbb635dc3	k__Bacteria; p__Bacteroidetes; c__Bacteroidia; o__Bacteroidales; f__Prevotellaceae; g__Prevotella; s__salivae	0.9850309580839269
9c93fffae69ecd8b8e6fa28ee74dac0a	k__Bacteria; p__Actinobacteria; c__Actinobacteria; o__Actinomycetales; f__Actinomycetaceae; g__Actinomyces	0.9999997463999066
343e7b5d1cdc655427a6d1b6a64916b7	k__Bacteria; p__Firmicutes; c__Clostridia; o__Clostridiales; f__Lachnospiraceae_[XIV]; g__Oribacterium; s__parvum	0.9494785265103812
5af4b8eaa188f51ab73fcae2e98832f5	k__Bacteria; p__Firmicutes	0.9999139194545931
b9c919b2a8aadf80c3afed234274a7f0	k__Bacteria; p__Firmicutes; c__Clostridia; o__Clostridiales; f__Peptostreptococcaceae_[XI]; g__Peptostreptococcaceae_[XI][G-7]; s__sp._oral_taxon_081	0.9999999762718804
158bd783c84be271a1ee21c398154f65	k__Bacteria; p__Bacteroidetes; c__Bacteroidia; o__Bacteroidales; f__Prevotellaceae; g__Prevotella; s__salivae	0.9967835191916392
b31acde6f3edf57d7f3e22b7e8e7f2ad	k__Bacteria; p__Firmicutes; c__Clostridia; o__Clostridiales; f__[Tissierellaceae]; g__Anaerococcus; s__	0.9981104519718729
b109c6739a84d40b3a0f3641ff0514c6	k__Bacteria; p__Firmicutes; c__Bacilli; o__Lactobacillales; f__Streptococcaceae; g__Streptococcus	0.812615534643691
0b9c0e59e80a91f9cdcc482093358295	k__Bacteria; p__Firmicutes; c__Clostridia; o__Clostridiales; f__Lachnospiraceae_[XIV]; g__Oribacterium; s__asaccharolyticum	0.9817952706640453
2ce82bb2991f2defa2958d7687a2b121	k__Bacteria; p__Bacteroidetes; c__Bacteroidia; o__Bacteroidales; f__Prevotellaceae; g__Alloprevotella; s__rava	0.999971355272067
3d1ed7fa2ef2f919dc42b6b029c0c8fd	k__Bacteria; p__Firmicutes	0.9999199724615476
92e4f3edc3d1f3a6143d777dd049b48f	k__Bacteria; p__Synergistetes; c__Synergistia; o__Synergistales; f__Synergistaceae; g__Fretibacterium	0.9311417514348809
26099aea27bea0d8acd30180ae961b08	k__Bacteria; p__Bacteroidetes; c__Bacteroidia; o__Bacteroidales; f__Prevotellaceae; g__Prevotella; s__saccharolytica	0.9999999861077812
caeca855621607883622ab692f938dab	k__Bacteria; p__Proteobacteria; c__Gammaproteobacteria; o__Pasteurellales; f__Pasteurellaceae; g__Aggregatibacter	0.7542905129778438
7e578d7a2752f4a085c51c724be5ca2e	k__Bacteria; p__Firmicutes; c__Bacilli; o__Lactobacillales; f__Streptococcaceae; g__Streptococcus	0.9818397904442631
935199917f376632ab48914a29083d14	k__Bacteria; p__Firmicutes; c__Erysipelotrichia; o__Erysipelotrichales; f__Erysipelotrichaceae; g__Erysipelotrichaceae_[G-1]; s__sp._oral_taxon_905	0.8187903606444222
0ed17ccedefa039fefc470458f77d447	k__Bacteria; p__Fusobacteria; c__Fusobacteriia; o__Fusobacteriales; f__Fusobacteriaceae; g__Fusobacterium	0.8167138994163126
aba3681ec3ca1789434b3fc06cb01a61	k__Bacteria; p__Fusobacteria; c__Fusobacteriia; o__Fusobacteriales; f__Fusobacteriaceae; g__Fusobacterium	0.9579711472509186
aa66c06f69d85a402d450a0f5ffd216b	k__Bacteria; p__Firmicutes; c__Clostridia; o__Clostridiales; f__Lachnospiraceae_[XIV]; g__Lachnoanaerobaculum; s__umeaense	0.988026214440657
04183216ce5709c63fe27330bd501f85	k__Bacteria; p__Proteobacteria; c__Gammaproteobacteria; o__Pasteurellales; f__Pasteurellaceae	0.8840233975651294
274d6b16b0dcddda9dd45fc11342b8d4	k__Bacteria; p__Bacteroidetes; c__Bacteroidia; o__Bacteroidales; f__Prevotellaceae; g__Prevotella	0.9999988578674078
6a2e9042ed7ea170da311898e79fb173	k__Bacteria; p__Bacteroidetes; c__Bacteroidia; o__Bacteroidales; f__Porphyromonadaceae; g__Porphyromonas; s__sp._oral_taxon_285	0.9805332858034707
f6cc89b3295911d877e10a5b67eb755b	k__Bacteria; p__Bacteroidetes; c__Bacteroidia; o__Bacteroidales; f__Prevotellaceae; g__Prevotella; s__sp._oral_taxon_396	0.9681675577035928
3e4044e43e47d6d12b6578a557bb7f83	k__Bacteria; p__Firmicutes; c__Bacilli; o__Lactobacillales; f__Leuconostocaceae; g__Leuconostoc; s__	0.998634683765056
e511dfe142d6615994f1380b24780018	k__Bacteria; p__Firmicutes; c__Clostridia; o__Clostridiales; f__Peptostreptococcaceae_[XI]; g__Mogibacterium	0.932758921255141
3be6a9ababb9eca9a15c185f80139fcf	k__Bacteria; p__Firmicutes; c__Bacilli; o__Lactobacillales; f__Streptococcaceae; g__Streptococcus	0.9999952346556943
269ddb6cf3c398985c0469d3d06553df	k__Bacteria; p__Proteobacteria; c__Gammaproteobacteria; o__Pasteurellales; f__Pasteurellaceae; g__Haemophilus	0.7181129215006418
f9334057f940976cb4dca8598dd6ba1e	k__Bacteria; p__Firmicutes; c__Bacilli; o__Lactobacillales; f__Streptococcaceae; g__Streptococcus	0.9946762758736394
044c92aa8328ddadc8a4337878b9c86e	k__Bacteria; p__Bacteroidetes; c__Bacteroidia; o__Bacteroidales; f__Porphyromonadaceae; g__Porphyromonas; s__uenonis	0.7884435195294536
7d360f2a309f15dbb8bfd55fd8edec3e	k__Bacteria; p__Firmicutes; c__Negativicutes; o__Selenomonadales; f__Veillonellaceae; g__Veillonella; s__parvula	0.8007493232686519
d3fccddb4ecf190d30018a7444b2deaa	k__Bacteria; p__Bacteroidetes; c__Bacteroidia; o__Bacteroidales; f__Prevotellaceae; g__Alloprevotella; s__rava	0.9999453369724218
e6f4695ffcc1309ccf5aa759f100a9aa	k__Bacteria; p__Firmicutes; c__Clostridia; o__Clostridiales; f__Lachnospiraceae_[XIV]; g__Oribacterium; s__parvum	0.9768634884928575
b20730b897d9e202b27b69592034053b	k__Bacteria; p__Bacteroidetes; c__Bacteroidia; o__Bacteroidales; f__Prevotellaceae; g__Alloprevotella; s__sp._oral_taxon_473	0.9965253417981295
dfba453c8fb164d071781fe43c0be353	k__Bacteria; p__Bacteroidetes; c__Bacteroidia; o__Bacteroidales; f__Prevotellaceae; g__Prevotella	0.9993980200675812
26d61a657476dd896c2d809a1e3263f3	k__Bacteria; p__Bacteroidetes; c__Bacteroidia; o__Bacteroidales; f__Prevotellaceae; g__Prevotella; s__pallens	0.7999806464826403
2636bf24728a770db7d6d8b609779daa	k__Bacteria; p__Firmicutes; c__Negativicutes; o__Selenomonadales; f__Veillonellaceae; g__Veillonella	0.9768722557637579
b5542a0a5b78081eb7157be4924eb2dd	k__Bacteria; p__Proteobacteria; c__Alphaproteobacteria; o__; f__; g__; s__	0.8923153174362846
a3d1b76c5805308567781b886e5aa883	k__Bacteria; p__Proteobacteria; c__Gammaproteobacteria; o__Cardiobacteriales; f__Cardiobacteriaceae; g__Cardiobacterium	0.9909021449159454
b508e028f3cc2afb8c3b656853058d35	k__Bacteria; p__Bacteroidetes; c__Bacteroidia; o__Bacteroidales; f__Prevotellaceae; g__Prevotella	0.9999989372673592
4e46cb34e3e041e470473e85b23103a6	k__Bacteria; p__Actinobacteria; c__Actinobacteria; o__Actinomycetales; f__Actinomycetaceae; g__Actinomyces	0.9999990568666485
881bc9c94cb59662bc499d88349fa3a6	k__Bacteria; p__Proteobacteria; c__Gammaproteobacteria; o__Pasteurellales; f__Pasteurellaceae; g__Haemophilus	0.8775751182858932
706939a64f1887c90fcdbf6c738c85df	k__Bacteria; p__Firmicutes; c__Clostridia; o__Clostridiales; f__Lachnospiraceae_[XIV]; g__Lachnospiraceae_[G-10]; s__sp._oral_taxon_094	0.9999976237824436
a16fa7dc15674d8880a870d49c46b7a8	k__Bacteria; p__Firmicutes; c__Negativicutes; o__Selenomonadales; f__Veillonellaceae; g__Veillonella	0.785269543467128
4aad03274887f7c0f0c211bb486af3de	k__Bacteria; p__Bacteroidetes; c__Cytophagia; o__Cytophagales; f__Cytophagaceae; g__Emticicia; s__	1.0
fcbef69ca71e0c6e35fbb42d72340367	k__Bacteria; p__Firmicutes; c__Bacilli; o__Lactobacillales; f__Streptococcaceae; g__Streptococcus	0.9995774567446609
162027333a19c49a572d6279fe9ac063	k__Bacteria; p__Firmicutes; c__Negativicutes; o__Selenomonadales; f__Veillonellaceae; g__Veillonella	0.8656050062905792
cfa9a8609828a21a227367e2b5128533	k__Bacteria; p__Proteobacteria; c__Betaproteobacteria; o__Neisseriales; f__Neisseriaceae; g__; s__	0.9999479213257552
2c4a794fdf1355946d00bdcc813e6604	k__Bacteria; p__Bacteroidetes; c__Flavobacteriia; o__Flavobacteriales; f__Flavobacteriaceae; g__Bergeyella; s__sp._oral_taxon_322	0.9987629623536265
f8dff851228f339ee22ca96079c287ae	k__Bacteria; p__Firmicutes; c__Bacilli; o__Bacillales; f__Gemellaceae; g__Gemella	0.7070296614609729
fdee6a0fdd3adced153862c4432a3b25	k__Bacteria; p__Cyanobacteria; c__Chloroplast; o__Streptophyta; f__; g__; s__	0.9999999992756017
fa5d427501c55e9ca783cf893519b0f6	k__Bacteria; p__Firmicutes; c__Bacilli; o__Lactobacillales; f__Streptococcaceae; g__Streptococcus	0.997974539037314
168242267811dffdee99a22c749cc0cd	k__Bacteria; p__Bacteroidetes; c__Bacteroidia; o__Bacteroidales; f__Prevotellaceae; g__Prevotella; s__pallens	0.9369528311821349
e2ec0dab7c29dd8648ee5e697c59d76d	k__Bacteria; p__Firmicutes	0.9925658492711088
5b97bbc7e22d08c15dc62ddcd827f997	k__Bacteria; p__Firmicutes	0.9784279464927308
4cfb06fa525c56afb781e0c191fabca1	k__Bacteria; p__Firmicutes; c__Bacilli; o__Lactobacillales; f__Streptococcaceae; g__Streptococcus	0.9861478196500602
314456bab749f83c4e88fb3353d74435	k__Bacteria; p__Actinobacteria; c__Actinobacteria; o__Bifidobacteriales; f__Bifidobacteriaceae; g__Scardovia; s__wiggsiae	0.9998898399727646
58b82aa819393369bb94e3090511fb52	k__Bacteria; p__Firmicutes; c__Negativicutes; o__Selenomonadales; f__Veillonellaceae; g__Veillonella	0.9793025613249573
7b4cb4511f5306e09bb7fda7582ac030	k__Bacteria; p__Proteobacteria; c__Gammaproteobacteria; o__Pasteurellales; f__Pasteurellaceae; g__Aggregatibacter	0.989920139324279
841683f917d06f6529f51a2efd39c3f2	k__Bacteria; p__Firmicutes; c__Clostridia; o__Clostridiales	0.9999999999997627
8dd25537bb79d178c461aaa8c9ca4616	k__Bacteria; p__Spirochaetes; c__Spirochaetia; o__Spirochaetales; f__Spirochaetaceae; g__Treponema; s__sp._oral_taxon_270	0.9999847061937391
b5dae60bec5496cdaa3fb0c95e4ebddf	k__Bacteria; p__Fusobacteria; c__Fusobacteriia; o__Fusobacteriales; f__Leptotrichiaceae; g__Leptotrichia; s__sp._oral_taxon_219	0.9886787385835674
145932d6fec05e235f983c4b79241543	k__Bacteria; p__Proteobacteria; c__Gammaproteobacteria; o__Pasteurellales; f__Pasteurellaceae	0.9999905496241326
779150ca539a5b7d567a074ec3656ba9	k__Bacteria; p__Firmicutes; c__Clostridia; o__Clostridiales; f__Peptostreptococcaceae_[XI]; g__Peptostreptococcaceae_[XI][G-7]	0.9966370665181961
4b567ca2b32af2613d14937ebaaa35dd	k__Bacteria; p__Proteobacteria; c__Betaproteobacteria; o__Neisseriales; f__Neisseriaceae; g__Kingella	0.9995013203877775
d8be6d5a47ea6a1aafee425d36af8450	k__Bacteria; p__Fusobacteria; c__Fusobacteriia; o__Fusobacteriales; f__Fusobacteriaceae; g__Fusobacterium	0.8198550393602656
eef0fdacb8cf13c7b008b67f71ac05fc	k__Bacteria; p__Bacteroidetes; c__Bacteroidia; o__Bacteroidales; f__Prevotellaceae; g__Alloprevotella; s__sp._oral_taxon_308	0.8315911173328234
f2091f7c3c8ba1c9a873c1d226abc31d	k__Bacteria; p__Bacteroidetes; c__Bacteroidia; o__Bacteroidales; f__Prevotellaceae; g__Alloprevotella; s__sp._oral_taxon_914	0.8911385603729338
663e478d35ef224e7fb1c095b3a93813	k__Bacteria; p__Bacteroidetes; c__Bacteroidia; o__Bacteroidales; f__Prevotellaceae; g__Prevotella	0.9999999975490832
ec489f12f2271ed9ada8f5f9ffca7c7f	k__Bacteria; p__Firmicutes; c__Bacilli; o__Lactobacillales; f__Streptococcaceae; g__Streptococcus	0.9999996040376703
4b14817c1903b0a70a9a80693d241b06	k__Bacteria; p__SR1; c__SR1_[C-1]; o__SR1_[O-1]; f__SR1_[F-1]; g__SR1_[G-1]; s__sp._oral_taxon_875	0.8529478009691351
8a35c985964931f9a81514048f39645a	k__Bacteria; p__Firmicutes; c__Clostridia; o__Clostridiales; f__Peptococcaceae; g__Peptococcus; s__sp._oral_taxon_167	0.9126733799860339
7d5f87a7fd2ca30ecb6712c8f540eb39	k__Bacteria; p__Firmicutes; c__Bacilli; o__Lactobacillales; f__Enterococcaceae; g__Enterococcus	0.7399911103076502
f5ef73d0d12dc43d76d64b129c53341e	k__Bacteria; p__Saccharibacteria_(TM7); c__TM7_[C-1]; o__TM7_[O-1]; f__TM7_[F-1]; g__TM7_[G-1]; s__sp._oral_taxon_352	0.9795527852214574
6555c83413c12e396405d68c4954d56d	k__Bacteria; p__Actinobacteria; c__Coriobacteriia; o__Coriobacteriales; f__Coriobacteriaceae; g__Slackia; s__exigua	0.9997430921142273
42cf4df521d3b7bae4ab1a973c845f0f	k__Bacteria; p__Proteobacteria; c__Gammaproteobacteria; o__Pasteurellales; f__Pasteurellaceae; g__Haemophilus	0.857509106846529
44f7c6b4395935f021b072e3d2facc76	k__Bacteria; p__Fusobacteria; c__Fusobacteriia; o__Fusobacteriales; f__Leptotrichiaceae; g__Leptotrichia; s__sp._oral_taxon_215	0.850891620304257
c2c279311ed3cf0dcd2462d06417ab52	k__Bacteria; p__Actinobacteria	0.9999999862200607
905b7c3e3b349b484f3117709842b579	k__Bacteria; p__Actinobacteria; c__Actinobacteria; o__Actinomycetales; f__Actinomycetaceae; g__Actinomyces	0.9999981332219667
320645401e12235167a58ace816d4231	k__Bacteria; p__Bacteroidetes; c__Bacteroidia; o__Bacteroidales; f__Prevotellaceae; g__Prevotella; s__salivae	0.7491436807529072
b6f9976ac034620c08206fc52ebfb409	k__Bacteria; p__Firmicutes	0.7105596505861393
a3fe46d2a11340b373c05f56c239c54d	k__Bacteria; p__Fusobacteria; c__Fusobacteriia; o__Fusobacteriales; f__Fusobacteriaceae; g__Fusobacterium	0.9527058027561983
74e712f8279ecdb96c2e6037c96be825	k__Bacteria; p__Actinobacteria	0.9999990557775211
9bf27a896b3d83cb38d928bf7a08a136	k__Bacteria; p__Firmicutes	0.999246582168384
bc4ca9533c226b3dfe7953a998838b2e	k__Bacteria; p__Firmicutes; c__Clostridia; o__Clostridiales	0.9979977446560581
3b0771cca859e9b562d7436be74cdf05	k__Bacteria; p__Bacteroidetes; c__Bacteroidia; o__Bacteroidales; f__Porphyromonadaceae; g__Porphyromonas	0.9784696791599536
2edb1e44df4dcd287d05b10a55fc99fb	k__Bacteria; p__Firmicutes; c__Negativicutes; o__Selenomonadales; f__Veillonellaceae; g__Veillonella; s__rogosae	0.8661692044369104
2a0109f7784c46b2c17108143f6a1957	k__Bacteria; p__Firmicutes; c__Clostridia; o__Clostridiales	0.9999851929298845
03a1e79df09139056de8f2cf4a26815f	k__Bacteria; p__Firmicutes; c__Bacilli; o__Lactobacillales	0.9951074873970922
1fcb46b42dfbff56c2bb1eed00761c01	k__Bacteria; p__Firmicutes	0.9295552454837507
342965e3897c375d727c7a2ba0ef5e06	k__Bacteria; p__Proteobacteria; c__Epsilonproteobacteria; o__Campylobacterales; f__Campylobacteraceae; g__Campylobacter	0.99999443015954
a4037e8dd7df57ea01ed6cd7f9ce9e41	k__Bacteria; p__Proteobacteria; c__Betaproteobacteria; o__Neisseriales; f__Neisseriaceae; g__Neisseria; s__flavescens	0.7316286158127989
5561af08c2c20c8c9ef23da6d39e5dda	k__Bacteria; p__Bacteroidetes; c__Bacteroidia; o__Bacteroidales; f__Prevotellaceae; g__Prevotella	0.9998437962456893
8b8bcb981f90c49b02c9c5cd48e8c2bb	k__Bacteria; p__Firmicutes; c__Clostridia; o__Clostridiales; f__Peptostreptococcaceae_[XI]; g__Mogibacterium	0.9487732402184922
309505c83b29c1c6ff82f19f01d6891f	k__Bacteria; p__Bacteroidetes; c__Bacteroidia; o__Bacteroidales; f__Prevotellaceae	0.9851772045991183
5b24f951b91be8c036ffea91de993acb	k__Bacteria; p__Firmicutes; c__Bacilli; o__Lactobacillales; f__Streptococcaceae; g__Streptococcus; s__salivarius	0.7333723108320611
da3655c2392042e419464e369ac20e25	k__Bacteria; p__SR1; c__SR1_[C-1]; o__SR1_[O-1]; f__SR1_[F-1]; g__SR1_[G-1]; s__sp._oral_taxon_874	0.9966721805543468
2dc40887bbb3e63feae2535f91ade499	k__Bacteria; p__Firmicutes; c__Clostridia; o__Clostridiales; f__Ruminococcaceae; g__Ruminococcaceae_[G-2]; s__sp._oral_taxon_085	0.9717372834012532
ab8f7db56c6e9cca3856000ab260a9ea	k__Bacteria; p__Actinobacteria; c__Actinobacteria; o__Actinomycetales; f__Actinomycetaceae; g__Actinomyces; s__graevenitzii	0.9964884053001277
172674914c3e59437ad2da1d2cac55dc	k__Bacteria; p__Firmicutes; c__Clostridia; o__Clostridiales; f__Lachnospiraceae_[XIV]; g__Catonella	0.7688887411457646
e51e97e8f4314047bec2c7ddaf9d2e70	k__Bacteria; p__Actinobacteria	0.9999999999486137
bbcc5698642005686ccc080194b6f5d1	k__Bacteria; p__Bacteroidetes; c__Bacteroidia; o__Bacteroidales; f__Prevotellaceae; g__Prevotella	0.9999999585782348
2e7fd50b3ff9652899ca7fa464f36e91	k__Bacteria; p__Spirochaetes; c__GN05; o__IF025; f__; g__; s__	0.9999999071873632
6f2c1acef626730a171a86492e1d9422	k__Bacteria; p__Firmicutes; c__Clostridia; o__Clostridiales; f__Lachnospiraceae_[XIV]; g__Lachnoanaerobaculum; s__umeaense	0.8760287852555093
f98bf6da36c1b437713596bb823b8ef0	k__Bacteria; p__Bacteroidetes; c__Bacteroidia; o__Bacteroidales; f__Prevotellaceae; g__Alloprevotella; s__sp._oral_taxon_914	0.8620278005582415
68be571d9349dbde3d57b1ac75dc7346	k__Bacteria; p__Proteobacteria; c__Gammaproteobacteria; o__Pasteurellales; f__Pasteurellaceae; g__Haemophilus	0.8609012822638153
4746822aaeab9a803dd694cda774c334	k__Bacteria; p__Proteobacteria; c__Gammaproteobacteria; o__Xanthomonadales; f__Xanthomonadaceae; g__; s__	0.9865356982337097
ca7b5341dff2e1e1c59b2bee2047782e	k__Bacteria; p__Firmicutes; c__Clostridia; o__Clostridiales; f__Lachnospiraceae_[XIV]; g__Lachnoanaerobaculum; s__umeaense	0.9961117909986466
b555df9202d231227389063a97a12b6c	k__Bacteria; p__Firmicutes; c__Bacilli; o__Lactobacillales; f__Streptococcaceae; g__Streptococcus	0.9999992947433805
715ae291ea25522623e9b72307924b59	k__Bacteria; p__Fusobacteria; c__Fusobacteriia; o__Fusobacteriales; f__Leptotrichiaceae; g__Leptotrichia; s__sp._oral_taxon_392	0.9571254605004652
813bd7f5235be86ade84b72df004f3d7	k__Bacteria; p__Firmicutes; c__Clostridia; o__Clostridiales; f__Lachnospiraceae_[XIV]; g__Lachnoanaerobaculum; s__orale	0.7544834293783912
f1333bdbdddf41466e3e8e289e54fa03	k__Bacteria; p__Proteobacteria; c__Betaproteobacteria; o__Neisseriales; f__Neisseriaceae; g__Eikenella; s__corrodens	0.8912286280298048
7838f87086729a9893382156c7b131e2	k__Bacteria; p__Firmicutes; c__Negativicutes; o__Selenomonadales; f__Veillonellaceae; g__Veillonella; s__sp._oral_taxon_780	0.9577401196642061
ccc1bc776c8de7519b1214f2cdbb8a92	k__Bacteria; p__Bacteroidetes; c__Bacteroidia; o__Bacteroidales	0.9410497129029941
78dcb6f5ec9426b9ddafe0e96ad54164	k__Bacteria; p__Firmicutes; c__Bacilli; o__Bacillales; f__Gemellaceae; g__Gemella	0.7240144431201826
01f325ff6e95c238aac5825711e54ebc	k__Bacteria; p__Actinobacteria; c__Actinobacteria; o__Actinomycetales; f__Propionibacteriaceae; g__; s__	0.9599329929159438
1f47f164eded114c9f365887c50e40fe	k__Bacteria; p__Proteobacteria; c__Betaproteobacteria; o__Procabacteriales; f__Procabacteriaceae; g__; s__	0.9999999331798528
adc283319370c7693f65fcc7fd4f7430	k__Bacteria; p__Firmicutes; c__Bacilli; o__Lactobacillales; f__Streptococcaceae; g__Streptococcus	0.9999999328393978
7375450b29040375e6142c0652cd829a	k__Bacteria; p__Bacteroidetes; c__Bacteroidia; o__Bacteroidales; f__Prevotellaceae; g__Prevotella; s__multisaccharivorax	0.9999997425995037
6d468d0c68869519f32a311c5b16f593	k__Bacteria; p__Firmicutes; c__Bacilli; o__Lactobacillales; f__Streptococcaceae; g__Streptococcus	0.9817191851238121
74c5c025e297636dddad0026c804f2c5	k__Bacteria; p__Bacteroidetes; c__[Saprospirae]; o__[Saprospirales]; f__Chitinophagaceae; g__Lacibacter; s__cauensis	0.9999824702858001
1aebadf2ea5d050d535ec70503082943	k__Bacteria; p__Firmicutes; c__Bacilli; o__Lactobacillales; f__Streptococcaceae; g__Streptococcus	0.9991838299790241
358d0b25263894dd00bc323164943366	k__Bacteria; p__Fusobacteria; c__Fusobacteriia; o__Fusobacteriales; f__Leptotrichiaceae; g__Leptotrichia; s__sp._oral_taxon_392	0.9280730156104479
35140168da934e79bd9d8675e7f69b89	k__Bacteria; p__Fusobacteria; c__Fusobacteriia; o__Fusobacteriales; f__Fusobacteriaceae; g__Fusobacterium	0.9425699784798678
3a47c12f2bf1dbfa857db1b97c027f19	k__Bacteria; p__Bacteroidetes; c__Bacteroidia; o__Bacteroidales; f__Porphyromonadaceae; g__Porphyromonas	0.9978573157164048
50d605c64237fbc3fb8d5d10287101fb	k__Bacteria; p__Firmicutes; c__Negativicutes; o__Selenomonadales; f__Veillonellaceae; g__Selenomonas	0.9998896764423489
14ed742385006c7a55870e05ae081886	k__Bacteria; p__Fusobacteria; c__Fusobacteriia; o__Fusobacteriales; f__Fusobacteriaceae; g__Fusobacterium	0.9578646058773796
72c3ea1fac8573db74f64e656dae1d9b	k__Bacteria; p__Firmicutes; c__Bacilli; o__Lactobacillales; f__Streptococcaceae; g__Streptococcus	0.9993753101751846
7ef3b97b9b3834ab717b26f8ae29f311	k__Bacteria; p__Firmicutes; c__Clostridia; o__Clostridiales; f__Lachnospiraceae_[XIV]; g__Lachnoanaerobaculum	0.9896180221121851
2ca9df1746d3f4daddf1908283234852	k__Bacteria; p__Fusobacteria; c__Fusobacteriia; o__Fusobacteriales; f__Fusobacteriaceae; g__Fusobacterium	0.9223997828813094
6ed7efa82df80f933a6557626b079895	k__Bacteria; p__Firmicutes; c__Bacilli; o__Lactobacillales; f__Streptococcaceae; g__Streptococcus	0.961281091610668
478c01b8347aa0233ddfe8011ac4bcf9	k__Bacteria; p__Firmicutes; c__Bacilli; o__Lactobacillales; f__Enterococcaceae; g__Enterococcus	0.8973162247704645
4046fc1fa0a0753884e10fb7d2a097c3	k__Bacteria; p__Actinobacteria; c__Actinobacteria; o__Actinomycetales; f__Actinomycetaceae; g__Actinomyces	0.9912538598655027
8a8cd8624ae935a8ecf9472f578ebec9	k__Bacteria; p__Proteobacteria; c__Betaproteobacteria; o__Methylophilales; f__Methylophilaceae; g__Methylotenera; s__mobilis	0.9542502211468342
f9d389fb076b06a4f4647c04ea12d889	k__Bacteria; p__Bacteroidetes; c__Bacteroidetes_[C-1]; o__Bacteroidetes_[O-1]; f__Bacteroidetes_[F-1]; g__Bacteroidetes_[G-5]; s__sp._oral_taxon_505	0.9956068109822139
802a54c1d82207e71d0b64075027c3ca	k__Bacteria; p__Firmicutes	0.9999996692705354
54408a2717695b02101564b832f35f6b	k__Bacteria; p__Firmicutes; c__Bacilli; o__Bacillales; f__Gemellaceae; g__Gemella	0.7432265381671147
c62bbfaa75b29e94eabf3ccda23d7f86	k__Bacteria; p__Proteobacteria; c__Betaproteobacteria; o__Neisseriales; f__Neisseriaceae; g__; s__	0.9997655186200607
81d115171e01bb5c5bf5f42dcd5b00f2	k__Bacteria; p__Firmicutes; c__Bacilli; o__Lactobacillales; f__Streptococcaceae; g__Streptococcus	0.971928412666676
4b88662b3b0c7a1cd0089ab5cdddd056	k__Bacteria	0.9999999999987894
ba505f559f4bceaaf1fd88703890b44e	k__Bacteria; p__Firmicutes; c__Bacilli; o__Lactobacillales; f__Streptococcaceae; g__Streptococcus	0.9999959031378384
7f695668955dd2a2c0eaa17ebd7f2baa	k__Bacteria; p__Firmicutes; c__Clostridia; o__Clostridiales; f__Clostridiaceae; g__Clostridium; s__disporicum_quinii	0.8919346093171895
0d23f56d90c999b4cfb83fbf6c5fbd75	k__Bacteria; p__Firmicutes; c__Clostridia; o__Clostridiales; f__Ruminococcaceae; g__Oscillospira; s__	0.9754495600099186
974633f5569fade059e4a8e81f20e4b4	k__Bacteria; p__Bacteroidetes; c__Bacteroidia; o__Bacteroidales; f__Prevotellaceae; g__Prevotella	0.9993262999238178
31553da47f6f445fe327ce6ae1331a20	k__Bacteria; p__Proteobacteria; c__Gammaproteobacteria; o__Pasteurellales; f__Pasteurellaceae; g__Haemophilus	0.9314177967141513
e0583124537f65547ff0aeb8fa84fcb5	k__Bacteria; p__Firmicutes; c__Bacilli; o__Lactobacillales; f__Streptococcaceae; g__Streptococcus	0.9999939940564312
4bc691cd1e23e3db28ea5e116870ce34	k__Bacteria; p__TM7; c__TM7-3; o__CW040; f__; g__; s__	0.9834238361276848
fdc9058696b6a65054b6473ed321a2e8	k__Bacteria; p__Firmicutes; c__Clostridia; o__Clostridiales; f__Lachnospiraceae_[XIV]; g__Stomatobaculum; s__sp._oral_taxon_097	0.9999550674741325
0e038df21e1a94384805195695896019	k__Bacteria	0.9999999998331862
c3afb690f81147fe4e45f2c8ac7bb0bb	k__Bacteria; p__Fusobacteria; c__Fusobacteriia; o__Fusobacteriales; f__Fusobacteriaceae; g__Fusobacterium	0.9349657422871529
728b3248d300159e73b5ef5685b3c841	k__Bacteria; p__Proteobacteria; c__Epsilonproteobacteria; o__Campylobacterales; f__Campylobacteraceae; g__Campylobacter	0.9999999999944589
2bb3f01cb98c8d04238b772226aa27c4	k__Bacteria	0.9998162892370079
4eb78046814d5a363922bed407cc3ec4	k__Bacteria; p__Bacteroidetes; c__Bacteroidia; o__Bacteroidales; f__Prevotellaceae; g__Prevotella; s__pallens	0.992217367653437
4fb0f9cc568eeaaa6c3301704cf5625b	k__Bacteria; p__Firmicutes; c__Bacilli; o__Lactobacillales; f__Streptococcaceae; g__Streptococcus	0.9999999738160517
46b994686b69560ccc065a20a6fed85d	k__Bacteria; p__Actinobacteria; c__Actinobacteria; o__Actinomycetales; f__Corynebacteriaceae; g__Corynebacterium; s__	0.9998587576833263
e19ff22ed27237162dff2f4743fdebd5	k__Bacteria; p__Firmicutes; c__Bacilli; o__Lactobacillales; f__Streptococcaceae; g__Streptococcus	0.9449123844231695
477d0dcad679b8008b717cd2cb41a89b	k__Bacteria; p__Firmicutes; c__Bacilli; o__Bacillales	0.995764915884449
3718b03079d16d885f03aba9312c42bb	k__Bacteria; p__Firmicutes; c__Negativicutes; o__Selenomonadales; f__Veillonellaceae; g__Veillonella	0.7542952246956337
6787251b30554bb247304466c534f7a9	k__Bacteria; p__Firmicutes; c__Bacilli; o__Lactobacillales; f__Streptococcaceae; g__Streptococcus	0.9987056456173818
c77a2f798d1645988387f80b0d2640ba	k__Bacteria; p__Firmicutes; c__Bacilli; o__Lactobacillales; f__Streptococcaceae; g__Streptococcus	0.9999465331620025
68cd77ff69a0a5b2a267387451c3e658	k__Bacteria; p__Bacteroidetes; c__Bacteroidia; o__Bacteroidales; f__Prevotellaceae	0.8185494084019488
3a2488d0ee7d36575fd948d0f7e31614	k__Bacteria; p__Firmicutes; c__Clostridia; o__Clostridiales	0.999956254193253
0e8d38fb007a938b1f38e36e5f036ad3	k__Bacteria; p__Verrucomicrobia; c__Opitutae; o__[Cerasicoccales]; f__[Cerasicoccaceae]; g__; s__	0.9999999992436983
635ef85dacba94072a917999fcbb37ed	k__Bacteria; p__Actinobacteria; c__Actinobacteria; o__Actinomycetales; f__Actinomycetaceae; g__Actinomyces	0.9999995652298964
7f20dd22ec13b7a33cdbd3b482269f50	k__Bacteria; p__Proteobacteria; c__Alphaproteobacteria; o__Sphingomonadales; f__Sphingomonadaceae; g__; s__	0.9968775402586806
8c276f016a912ec1538720657f505117	k__Bacteria; p__Firmicutes; c__Clostridia; o__Clostridiales; f__Lachnospiraceae_[XIV]; g__Lachnospiraceae_[G-3]; s__sp._oral_taxon_100	0.9993571311824129
d345ab54cebde1e7ddeab18d95f6da4c	k__Bacteria; p__Firmicutes; c__Clostridia; o__Clostridiales; f__Peptostreptococcaceae_[XI]; g__Peptostreptococcaceae_[XI][G-3]; s__sp._oral_taxon_495	0.9996859245379117
580eec7426a00c3d70938231cb28f368	k__Bacteria; p__Firmicutes; c__Bacilli; o__Lactobacillales; f__Streptococcaceae; g__Streptococcus	0.8488757461405823
1c1f322de30f492a8e7695e858dc20c4	k__Bacteria; p__Bacteroidetes; c__Bacteroidia; o__Bacteroidales; f__Prevotellaceae; g__Prevotella; s__	0.9550016072462144
4934e4b5f0d0fce229accab2069e25ca	k__Bacteria; p__Bacteroidetes; c__Bacteroidia; o__Bacteroidales; f__Prevotellaceae; g__Prevotella	0.8788190512340344
7d808579c68ffe3f60ea3d82206c568f	k__Bacteria; p__Firmicutes; c__Bacilli; o__Lactobacillales; f__Streptococcaceae; g__Streptococcus	0.8796051835789311
8cd21b4081dff6f6755da012cca7ee4f	k__Bacteria; p__Bacteroidetes; c__Bacteroidia; o__Bacteroidales	0.9999999992329984
4524ddf581238ff1892d0c9ac04c8547	k__Bacteria; p__Bacteroidetes; c__Bacteroidia; o__Bacteroidales; f__Prevotellaceae; g__Prevotella; s__sp._oral_taxon_301	0.9992965335153423
65ca1097dbd144e948c6b03353901d49	k__Bacteria; p__Firmicutes; c__Bacilli; o__Lactobacillales; f__Streptococcaceae; g__Streptococcus	0.9999999871961845
03be4b5b390838c1dd0e549b41d74540	k__Bacteria; p__Bacteroidetes; c__Bacteroidia; o__Bacteroidales; f__Porphyromonadaceae; g__Porphyromonas; s__sp._oral_taxon_278	0.8357128892331942
1858156dde8fd91c51a2a8a21183e057	k__Bacteria; p__Bacteroidetes; c__Bacteroidia; o__Bacteroidales; f__Bacteroidaceae; g__Bacteroides; s__zoogleoformans	0.9999992842047764
87c01f74a0e03d8af440246e8b615f6f	k__Bacteria; p__Proteobacteria; c__Deltaproteobacteria; o__Desulfobacterales; f__Desulfobulbaceae; g__Desulfobulbus; s__sp._oral_taxon_041	0.8489774802445921
64204010542cdf063d54f0c4a67660d3	k__Bacteria; p__Fusobacteria; c__Fusobacteriia; o__Fusobacteriales; f__Leptotrichiaceae; g__Leptotrichia; s__sp._oral_taxon_221	0.9999965938929477
f3dd80da63f788f7fc05613b2e4f3c46	k__Bacteria; p__Proteobacteria; c__Gammaproteobacteria; o__Pasteurellales; f__Pasteurellaceae; g__Haemophilus	0.8322725897086121
06a188d652a851c03fa8d1cf4653b7a8	k__Bacteria; p__Actinobacteria; c__Actinobacteria; o__Actinomycetales; f__Actinomycetaceae; g__Actinobaculum; s__sp._oral_taxon_183	0.9475916917010294
eda228cea099259a31a6a081f0acf9e3	k__Bacteria; p__Firmicutes; c__Clostridia; o__Clostridiales; f__Ruminococcaceae; g__Ruminococcaceae_[G-1]; s__sp._oral_taxon_075	0.9997439334586002
2bc5a01c6cc564e1f8b6d5f1be7b9a66	k__Bacteria; p__Spirochaetes; c__Spirochaetia; o__Spirochaetales; f__Spirochaetaceae; g__Treponema; s__denticola	0.8725173459014489
2ad1d810b34268aa295d346448886ee4	k__Bacteria; p__Bacteroidetes; c__Bacteroidetes_[C-2]; o__Bacteroidetes_[O-2]; f__Bacteroidetes_[F-2]; g__Bacteroidetes_[G-6]; s__sp._oral_taxon_516	0.9999998528380127
a387771b059115d693d682e2edc852df	k__Bacteria; p__Proteobacteria; c__Gammaproteobacteria; o__Pasteurellales; f__Pasteurellaceae; g__Aggregatibacter	0.9888867299722417
e45808f4af79a8b7d888828f53783437	k__Bacteria; p__Firmicutes; c__Clostridia; o__Clostridiales; f__Lachnospiraceae_[XIV]; g__Lachnospiraceae_[G-3]; s__sp._oral_taxon_100	0.9552131591877411
0cc0ce0509aa660c7527d557b66eb725	k__Bacteria; p__Proteobacteria; c__Betaproteobacteria; o__Neisseriales; f__Neisseriaceae; g__Neisseria	0.998910692912493
e4921962a7087ad2245aea4012f9816f	k__Bacteria; p__Actinobacteria; c__Actinobacteria; o__Actinomycetales; f__Micrococcaceae; g__Rothia	0.9080036911730949
7597ef0041cbf595a7d485cd624bbbfd	k__Bacteria; p__Firmicutes; c__Bacilli; o__Lactobacillales; f__Streptococcaceae; g__Streptococcus	0.9999990870005122
49d3577e2356983b63131b67401e7760	k__Bacteria	0.9999999999839971
d3ad41d30d699af4c14089510ec4ab27	k__Bacteria; p__Firmicutes; c__Bacilli; o__Lactobacillales; f__Streptococcaceae; g__Streptococcus	0.9998389168812132
1619970a5556e225bb5d74880a475e0c	k__Bacteria; p__Actinobacteria	0.9957362947322745
43f5eb43fdd904dd2009432e6a513674	k__Bacteria; p__Firmicutes; c__Bacilli; o__Lactobacillales; f__Streptococcaceae; g__Streptococcus	0.9999997774444023
8b22060e0edf871a0dc6ef3719acbbe3	k__Bacteria; p__Bacteroidetes; c__Bacteroidia; o__Bacteroidales; f__Prevotellaceae; g__Prevotella	0.9999999960330939
1cbac487e01961430f9432968f843e32	k__Bacteria; p__Firmicutes; c__Bacilli; o__Lactobacillales; f__Streptococcaceae; g__Streptococcus	0.9745787706487316
4fb3b86b1dc96c1cbebabbecf6d55fab	k__Bacteria; p__Fusobacteria; c__Fusobacteriia; o__Fusobacteriales; f__Leptotrichiaceae; g__Leptotrichia; s__sp._oral_taxon_221	0.9999980975845139
6942d860fa95103b2912361a8eb1a01a	k__Bacteria; p__Fusobacteria; c__Fusobacteriia; o__Fusobacteriales; f__Fusobacteriaceae; g__Fusobacterium	0.9415700891193357
c413120bd94a9a5eb607366412be4849	k__Bacteria; p__Fusobacteria; c__Fusobacteriia; o__Fusobacteriales; f__Leptotrichiaceae; g__Leptotrichia; s__shahii	0.9695174692187973
7d69c0f64ef2ecfcee5d7ab3bc64f99c	k__Bacteria; p__Bacteroidetes; c__Bacteroidia; o__Bacteroidales; f__Prevotellaceae; g__Prevotella; s__salivae	0.9060175295248198
b005e298d79093517265b0660de1f1f4	k__Bacteria; p__Fusobacteria; c__Fusobacteriia; o__Fusobacteriales; f__Fusobacteriaceae; g__Fusobacterium	0.8213301602660075
4926abad55c80f1e98da24c1630ff3aa	k__Bacteria; p__Bacteroidetes; c__Bacteroidia; o__Bacteroidales; f__Prevotellaceae; g__Prevotella; s__	0.9971782185906426
86e6506bd85d0477561367143b70c500	k__Bacteria; p__Firmicutes; c__Clostridia; o__Clostridiales	0.9999715912919631
f2d10ac07547dc614c55a9bce72e7bed	k__Bacteria; p__Actinobacteria; c__Actinobacteria; o__Actinomycetales; f__Micrococcaceae	0.7018408433119179
120c677abd3ee78938312a9eb561b6f3	k__Bacteria; p__Firmicutes; c__Bacilli; o__Lactobacillales; f__Streptococcaceae; g__Streptococcus	0.9999998605264834
e759ed5dba81361db499d146cd1eed78	k__Bacteria; p__Bacteroidetes; c__Bacteroidia; o__Bacteroidales; f__Prevotellaceae; g__Prevotella; s__salivae	0.980322935721201
82a22c4ec89a44a72da13ec5d4ea8854	k__Bacteria; p__Proteobacteria; c__Gammaproteobacteria; o__Pseudomonadales; f__Moraxellaceae; g__Enhydrobacter; s__	0.9997166579205479
1d0d1facf530700bb36c38b1553715c8	k__Bacteria; p__Firmicutes; c__Bacilli; o__Lactobacillales; f__Streptococcaceae; g__Streptococcus	0.9999990344141583
e38d0a10d8dd4548752c61807c6479b7	k__Bacteria; p__Firmicutes; c__Clostridia; o__Clostridiales; f__[Tissierellaceae]; g__; s__	0.9999710474425696
a28316634cf27f2a553de31a13b5aaf7	k__Bacteria; p__Firmicutes; c__Bacilli	0.9999885168432937
491fdc8cafdea431301dae92943a90d0	k__Bacteria; p__Bacteroidetes; c__Sphingobacteriia; o__Sphingobacteriales; f__; g__; s__	0.9999110463348844
f44a7df2a9a270f811c6a4e8fbee9dcf	k__Bacteria; p__Firmicutes; c__Bacilli; o__Lactobacillales; f__Streptococcaceae; g__Streptococcus	0.999971788243614
9f761ab493e0b8dfd22c34cb147f93a8	k__Bacteria; p__Proteobacteria; c__Gammaproteobacteria; o__Pasteurellales; f__Pasteurellaceae; g__Haemophilus	0.7362223078219141
f429a87a57bb3cf8ccba00397ada5edf	k__Bacteria; p__Fusobacteria; c__Fusobacteriia; o__Fusobacteriales; f__Leptotrichiaceae; g__Leptotrichia; s__sp._oral_taxon_215	0.9027392971777206
d78cffe6b5205bdada4f353a01f13756	k__Bacteria; p__Firmicutes; c__Clostridia; o__Clostridiales; f__; g__; s__	0.7291045964441368
1dcf0292274bd4e1f06ad89cb431b932	k__Bacteria; p__Firmicutes; c__Clostridia; o__Clostridiales; f__IncertaeSedisXI; g__Parvimonas; s__micra	0.774994151999436
02980264a4989de7cfde3589855cd823	k__Bacteria; p__Actinobacteria; c__Actinobacteria; o__Actinomycetales; f__Actinomycetaceae; g__Actinobaculum; s__sp._oral_taxon_183	0.9096026247257767
549fcf01ad2cae87c4c00261ad45e572	k__Bacteria; p__Actinobacteria	0.9997005574234382
cdc45def5598ad4e36d68cb26192205b	k__Bacteria; p__Bacteroidetes; c__Bacteroidia; o__Bacteroidales; f__Prevotellaceae; g__Prevotella	0.8034697882023942
4dda861b80f4236602bf6c1ffaa78b79	k__Bacteria; p__Firmicutes; c__Bacilli; o__Lactobacillales; f__Enterococcaceae	0.7247602673058998
fe71ae6ebaa661a28390bfb5f5fa7c45	k__Bacteria	0.9982542893248165
755711c25cc9afc6654f3a7baa6b579a	k__Bacteria; p__Proteobacteria; c__Epsilonproteobacteria; o__Campylobacterales; f__Campylobacteraceae; g__Campylobacter; s__showae	0.7474214276027449
f83ea7e492d46156da42eab08199ea63	k__Bacteria; p__Firmicutes; c__Clostridia; o__Clostridiales; f__Clostridiaceae; g__Clostridium	0.7676347216080387
c02df8f40b9022f955ad7af4fc7aa7ed	k__Bacteria; p__Firmicutes; c__Bacilli; o__Lactobacillales; f__Streptococcaceae; g__Streptococcus	0.9999651583500708
5f984607318163f546f76c6ed391ae47	k__Bacteria; p__Firmicutes; c__Bacilli; o__Bacillales	0.9824600582043158
f1bbaf048183b266b7427e90739941ba	k__Bacteria; p__Proteobacteria; c__Gammaproteobacteria; o__Pasteurellales; f__Pasteurellaceae; g__Aggregatibacter	0.9845176341769727
1f38d49c6a25b0188c40e4109b5888c5	k__Bacteria	0.9999999999572821
36493ebac40d933074ecfcb80f3fb78c	k__Bacteria; p__Firmicutes; c__Clostridia; o__Clostridiales; f__Lachnospiraceae_[XIV]; g__Lachnoanaerobaculum; s__umeaense	0.9896563322349747
75386a8e07a2a9892bc7e28a70400e35	k__Bacteria; p__Firmicutes; c__Bacilli; o__Bacillales; f__Staphylococcaceae; g__Staphylococcus	0.9933972057718047
42212aefd1c6d145453ae6a550783f5d	k__Bacteria; p__Spirochaetes; c__Spirochaetia; o__Spirochaetales; f__Spirochaetaceae; g__Treponema; s__denticola	0.9198704191768208
e43d9c6dd582043dad62816a74092eb6	k__Bacteria; p__Firmicutes; c__Clostridia; o__Clostridiales; f__Ruminococcaceae	0.7743862736172772
c44c83597c266c1ce8f69d02161b7e6a	k__Bacteria; p__Bacteroidetes; c__Bacteroidia; o__Bacteroidales; f__Porphyromonadaceae; g__Tannerella; s__forsythia	0.9273182973943892
67074d55921a673ef4631a155ec48645	k__Bacteria; p__Firmicutes; c__Bacilli; o__Lactobacillales; f__Streptococcaceae; g__Streptococcus	0.9998997678403874
643bd42724275be3ef099f976bec2339	k__Bacteria; p__Fusobacteria; c__Fusobacteriia; o__Fusobacteriales; f__Fusobacteriaceae; g__Fusobacterium; s__periodonticum	0.7133945944213709
9c66c5f730104d54edb10acb2b34d345	k__Bacteria; p__Actinobacteria	0.9994448209019586
c3af428931f8da9b93796ec2653715dc	k__Bacteria; p__Bacteroidetes; c__Bacteroidia; o__Bacteroidales; f__Prevotellaceae; g__Alloprevotella	0.9997637138176378
1d80246dd2127a8bd8e58dee94f0ef82	k__Bacteria; p__Firmicutes; c__Clostridia; o__Clostridiales; f__Peptoniphilaceae	0.7728344897589847
8f518c706ec74729f307ff2eb869acf9	k__Bacteria; p__Proteobacteria; c__Alphaproteobacteria; o__; f__; g__; s__	0.8800410930353595
eeb1ada991449c35669825ac254348e9	k__Bacteria; p__Bacteroidetes; c__Bacteroidia; o__Bacteroidales; f__Bacteroidales_[F-2]; g__Bacteroidales_[G-2]; s__sp._oral_taxon_274	0.9999992892079458
146825c7601cb62598e5993a3abc78e1	k__Bacteria; p__Proteobacteria; c__Alphaproteobacteria; o__Rickettsiales; f__mitochondria; g__; s__	0.9999999999320721
d06f2c10a00fa9f6e3aaec90706f4675	k__Bacteria; p__Firmicutes	0.9999567403832683
3771401700cb2399f0cd4305fb36709d	k__Bacteria; p__Firmicutes; c__Bacilli; o__Lactobacillales; f__Streptococcaceae; g__Streptococcus	0.9999975339803339
41ee848fc884e0dd39a039cdbbd21b1c	k__Bacteria; p__Bacteroidetes; c__Bacteroidia; o__Bacteroidales; f__Prevotellaceae; g__Alloprevotella; s__sp._oral_taxon_473	0.9968327197316533
aad7ea9e4c4af584d0ab0dfd059c784f	k__Bacteria; p__Proteobacteria; c__Betaproteobacteria; o__Neisseriales; f__Neisseriaceae; g__Neisseria	0.9993107112341484
057465dc9e0f94c82db0a8c7e31fe775	k__Bacteria; p__Firmicutes; c__Bacilli; o__Lactobacillales; f__Streptococcaceae; g__Streptococcus	0.9815558124954721
bdf9e2b4a1fa7949b3e54902c19b22b0	k__Bacteria; p__Proteobacteria; c__Gammaproteobacteria; o__Pasteurellales; f__Pasteurellaceae; g__Haemophilus; s__pittmaniae	0.7604595454394393
96b5e4e74b3238ce0259596eedc0855a	k__Bacteria; p__Bacteroidetes; c__Bacteroidia; o__Bacteroidales; f__Porphyromonadaceae; g__Porphyromonas; s__sp._oral_taxon_285	0.9654285648789102
15c60dd82453949c740ef45648ee7271	k__Bacteria; p__Bacteroidetes; c__Bacteroidia; o__Bacteroidales; f__Prevotellaceae; g__Prevotella; s__pallens	0.8475021159216102
4aa5921aeddc676d357aa3bf71546671	k__Bacteria; p__TM7; c__TM7-3; o__CW040; f__F16; g__; s__	0.724795188871464
f4f713432ce42ee90939c91befe3e728	k__Bacteria; p__Proteobacteria; c__Epsilonproteobacteria; o__Campylobacterales; f__Campylobacteraceae; g__Arcobacter; s__	0.9999844797924906
eeab33621e56bb90affc473c7c706b9f	k__Bacteria; p__Bacteroidetes; c__Bacteroidia; o__Bacteroidales; f__Prevotellaceae; g__Prevotella; s__salivae	0.9991479889021894
511e559e2cb7b6c2e2b490e28a9ad312	k__Bacteria; p__Proteobacteria; c__Gammaproteobacteria; o__Enterobacteriales; f__Enterobacteriaceae	0.9999765196251814
fdd7544c78ad7339ff44f9aa54b3f7aa	k__Bacteria; p__Firmicutes; c__Bacilli; o__Lactobacillales; f__Lactobacillaceae; g__Lactobacillus; s__ultunensis	0.9535326381923418
595252a84ffd6f3299b19967b98538a2	k__Bacteria; p__Actinobacteria; c__Actinobacteria; o__Corynebacteriales; f__Corynebacteriaceae; g__Corynebacterium; s__durum	0.9667837216757366
50a0a5716cc8ffd44d28592bec9c7055	k__Bacteria; p__Firmicutes; c__Erysipelotrichia; o__Erysipelotrichales; f__Erysipelotrichaceae; g__Erysipelotrichaceae_[G-1]; s__sp._oral_taxon_905	0.9615032659960929
9a9be9992ff851519f72524b50ea1efc	k__Bacteria; p__Firmicutes; c__Clostridia; o__Clostridiales; f__Lachnospiraceae_[XIV]; g__Lachnospiraceae_[G-2]; s__sp._oral_taxon_096	0.8496490759553447
2e3f16bf4659c617c81e13c22b3ab866	k__Bacteria; p__Firmicutes; c__Negativicutes; o__Selenomonadales; f__Veillonellaceae; g__Veillonella; s__sp._oral_taxon_780	0.9617536063182333
403dedda6e3b795b1b51ae9c1bd76e2a	k__Bacteria; p__Firmicutes; c__Clostridia; o__Clostridiales; f__Lachnospiraceae_[XIV]; g__Lachnospiraceae_[G-3]; s__sp._oral_taxon_100	0.9988496420681666
55f51ef0d4299e9e57539248fd61100b	k__Bacteria; p__Firmicutes; c__Clostridia; o__Clostridiales; f__Ruminococcaceae; g__Ruminococcaceae_[G-2]; s__sp._oral_taxon_085	0.9999999989751558
c592bfb4522d9185a11e286c594036ad	k__Bacteria; p__Firmicutes; c__Clostridia; o__Clostridiales	0.9999999993272608
7c8f73dcb65792cfdf85b47bd268c5e9	k__Bacteria; p__Bacteroidetes; c__Bacteroidia; o__Bacteroidales; f__Prevotellaceae; g__Prevotella	0.9999845726747366
1760afcb9cfe152d70cda4d7163390ba	k__Bacteria; p__Bacteroidetes; c__Flavobacteriia; o__Flavobacteriales; f__Flavobacteriaceae; g__Capnocytophaga; s__sputigena	0.9381396826050881
bd24a75878b4a769c268343337a7f826	k__Bacteria; p__Bacteroidetes; c__Bacteroidia; o__Bacteroidales; f__Prevotellaceae; g__Prevotella; s__micans	0.9999999671263146
383a6a02453eac6346cf88686cbd65a7	k__Bacteria; p__Bacteroidetes; c__Bacteroidia; o__Bacteroidales; f__Prevotellaceae	0.9931237319236792
05cc8a4567f507de375afe5d1d803468	k__Bacteria; p__Bacteroidetes; c__Bacteroidia; o__Bacteroidales; f__Prevotellaceae; g__Prevotella	0.9999999999986646
819169a15ce1bec585092278dc06bcef	k__Bacteria; p__Firmicutes; c__Negativicutes; o__Selenomonadales; f__Veillonellaceae; g__Selenomonas	0.7548112580440981
44524e100714fdbaa6883eab0bb9dbff	k__Bacteria; p__Firmicutes; c__Bacilli; o__Lactobacillales; f__Streptococcaceae; g__Streptococcus	0.9999919734312565
20467e281280be8ef608ec28a4ccc4f8	k__Bacteria; p__Bacteroidetes; c__Bacteroidia; o__Bacteroidales; f__Prevotellaceae; g__Prevotella; s__salivae	0.962957422396247
828d54df8f738d75883cca75fa76794d	k__Bacteria; p__Fusobacteria; c__Fusobacteriia; o__Fusobacteriales; f__Fusobacteriaceae; g__Fusobacterium	0.9612284096230342
fd5bd19bf97f0e09194afbcefc60b16e	k__Bacteria; p__Proteobacteria; c__Betaproteobacteria; o__Neisseriales; f__Neisseriaceae; g__Neisseria	0.9996106642407554
24035ed7d0167790ab2e26bbc7e56172	k__Bacteria; p__Firmicutes; c__Clostridia; o__Clostridiales; f__Lachnospiraceae_[XIV]; g__Butyrivibrio; s__sp._oral_taxon_455	0.9973632696300964
50d8dba2723c93087540fa286adb6d77	k__Bacteria	0.9999934947281445
157bd8c78363ce120e84ea94cdd52b24	k__Bacteria; p__Bacteroidetes; c__Bacteroidia; o__Bacteroidales; f__Prevotellaceae; g__Prevotella	0.7196741282493615
cc1849517114abaad6b0fc5caa094b4d	k__Bacteria; p__Firmicutes; c__Bacilli; o__Bacillales	0.9816168295645774
bbeeea63162b7e0fdf5e8610bf19cb8c	k__Bacteria; p__Firmicutes	0.9999986492408185
9c5c9f27000a8d1b3e5137a3b59a2011	k__Bacteria; p__Firmicutes; c__Clostridia; o__Clostridiales	0.9999404378991418
507ff3cd576ac107e5a77c6b3974e257	k__Bacteria; p__Firmicutes; c__Clostridia; o__Clostridiales; f__Peptostreptococcaceae_[XI]; g__Peptostreptococcaceae_[XI][G-3]; s__sp._oral_taxon_495	0.9999145604056122
e29670e8886c9da90fe470f89de14f6e	k__Bacteria; p__Bacteroidetes; c__Bacteroidia; o__Bacteroidales; f__Prevotellaceae; g__Prevotella; s__oris	0.8999070555105668
f9f59495991575ed6385fdaada9c9181	k__Bacteria; p__Firmicutes; c__Bacilli; o__Lactobacillales; f__Streptococcaceae; g__Streptococcus	0.9998604088700996
d42ac3d00efd6507348a066447367bbd	k__Bacteria; p__Bacteroidetes; c__Bacteroidia; o__Bacteroidales; f__Prevotellaceae; g__Prevotella; s__oris	0.9492800690735577
5d4d77f9f10af3685fe02980e4292145	k__Bacteria; p__Firmicutes; c__Bacilli; o__Bacillales	0.989625731360984
8330e4a8c7428ee63d11e772501746e6	k__Bacteria; p__Actinobacteria; c__Actinobacteria; o__Actinomycetales; f__Micrococcaceae; g__Rothia; s__	0.9105289441792899
40968bbdbb82e9299ce125ec9970bfd4	k__Bacteria; p__Actinobacteria; c__Actinobacteria; o__Actinomycetales; f__Actinomycetaceae; g__Actinomyces	0.9845200247705388
10c2605bbc16533b4271385ca8dd15b0	k__Bacteria; p__Firmicutes; c__Clostridia; o__Clostridiales; f__Peptostreptococcaceae_[XI]; g__Peptostreptococcaceae_[XI][G-7]	0.9999890547195146
18405618f9cee6261267055efaba6eb4	k__Bacteria; p__Proteobacteria; c__Gammaproteobacteria; o__Pasteurellales; f__Pasteurellaceae; g__Haemophilus	0.9849487423777127
d51a2ea606905f459ec10cca678fbfea	k__Bacteria; p__Proteobacteria; c__Betaproteobacteria; o__Methylophilales; f__Methylophilaceae	0.9350478996307099
330a40a9a6045c0f4a902f2994a21541	k__Bacteria; p__Proteobacteria; c__Gammaproteobacteria; o__Pasteurellales; f__Pasteurellaceae; g__Aggregatibacter	0.9865769415497264
864f6d9593321a1b209a549981493245	k__Bacteria; p__Proteobacteria; c__Gammaproteobacteria; o__Enterobacteriales; f__Enterobacteriaceae	0.9999994479446436
808b255c5b6bcdd7a2bfd7a3b643226a	k__Bacteria; p__Proteobacteria; c__Betaproteobacteria; o__Neisseriales; f__Neisseriaceae; g__Eikenella; s__corrodens	0.8521512803445158
fe47465e5fa1b922abe21d67645b5fb0	k__Bacteria	0.999999973310513
44d0c7a170e5ab544876c5e558f5bcee	k__Bacteria; p__Fusobacteria; c__Fusobacteriia; o__Fusobacteriales; f__Leptotrichiaceae; g__Leptotrichia; s__sp._oral_taxon_215	0.9636146089914306
cdf87b29ea921929b8008ac345ff4833	k__Bacteria; p__Firmicutes; c__Clostridia; o__Clostridiales	0.9999999842294884
a5943161ba2ed91adb67c135e9a9bf7a	k__Bacteria; p__Bacteroidetes; c__Bacteroidia; o__Bacteroidales; f__Porphyromonadaceae; g__Paludibacter; s__	0.9999589708148418
921f6c6baa2be3427d47e363e5edd4f0	k__Bacteria; p__Bacteroidetes; c__Bacteroidia; o__Bacteroidales; f__Prevotellaceae; g__Alloprevotella; s__sp._oral_taxon_473	0.9999965149553466
51ba34e761d5762bea53877c237e89fc	k__Bacteria; p__Bacteroidetes; c__Flavobacteriia; o__Flavobacteriales; f__Flavobacteriaceae; g__Bergeyella; s__sp._oral_taxon_931	0.9959040843894387
1f987fc718c0d291b7b783f1b50e6a5c	k__Bacteria; p__Proteobacteria; c__Betaproteobacteria; o__Burkholderiales; f__Comamonadaceae; g__Leptothrix; s__ochracea	0.8896237051747637
1789e2ca729db267244157310c349676	k__Bacteria; p__Fusobacteria; c__Fusobacteriia; o__Fusobacteriales; f__Leptotrichiaceae	0.9451700208052106
2711979f4f53c43311220e47a5be73f7	k__Bacteria; p__Firmicutes; c__Mollicutes; o__Mycoplasmatales; f__Mycoplasmataceae; g__Mycoplasma; s__salivarium	0.9645148531280626
d8e32cbe2aa5dcc3ab65c6d570d36906	k__Bacteria; p__Bacteroidetes; c__Bacteroidia; o__Bacteroidales; f__Prevotellaceae; g__Prevotella	0.9998214002755198
eb19a46aa7b622d00e13f3f6f7e36883	k__Bacteria; p__Firmicutes; c__Bacilli; o__Lactobacillales; f__Streptococcaceae; g__Streptococcus	0.8998645719165089
44e336c857bbf65762fa47e30e1ec145	k__Bacteria; p__Bacteroidetes; c__Bacteroidia; o__Bacteroidales; f__Prevotellaceae; g__Prevotella; s__saccharolytica	0.9999999692403496
2bb562110b3ded05cb4ecc0d88fdd2f9	k__Bacteria; p__Firmicutes; c__Bacilli; o__Bacillales	0.9613591396676169
fb550aed091f696faae6764be1a9109e	k__Bacteria; p__Proteobacteria; c__Betaproteobacteria; o__Neisseriales; f__Neisseriaceae; g__Neisseria	0.9852856131958131
0dd7a50960688a3e454fe1eff5c06968	k__Bacteria; p__Firmicutes; c__Bacilli; o__Lactobacillales; f__Streptococcaceae; g__Streptococcus	0.9999330950119703
f8bc9d92d63eeec5883f4bbd076b85d7	k__Bacteria; p__Proteobacteria; c__Betaproteobacteria; o__Burkholderiales; f__Burkholderiaceae; g__Lautropia; s__mirabilis	0.9647115486481003
ad9f44654808688f70e3ae3d337432a4	k__Bacteria; p__Bacteroidetes; c__Bacteroidia; o__Bacteroidales; f__Prevotellaceae; g__Prevotella	0.9999985293549281
c39c1e7442535e3478adf760fa653db4	k__Bacteria; p__Proteobacteria; c__Gammaproteobacteria; o__Pasteurellales; f__Pasteurellaceae; g__Aggregatibacter	0.9833839171423236
53b9fdd66c4bd2c035cd5379a73420bb	k__Bacteria; p__Proteobacteria; c__Betaproteobacteria; o__Neisseriales; f__Neisseriaceae; g__Neisseria; s__meningitidis	0.7919871265085605
6ffc786f1f9540b82c9666757be10e2a	k__Bacteria; p__Firmicutes; c__Negativicutes; o__Selenomonadales; f__Veillonellaceae; g__Veillonella	0.8351120504708732
32a88dc8f99df8fa774e6988448e8d29	k__Bacteria; p__Firmicutes	0.9998574306355617
f2df47915f2d9bf7d69debd9fa6ec7d4	k__Bacteria; p__Bacteroidetes; c__Flavobacteriia; o__Flavobacteriales; f__Flavobacteriaceae; g__Capnocytophaga	0.999999814442334
6739b4406a5250ecc20ea993e024c9d0	k__Bacteria; p__Proteobacteria; c__Betaproteobacteria; o__Neisseriales; f__Neisseriaceae; g__Neisseria	0.9985876610463381
d7e43ed1e3c0707baff9080701f03dbc	k__Bacteria; p__Firmicutes; c__Bacilli; o__Lactobacillales; f__Aerococcaceae; g__Abiotrophia; s__defectiva	0.9969017091564595
acd9862fefdff79f9743332304d06df0	k__Bacteria	0.9304328634469154
c867c8aec60df14419367c050a7d8cf8	k__Bacteria; p__Firmicutes; c__Bacilli; o__Lactobacillales; f__Streptococcaceae; g__Streptococcus	0.9957518140374928
45c7edcb778626ee75d6b1eca440845a	k__Bacteria; p__Bacteroidetes; c__Bacteroidia; o__Bacteroidales; f__Prevotellaceae; g__Prevotella; s__salivae	0.9886089152157012
784e37422f5f0878e5fa9c59df7d1af9	k__Bacteria; p__Bacteroidetes; c__Bacteroidia; o__Bacteroidales; f__Prevotellaceae; g__Prevotella; s__nanceiensis	0.9958829459963041
b75333eb2d97712ae9b115327ff8de24	k__Bacteria; p__Actinobacteria; c__Actinobacteria; o__Actinomycetales; f__Micrococcaceae; g__Rothia; s__	0.8271820789475879
fbee930afae032b893f9fdccbcf0730b	k__Bacteria; p__Bacteroidetes; c__Bacteroidia; o__Bacteroidales; f__Prevotellaceae; g__Prevotella	0.9999999683625067
6ed21cd6c1d3cb79e5c6d13e7c9d4b87	k__Bacteria; p__Gemmatimonadetes; c__Gemm-1; o__; f__; g__; s__	0.9999999999259899
826c0af8685a9801e35ca88593a08a1b	k__Bacteria; p__Bacteroidetes; c__Bacteroidia; o__Bacteroidales; f__Prevotellaceae; g__Alloprevotella; s__sp._oral_taxon_308	0.8258865546902499
75d5855a190bf9ede2791e86237af8fb	k__Bacteria; p__Bacteroidetes; c__Bacteroidia; o__Bacteroidales; f__Prevotellaceae; g__Prevotella	0.716346176681337
d4430e0238c91ad1588a839998b86a0e	k__Bacteria; p__Proteobacteria; c__Gammaproteobacteria; o__Pasteurellales; f__Pasteurellaceae	0.9999992614517303
1ad6e821cacaa4cd25f51736eddd04e6	k__Bacteria; p__Fusobacteria; c__Fusobacteriia; o__Fusobacteriales; f__Fusobacteriaceae; g__Fusobacterium	0.8873738632740888
c75eaf7302ef65f5a3d6d53412917b72	k__Bacteria; p__Fusobacteria; c__Fusobacteriia; o__Fusobacteriales; f__Leptotrichiaceae; g__Leptotrichia; s__sp._oral_taxon_417	0.8409104727179133
49f68106bde221a11060c90618515eba	k__Bacteria; p__Spirochaetes; c__Spirochaetia; o__Spirochaetales; f__Spirochaetaceae; g__Treponema; s__sp._oral_taxon_258	0.9997159963512425
8a80d7674506f06d276b88482ab09799	k__Bacteria; p__Spirochaetes; c__Spirochaetia; o__Spirochaetales; f__Spirochaetaceae; g__Treponema	0.999999995243126
0a3806961930157410f5884c7a50e3f8	k__Bacteria; p__Firmicutes; c__Clostridia; o__Clostridiales; f__Lachnospiraceae_[XIV]; g__Lachnospiraceae_[G-3]; s__sp._oral_taxon_100	0.9999978380879845
8a81630d220032140ba7aa282909cf1c	k__Bacteria; p__Firmicutes; c__Clostridia; o__Clostridiales; f__IncertaeSedisXI; g__Parvimonas; s__micra	0.71492910480345
7921cf2e4cfc0757c1aff70b03e5dc89	k__Bacteria; p__Actinobacteria; c__Actinobacteria; o__Actinomycetales; f__Actinomycetaceae; g__Actinomyces	0.9999974269476856
63570dbc2909a910ceb500c9f7388dca	k__Bacteria; p__Proteobacteria; c__Betaproteobacteria; o__Neisseriales; f__Neisseriaceae; g__Neisseria	0.9704955813141425
abfe180d8b9bf7e0d2d63c03158aba3c	k__Bacteria; p__Proteobacteria; c__Alphaproteobacteria; o__; f__; g__; s__	0.892881612747208
c32a9a210fdb182323458c83970ba103	k__Bacteria; p__Proteobacteria; c__Betaproteobacteria; o__Neisseriales; f__Neisseriaceae; g__Neisseria	0.9947752292322837
0dca4d60dd1fcc7f8f677efe0fb7e1a6	k__Bacteria; p__Bacteroidetes; c__Bacteroidia; o__Bacteroidales; f__Prevotellaceae; g__Prevotella; s__sp._oral_taxon_396	0.9689540692611056
c925db601cba450febdadbf95e463f97	k__Bacteria; p__Bacteroidetes; c__Bacteroidia; o__Bacteroidales; f__Prevotellaceae; g__Prevotella; s__salivae	0.9983505869784942
35985fb3a661eb1362b93b8dcbfef446	k__Bacteria; p__Actinobacteria; c__Actinobacteria; o__Actinomycetales; f__Micrococcaceae; g__Rothia	0.8406437839657513
6f5ec0dc6970dd675592edae48a888e9	k__Bacteria; p__Fusobacteria; c__Fusobacteriia; o__Fusobacteriales; f__Leptotrichiaceae; g__Leptotrichia	0.8723421835817938
c809439401edac0cc79f0cd8d3ef2da1	k__Bacteria; p__Fusobacteria; c__Fusobacteriia; o__Fusobacteriales; f__Fusobacteriaceae; g__Fusobacterium	0.9929668184070213
2e9a3c725e940a8555dc6a314465dfd8	k__Bacteria; p__Bacteroidetes; c__Bacteroidia; o__Bacteroidales; f__Prevotellaceae; g__Prevotella	0.9976548558821334
55ae8e012ca419f14661ba3cc0e1f280	k__Bacteria; p__Actinobacteria; c__Actinobacteria; o__Actinomycetales; f__Micrococcaceae; g__Rothia; s__nasimurium	0.8888417592102598
b0179b52522b0dbaf9a47f02ecdde48a	k__Bacteria; p__Actinobacteria; c__Coriobacteriia; o__Coriobacteriales; f__Coriobacteriaceae; g__Atopobium; s__sp._oral_taxon_810	0.9953892506959742
c10f3e8f81bb02b8c5a51bd1c43375ce	k__Bacteria; p__Fusobacteria; c__Fusobacteriia; o__Fusobacteriales; f__Fusobacteriaceae; g__Fusobacterium	0.7787166991890099
a312269e7b7395492de4afd1c074aac2	k__Bacteria; p__Bacteroidetes; c__Bacteroidia; o__Bacteroidales; f__Prevotellaceae; g__Prevotella	0.9999999999731378
2f6fa4ae68f2731a22388aca7190f86b	k__Bacteria; p__Actinobacteria	0.9999986038187929
029dc2107e60f46b9a37846024a958e6	k__Bacteria; p__Proteobacteria; c__Betaproteobacteria; o__Neisseriales; f__Neisseriaceae; g__Neisseria	0.9993021645946036
3c1c5a794827695b14ee122fa5ef14c2	k__Bacteria; p__Firmicutes; c__Negativicutes; o__Selenomonadales; f__Veillonellaceae; g__Veillonella	0.8760683753663889
0499fa1b270aa3d76e1f4196e6f70c6f	k__Bacteria; p__Actinobacteria; c__Actinobacteria; o__Actinomycetales; f__Micrococcaceae; g__Rothia; s__	0.7502714179122666
a0ac04832341266e2fa47eac97030b4a	k__Bacteria; p__Firmicutes; c__Clostridia; o__Clostridiales	0.9980596842300742
07f9cfd4b747c720bf4bd9ac010411b0	k__Bacteria; p__Bacteroidetes; c__Bacteroidia; o__Bacteroidales; f__Porphyromonadaceae; g__Tannerella; s__forsythia	0.9916436746844692
59b2d61a3661e4393d30a384fa647e9f	k__Bacteria; p__Firmicutes; c__Bacilli; o__Lactobacillales; f__Streptococcaceae; g__Streptococcus	0.9999999789204795
6ee4851ca9332ac2f5edb5adfdbe8813	k__Bacteria; p__Actinobacteria; c__Actinobacteria; o__Actinomycetales; f__Actinomycetaceae; g__Actinomyces; s__cardiffensis	0.7437495353399113
49c2ef1fc7ac13e68c765a323224e8c4	k__Bacteria; p__Firmicutes; c__Mollicutes; o__Mycoplasmatales; f__Mycoplasmataceae; g__Mycoplasma	0.9226092601935443
c792a7e551dd0a1a9d5acfa02b75f90e	k__Bacteria; p__Spirochaetes; c__Spirochaetia; o__Spirochaetales; f__Spirochaetaceae; g__Treponema; s__maltophilum	0.71047865965328
be52463f15c90a4358f687694ddeda26	k__Bacteria; p__Fusobacteria; c__Fusobacteriia; o__Fusobacteriales; f__Leptotrichiaceae; g__Leptotrichia	0.9999999818583147
934d2ee84ff8ec51e5245d412899dc03	k__Bacteria; p__Bacteroidetes; c__Flavobacteriia; o__Flavobacteriales; f__Flavobacteriaceae; g__Capnocytophaga; s__leadbetteri	0.8915971755774758
170f7a541bf191348395cde8077aea51	k__Bacteria; p__Fusobacteria; c__Fusobacteriia; o__Fusobacteriales; f__Leptotrichiaceae; g__Leptotrichia; s__sp._oral_taxon_417	0.8744830461054933
69775d10277d8265800233785fa607c3	k__Bacteria; p__Tenericutes; c__Mollicutes; o__RF39; f__; g__; s__	0.85991715116291
897b0a08c5bbbe563e8705db86f40e5b	k__Bacteria; p__Actinobacteria; c__Actinobacteria; o__Actinomycetales; f__Micrococcaceae; g__Rothia; s__	0.9699164209294722
a02dc6a85a18dbed962475c4fda9c034	k__Bacteria; p__Firmicutes; c__Clostridia; o__Clostridiales	0.999997478159281
f5d9c4e80f0f390969ea75e0cb614f8c	k__Bacteria; p__Fusobacteria; c__Fusobacteriia; o__Fusobacteriales; f__Fusobacteriaceae; g__Fusobacterium	0.9783651184816176
2925b535a930f671f98a5b795620b15e	k__Bacteria; p__Firmicutes; c__Bacilli; o__Bacillales	0.999711486412414
f087e9fb1aa0282dd3373955c1d89d92	k__Bacteria; p__Firmicutes; c__Bacilli; o__Bacillales; f__Gemellaceae; g__Gemella	0.7026273009202655
715a58b4627380e9938f6893125522fe	k__Bacteria; p__Firmicutes; c__Clostridia; o__Clostridiales; f__Lachnospiraceae; g__Coprococcus; s__	0.9770025620355832
68ac45132c6e60e3fca1aa8af65d652c	k__Bacteria; p__Bacteroidetes; c__Bacteroidia; o__Bacteroidales; f__Prevotellaceae; g__Alloprevotella; s__sp._oral_taxon_308	0.8619252409020477
47672979131d54b88aeea849ce2f2fe7	k__Bacteria; p__Firmicutes; c__Clostridia; o__Clostridiales; f__Lachnospiraceae; g__Coprococcus; s__	0.9995882329699532
7b94d4f7ae82c1a0adedaf35f61bfbc7	k__Bacteria; p__Firmicutes; c__Clostridia; o__Clostridiales; f__Lachnospiraceae_[XIV]; g__Lachnoanaerobaculum	0.7993088805824933
8254277f8fe827e41c7ca5ad83fd5a40	k__Bacteria	0.9999999552030192
a025e8c47871c1d69dbaaca84e6c9cfc	k__Bacteria; p__Bacteroidetes; c__Bacteroidetes_[C-1]; o__Bacteroidetes_[O-1]; f__Bacteroidetes_[F-1]; g__Bacteroidetes_[G-3]; s__sp._oral_taxon_365	0.9999974729685261
7cb7c15124ec2b9c30ecedde82ea5b73	k__Bacteria; p__Spirochaetes; c__Spirochaetia; o__Spirochaetales; f__Spirochaetaceae; g__Treponema; s__sp._oral_taxon_270	0.9999997288592878
19eca5ed0dc68f6212aaeb11713a1108	k__Bacteria; p__Bacteroidetes; c__Flavobacteriia; o__Flavobacteriales; f__Flavobacteriaceae; g__Capnocytophaga; s__sputigena	0.9929782828890702
557a0bc5ce25ce25ca3207f545ea4cbf	k__Bacteria; p__Firmicutes; c__Bacilli; o__Lactobacillales; f__Streptococcaceae; g__Streptococcus	0.9999998814340031
e695d85e6c317cb9196010dfc72985f4	k__Bacteria	0.9999999999916288
f86064d48439491e73e4d524cb0a22ce	k__Bacteria; p__Firmicutes; c__Bacilli; o__Lactobacillales; f__Streptococcaceae; g__Streptococcus	0.9908161665230615
42635192f226e48c9f44002f5356287f	k__Bacteria; p__Firmicutes; c__Bacilli; o__Lactobacillales	0.8471879968473545
96f8edc1182d9478c46a48637909c132	k__Bacteria; p__Bacteroidetes; c__Bacteroidia; o__Bacteroidales; f__Prevotellaceae; g__Alloprevotella; s__sp._oral_taxon_473	0.9988500786331043
ea2be0623a4f7cbaf411359b66637a20	k__Bacteria; p__Firmicutes; c__Erysipelotrichi; o__Erysipelotrichales; f__Erysipelotrichaceae; g__Catenibacterium; s__	0.9999939834662347
f5f2645f68de909683d3bdf866d31406	k__Bacteria; p__Firmicutes; c__Bacilli; o__Gemellales; f__Gemellaceae; g__; s__	0.8411333123925756
704315a0c5e43252ed6b6b4d87ec7739	k__Bacteria; p__Actinobacteria; c__Actinobacteria; o__Bifidobacteriales; f__Bifidobacteriaceae; g__Gardnerella; s__vaginalis	0.9854985098360449
3b16d168b06f33d8dd9d8ff48d25960d	k__Bacteria; p__Bacteroidetes; c__Bacteroidia; o__Bacteroidales; f__Prevotellaceae; g__Prevotella; s__sp._oral_taxon_304	0.9999964697605818
aac3b1863a8c632c9d58e8f221429c40	k__Bacteria; p__Proteobacteria; c__Betaproteobacteria; o__Neisseriales; f__Neisseriaceae; g__Neisseria	0.9980212616367831
2f6f6097500798bea41f223e817a4d37	k__Bacteria; p__Proteobacteria; c__Betaproteobacteria; o__Neisseriales; f__Neisseriaceae; g__Neisseria	0.9985123648462875
843e44132957cc35439e63f95820b25c	k__Bacteria; p__Firmicutes; c__Clostridia; o__Clostridiales; f__Lachnospiraceae_[XIV]; g__Lachnospiraceae_[G-2]; s__sp._oral_taxon_096	0.9994539231537402
189daf75622b6aed09ea30baac179880	k__Bacteria; p__Proteobacteria; c__Betaproteobacteria; o__Neisseriales; f__Neisseriaceae; g__Eikenella; s__corrodens	0.8363733071781254
9b2f43c96e1ea2f157195915dcdc99b2	k__Bacteria; p__Bacteroidetes; c__Bacteroidia; o__Bacteroidales; f__Prevotellaceae; g__Prevotella	0.9999155601430673
a1cd612acbc5144c55d65027be066ce1	k__Bacteria; p__Firmicutes	0.9999954548636993
6833f00d0e50874a342e5a49cf778ee6	k__Bacteria; p__Fusobacteria; c__Fusobacteriia; o__Fusobacteriales; f__Leptotrichiaceae; g__; s__	0.9998949103355517
5a003f9c019392a5ee7bdb94ab23f441	k__Bacteria; p__Fusobacteria; c__Fusobacteriia; o__Fusobacteriales; f__Leptotrichiaceae; g__Leptotrichia; s__shahii	0.7768344358797418
b1c1837ca5ccb69931cd3255a276dbab	k__Bacteria; p__Firmicutes; c__Clostridia; o__Clostridiales; f__Lachnospiraceae_[XIV]; g__Lachnoanaerobaculum	0.9059624515807884
10da7af9c65d5c967967fb10ea36f84e	k__Bacteria; p__Bacteroidetes; c__Flavobacteriia; o__Flavobacteriales; f__Flavobacteriaceae; g__Capnocytophaga; s__gingivalis	0.9722151445501954
aca6ca404ae19f93d2c10b8cc7e68dda	k__Bacteria; p__Firmicutes; c__Bacilli; o__Lactobacillales; f__Streptococcaceae; g__Streptococcus	0.999999764819388
f8f2e24818924c74725dd2595b0cce02	k__Bacteria; p__Firmicutes; c__Clostridia; o__Clostridiales; f__Lachnospiraceae; g__Dorea; s__	0.895805647835994
d6d4792e3c3fb8b62cdfd2d33e8a1e96	k__Bacteria; p__Firmicutes; c__Bacilli	0.9997473561447247
fe83393d6c70ebf2d7c55597784bd52c	k__Bacteria; p__Proteobacteria; c__Gammaproteobacteria; o__Enterobacteriales; f__Enterobacteriaceae	0.9982059082367035
08ba197ab777704ab48a5373ad20f82d	k__Bacteria; p__Fusobacteria; c__Fusobacteriia; o__Fusobacteriales; f__Leptotrichiaceae; g__Leptotrichia	0.8484170743416541
dd98a7b1859b6fb4efe123849c57db51	k__Bacteria; p__Firmicutes; c__Clostridia; o__Clostridiales; f__Ruminococcaceae	0.9947742582926249
4c3ab6437f470df5cbdb2b8104df32a4	k__Bacteria; p__Firmicutes; c__Clostridia; o__Clostridiales; f__Peptostreptococcaceae_[XI]; g__Peptostreptococcaceae_[XI][G-6]; s__[Eubacterium]_nodatum	0.9341596294213652
4fa2ba0b65b1c85320a5dc5bfe75bb37	k__Bacteria; p__Spirochaetes; c__Spirochaetia; o__Spirochaetales; f__Spirochaetaceae; g__Treponema; s__lecithinolyticum	0.9997263737147771
5e19245f07d02dcd6f6c3e35b8ce5d70	k__Bacteria; p__Firmicutes; c__Clostridia; o__Clostridiales; f__; g__; s__	0.7026473631153549
244c562e74e4e9e5dafc891b9d221669	k__Bacteria; p__Firmicutes; c__Clostridia; o__Clostridiales; f__Lachnospiraceae_[XIV]; g__Lachnospiraceae_[G-8]; s__sp._oral_taxon_500	0.9806312694252081
31a326a35af8d49d4f2f6f2c6b9f3ce5	k__Bacteria; p__Bacteroidetes; c__Bacteroidia; o__Bacteroidales; f__Prevotellaceae; g__Prevotella	0.9899844425414986
460ceac40cd75dcbac534f7250eba144	k__Bacteria; p__Cyanobacteria; c__Chloroplast; o__Stramenopiles; f__; g__; s__	0.9999999963707751
d59b2117c54909230ad4ed637b9ffd5f	k__Bacteria; p__Firmicutes; c__Bacilli; o__Lactobacillales; f__Streptococcaceae; g__Streptococcus	0.7630602901855693
1e6f6147af0706eb6183d093659dd92d	k__Bacteria; p__Fusobacteria; c__Fusobacteriia; o__Fusobacteriales; f__Leptotrichiaceae; g__Leptotrichia; s__sp._oral_taxon_215	0.9553016566502119
d2e24ed39a4257a1949d35f7b71e2674	k__Bacteria; p__Proteobacteria; c__Deltaproteobacteria; o__Desulfovibrionales; f__Desulfovibrionaceae; g__Desulfovibrio; s__fairfieldensis	0.9416017939561948
500aaaab444b635eba6a67b50ea7427b	k__Bacteria; p__Bacteroidetes; c__Bacteroidia; o__Bacteroidales; f__Prevotellaceae; g__Prevotella	0.9999280943688555
fa03d872566bc5d98b8a847334859bba	k__Bacteria; p__Fusobacteria; c__Fusobacteriia; o__Fusobacteriales; f__Fusobacteriaceae; g__Fusobacterium; s__periodonticum	0.8274994529578036
b38cfc4bb1a95c945e172dd001f4e67b	k__Bacteria; p__Firmicutes; c__Bacilli; o__Lactobacillales	0.9975517197594739
5cff9db1c3d4dab2524f905dcacc1b5b	k__Bacteria; p__Bacteroidetes; c__Bacteroidia; o__Bacteroidales; f__Porphyromonadaceae; g__Tannerella	0.9999935524271424
90051250f576bf8eec699a4b724028d4	k__Bacteria; p__Bacteroidetes; c__Bacteroidia; o__Bacteroidales; f__Prevotellaceae; g__Prevotella; s__salivae	0.9701145138464582
7550922e0455f3fe08fdf7ed66a9030b	k__Bacteria; p__Firmicutes; c__Clostridia; o__Clostridiales; f__Lachnospiraceae_[XIV]; g__Lachnospiraceae_[G-2]; s__sp._oral_taxon_096	0.9926539814197052
8a91f51f2b06cdcca429aa713a5c9065	k__Bacteria; p__Bacteroidetes; c__Bacteroidia; o__Bacteroidales; f__Prevotellaceae; g__Alloprevotella; s__sp._oral_taxon_473	0.954202637686442
83fc98eaa1892759c9532683489ac049	k__Bacteria; p__Firmicutes; c__Bacilli; o__Bacillales	0.8268217821038215
6dd4bc32e6600b102c0075f3c6d673ba	k__Bacteria	0.9999999976477995
6c72325516fc3548b4d7e890fd3fd9b0	k__Bacteria; p__Bacteroidetes; c__Bacteroidia; o__Bacteroidales; f__Prevotellaceae; g__Prevotella; s__micans	0.9999998551486973
c384cc1db9e67cc24a25600a86ca270f	k__Bacteria; p__Firmicutes; c__Bacilli; o__Lactobacillales; f__Streptococcaceae; g__Streptococcus	0.9999999759066132
3808c59c1e696e23799d07128c768b7a	k__Bacteria; p__Firmicutes; c__Clostridia; o__Clostridiales; f__Lachnospiraceae_[XIV]; g__Oribacterium; s__asaccharolyticum	0.9581944238597855
e4aac1ed73a9940c1a7e7ae2aa7b0bc5	k__Bacteria; p__Bacteroidetes; c__Bacteroidia; o__Bacteroidales; f__Prevotellaceae; g__Prevotella; s__nanceiensis	0.999586443119794
7997f42b8109ea16583a65eac37c29b8	k__Bacteria; p__Proteobacteria; c__Betaproteobacteria; o__Neisseriales; f__Neisseriaceae; g__Neisseria	0.9986138134080478
ac5aab68712b5f8fdc05dae026d8eb84	k__Bacteria; p__Bacteroidetes; c__Bacteroidia; o__Bacteroidales; f__Bacteroidaceae; g__Bacteroides; s__heparinolyticus	0.9999984728315789
4ad97f1e83bdfa569f1c3ad6c2524410	k__Bacteria; p__Bacteroidetes; c__Bacteroidia; o__Bacteroidales; f__Prevotellaceae; g__Prevotella; s__dentalis	0.9999994722739103
0372c50c7ed97969f274199f5e3caa96	k__Bacteria; p__Firmicutes; c__Clostridia; o__Clostridiales; f__; g__; s__	0.9030291650323983
c47f047c274437d521198198492dac0b	k__Bacteria; p__Bacteroidetes; c__Bacteroidia; o__Bacteroidales; f__Prevotellaceae; g__Prevotella; s__nanceiensis	0.9472992764006507
6772975a6be899129b80dc725f985884	k__Bacteria; p__Fusobacteria	0.9836980769607981
78494d5924d58f31bbb719900a87b02e	k__Bacteria; p__Actinobacteria; c__Actinobacteria; o__Actinomycetales; f__Corynebacteriaceae; g__Corynebacterium; s__matruchotii	0.9007907548643511
356b219b3f93fca655fd21d8d049fc9a	k__Bacteria; p__Fusobacteria; c__Fusobacteriia; o__Fusobacteriales; f__Fusobacteriaceae; g__Fusobacterium	0.9050117600633194
61ea46d5ab0c22dd5e8a56beb274bf00	k__Bacteria; p__Firmicutes; c__Bacilli; o__Lactobacillales; f__Streptococcaceae; g__Streptococcus	0.9994258976406872
e5aab6df9f2a626f54d3eb8991d59106	k__Bacteria; p__Firmicutes; c__Clostridia; o__Clostridiales	0.9992096149915907
8b55433227507dc772b201d3dac51396	k__Bacteria; p__Actinobacteria; c__Actinobacteria; o__Actinomycetales; f__Corynebacteriaceae; g__Corynebacterium; s__	0.9999436859434558
5af9672f1b315998035bcdca2fd396bd	k__Bacteria; p__Actinobacteria; c__Actinobacteria; o__Actinomycetales; f__Actinomycetaceae; g__Actinomyces	0.9998709492913869
689d728f78fe57e11f2e5bf996853b59	k__Bacteria; p__Bacteroidetes; c__Bacteroidia; o__Bacteroidales; f__Prevotellaceae; g__Prevotella	0.9999998613417498
733640ef0f3ccfea5a2e00edd2b3504c	k__Bacteria	0.9999999999998667
4156f36b68a96e8d49d92cfa05db1c32	k__Bacteria; p__Cyanobacteria; c__Chloroplast	0.9998550937788558
2efe4ab90920a5cdcb19ca9075044adc	k__Bacteria; p__Proteobacteria; c__Alphaproteobacteria; o__Rickettsiales; f__mitochondria	0.9999941475164706
efacb6a0159bddf967a8a081789f9101	k__Bacteria; p__Proteobacteria; c__Alphaproteobacteria; o__Rickettsiales; f__mitochondria	0.997204781199974
ad8dd457e1385676ee6fa4753ccb1ca9	k__Bacteria; p__TM6; c__SJA-4; o__; f__; g__; s__	0.9999970469813607
87f6e435c2de69cccb8cde17e2349224	k__Bacteria; p__TM6; c__SJA-4; o__; f__; g__; s__	0.9908829863543325
9aeec9632be16f62ecdc8aac07d2ea16	k__Bacteria; p__Planctomycetes; c__Planctomycetia; o__Pirellulales; f__Pirellulaceae; g__; s__	0.9999973733579672
2974592e84e145228f8e37b114a88cad	k__Bacteria; p__Planctomycetes; c__Planctomycetia; o__Planctomycetales; f__Planctomycetaceae; g__Planctomyces; s__	0.9999983139408787
2fe2e304aec611fb44f5a508b256cb0d	k__Bacteria; p__Chloroflexi; c__Anaerolineae; o__Caldilineales; f__Caldilineaceae; g__; s__	0.9995774308956341
2ea0f58f71c91f046f9a29739722824c	k__Bacteria; p__Proteobacteria; c__Alphaproteobacteria; o__Rickettsiales; f__mitochondria; g__; s__	0.9990220426413656
bc4b3c05173686a79da89061217b2f6b	k__Bacteria; p__Cyanobacteria; c__Chloroplast; o__; f__; g__; s__	0.9693252464697604
d8890ec4f81d0c03a7ee912df5d52516	k__Bacteria; p__Cyanobacteria; c__Chloroplast	0.81598324177126
5af0cce0e87c7a42482376161c0fd094	k__Bacteria; p__Bacteroidetes; c__Bacteroidia; o__Bacteroidales; f__Prevotellaceae	0.997569011811154
46a120e3d452c0d80cd1d04b1a69dc3d	k__Bacteria; p__Firmicutes; c__Clostridia; o__Clostridiales; f__Peptostreptococcaceae_[XI]; g__Peptostreptococcaceae_[XI][G-6]; s__[Eubacterium]_minutum	0.781843285060274
c4f4152a23b9890a5e5915adc2e2fcc3	k__Bacteria; p__Chloroflexi; c__Anaerolineae; o__Anaerolineales; f__Anaerolineaceae; g__Anaerolineae_[G-1]; s__sp._oral_taxon_439	0.9999381908553726
81bdd29f7e51510c6d6d5f5cc2c3d8a4	k__Bacteria; p__Bacteroidetes; c__Bacteroidia; o__Bacteroidales; f__Prevotellaceae; g__Prevotella; s__	0.7891999615213242
13ddfeb8273db506de9dd62df51cd457	k__Bacteria; p__Actinobacteria; c__Actinobacteria; o__Actinomycetales; f__Actinomycetaceae; g__Mobiluncus	0.9999996685884063
110031203814e8b8e4ece36587f4aa8f	k__Bacteria; p__Firmicutes; c__Bacilli; o__Bacillales	0.9991892127226422
1218d5b2a52af69fffc7a254d6108a4b	k__Bacteria; p__Spirochaetes; c__Spirochaetia; o__Spirochaetales; f__Spirochaetaceae; g__Treponema	0.9952777813177284
f34a4a0acf57da26adc6387896b4ea56	k__Bacteria; p__Firmicutes	0.9999999999980712
8f09f696771673b8d20ace5bf9d7a56e	k__Bacteria; p__Bacteroidetes; c__Bacteroidia; o__Bacteroidales; f__Prevotellaceae; g__Prevotella	0.9999999789888003
1a35eb9fab9ddb771b70f32d09da5345	k__Bacteria; p__Firmicutes; c__Negativicutes; o__Selenomonadales; f__Veillonellaceae; g__Anaeroglobus; s__geminatus	0.9860769710801762
4397235f4e36e0b450791a8bfd605dee	k__Bacteria; p__Actinobacteria; c__Actinobacteria; o__Actinomycetales; f__Actinomycetaceae; g__Actinobaculum; s__sp._oral_taxon_848	0.9948890323671169
961bb52917e254e394089cfb454df64e	k__Bacteria; p__Fusobacteria; c__Fusobacteriia; o__Fusobacteriales; f__Fusobacteriaceae; g__Fusobacterium	0.820503683994928
982c3f933db3ade1924847222def8fe1	k__Bacteria; p__Firmicutes	0.9999952340291429
a90cef9ff506e7a7e5092c32bba68dde	k__Bacteria; p__Planctomycetes; c__Planctomycetia; o__Pirellulales; f__Pirellulaceae; g__; s__	0.9999999799210999
bedd81b646a7cb12e74f86417287e725	k__Bacteria; p__Planctomycetes; c__Planctomycetia; o__Planctomycetales; f__Planctomycetaceae; g__Planctomyces; s__	0.9999986997738046
92f56656ed47c86ad9cdf2565b96d054	k__Bacteria; p__Actinobacteria; c__Acidimicrobiia; o__Acidimicrobiales; f__; g__; s__	0.8842643929303989
484c54a07660f7a1dfecfef78c2d9730	k__Bacteria; p__Proteobacteria; c__Alphaproteobacteria; o__Sphingomonadales; f__; g__; s__	0.987751916537446
eb453c895632e0410d423001f820cf5e	k__Bacteria; p__Verrucomicrobia; c__Verruco-5; o__WCHB1-41; f__; g__; s__	0.9999990032301577
c58ffe3b164103cd95834973f7f0aba3	k__Bacteria; p__Actinobacteria; c__Thermoleophilia; o__Gaiellales; f__; g__; s__	0.9999981624399056
a0cdd8cf19a5fe9fdfb36cef9c477be2	k__Bacteria; p__Actinobacteria; c__Thermoleophilia; o__Solirubrobacterales; f__; g__; s__	0.99999609287447
898f7a50608d3503ada2b86300570a32	k__Bacteria; p__Bacteroidetes; c__Bacteroidetes_[C-1]; o__Bacteroidetes_[O-1]; f__Bacteroidetes_[F-1]; g__Bacteroidetes_[G-3]; s__sp._oral_taxon_503	0.99999999999946
1e37e2ae22f0d5e9d0ad4b5148d5c4db	k__Bacteria; p__Bacteroidetes; c__Bacteroidia; o__Bacteroidales; f__Porphyromonadaceae; g__Porphyromonas; s__sp._oral_taxon_930	0.9912767658039215
e16b88d1ca09b31cddc1dfd8aa523bb9	k__Bacteria; p__Actinobacteria; c__Actinobacteria; o__Actinomycetales; f__Actinomycetaceae; g__Actinobaculum; s__	0.9999998651323472
bf35693499b9fd8260db53ab9b00a3eb	k__Bacteria; p__Firmicutes; c__Clostridia; o__Clostridiales; f__Lachnospiraceae	0.9699877009302561
59fa48cc404096944aead2a60de865e1	k__Bacteria; p__Bacteroidetes; c__Bacteroidia; o__Bacteroidales; f__Prevotellaceae; g__Prevotella	0.9999999873718395
d4e1f17e9b110bc6f10b5f88841b5e2a	k__Bacteria; p__Proteobacteria; c__Gammaproteobacteria; o__Enterobacteriales; f__Enterobacteriaceae; g__Thorsellia; s__anophelis	0.9999999989837249
fda70aa6277802c9f2fc241e83c802cb	k__Bacteria; p__Firmicutes; c__Clostridia; o__Clostridiales	0.999950249001855
7865dd4d7cf29494393428a39f92f7d2	k__Bacteria; p__Actinobacteria; c__Actinobacteria; o__Actinomycetales; f__Micrococcaceae; g__Arthrobacter; s__	0.7238034723396141
d322e45dcde10df91e51447fbd409ca5	k__Bacteria; p__Bacteroidetes; c__Bacteroidia; o__Bacteroidales; f__Prevotellaceae; g__Prevotella; s__sp._oral_taxon_304	0.9999957477732577
08ebb9a1c3670f032c4cdbef70af3c66	k__Bacteria; p__Proteobacteria; c__Betaproteobacteria; o__Neisseriales; f__Neisseriaceae; g__Kingella; s__oralis	0.9948457074918496
7f82ea5d92ec7d70400ccfb2f5d6a0f8	k__Bacteria; p__Proteobacteria; c__Alphaproteobacteria; o__Sphingomonadales; f__Sphingomonadaceae; g__Novosphingobium; s__	0.9815236996487595
93c3dbad09475f3ddfad8d7765345509	k__Bacteria; p__Saccharibacteria_(TM7); c__TM7_[C-1]; o__TM7_[O-1]; f__TM7_[F-1]; g__TM7_[G-4]; s__sp._oral_taxon_355	0.9997994384377127
11c05a7d3f82d31bfa813555f87e4c96	k__Bacteria; p__Proteobacteria; c__Betaproteobacteria; o__Neisseriales; f__Neisseriaceae; g__Neisseria	0.9992641310435715
2cc133287735d1540fdd5a7dd6d0cb78	k__Bacteria; p__Bacteroidetes; c__Bacteroidia; o__Bacteroidales; f__Prevotellaceae; g__Prevotella; s__aurantiaca	0.999876699854644
9a6777df2166b7bb001f4151223be663	k__Bacteria; p__Fusobacteria; c__Fusobacteriia; o__Fusobacteriales; f__Leptotrichiaceae; g__Leptotrichia; s__wadei	0.9688377623051325
f94426c28f3f95515742f3c0b7c1de0f	k__Bacteria; p__Cyanobacteria; c__Chloroplast; o__Stramenopiles; f__; g__; s__	0.9999998178047941
67326f65664c0b1670007846a479f3cd	k__Bacteria; p__Bacteroidetes; c__Bacteroidia; o__Bacteroidales; f__Prevotellaceae; g__Prevotella	0.9999993153766787
47a31062ebce20b8ee80ff31953c9230	k__Bacteria; p__Bacteroidetes; c__Bacteroidia; o__Bacteroidales; f__Prevotellaceae; g__Prevotella; s__buccae	0.9999996698973751
cbd8265f1739ffe72db03c586ad9850c	k__Bacteria; p__Fusobacteria; c__Fusobacteriia; o__Fusobacteriales; f__Fusobacteriaceae; g__Fusobacterium	0.8730446820031592
eb7617ef4199e9fc7f5579c12121d55c	k__Bacteria; p__Bacteroidetes; c__Bacteroidia; o__Bacteroidales; f__Prevotellaceae; g__Alloprevotella; s__tannerae	0.8288230293248068
a6351c9bd921976b0b31cc5a34f1cf49	k__Bacteria; p__Firmicutes; c__Clostridia; o__Clostridiales	0.9999997130269896
42a4f01c194b596cefe7a807558678c5	k__Bacteria; p__Proteobacteria; c__Gammaproteobacteria; o__Pasteurellales; f__Pasteurellaceae; g__Aggregatibacter	0.9881569859401875
38731882e8d3a1da2b5d1232ef122b3f	k__Bacteria; p__Bacteroidetes; c__Bacteroidia; o__Bacteroidales; f__Bacteroidales_[F-2]; g__Bacteroidales_[G-2]; s__sp._oral_taxon_274	0.9998762384076669
184377d6227e3fad35f504ecf74ecfd8	k__Bacteria; p__Firmicutes; c__Clostridia; o__Clostridiales	0.7382450615702028
5d290e8920f11851d71c2a173d11b322	k__Bacteria; p__Firmicutes; c__Bacilli; o__Turicibacterales; f__Turicibacteraceae; g__Turicibacter; s__	0.9999849954734308
094549a78932d8902228ef7f7c1c1714	k__Bacteria; p__Firmicutes; c__Negativicutes; o__Selenomonadales; f__Veillonellaceae; g__Veillonella	0.9689872695339254
f24b1d9eecb2d6a5fd41bc2b9fe88ce0	k__Bacteria; p__Firmicutes; c__Clostridia; o__Clostridiales; f__Peptostreptococcaceae_[XI]; g__Peptostreptococcaceae_[XI][G-7]; s__sp._oral_taxon_081	0.9679075979317829
90fc382bfc014d3d9f65a750aa3ac4f5	k__Bacteria; p__Firmicutes; c__Bacilli; o__Turicibacterales; f__Turicibacteraceae; g__Turicibacter; s__	0.9999963393936394
bd2a25fafeb0e1f4a180eebeceed5c29	k__Bacteria; p__Fusobacteria; c__Fusobacteriia; o__Fusobacteriales; f__Fusobacteriaceae; g__Fusobacterium	0.9102172380749176
4fe342656c861ee0b9993dd145789178	k__Bacteria; p__Actinobacteria; c__Actinobacteria; o__Actinomycetales; f__Micrococcaceae; g__Rothia; s__aeria	0.8446829254782444
473d34390f0469f9b01337efff478617	k__Bacteria; p__Actinobacteria; c__Actinobacteria; o__Actinomycetales; f__Corynebacteriaceae; g__Corynebacterium	0.9756498874158062
49f6090e026df4192b6face865874d0a	k__Bacteria; p__Firmicutes; c__Clostridia; o__Clostridiales; f__Lachnospiraceae_[XIV]; g__Lachnoanaerobaculum; s__umeaense	0.9265893020387946
14c258f9c27e4d797edf49b7b2065541	k__Bacteria; p__Bacteroidetes; c__Bacteroidia; o__Bacteroidales; f__Prevotellaceae; g__Alloprevotella; s__sp._oral_taxon_473	0.9998892940061815
39109696f4abedb45a6b12c2d698344d	k__Bacteria; p__Firmicutes; c__Clostridia; o__Clostridiales; f__Lachnospiraceae_[XIV]; g__Lachnospiraceae_[G-2]; s__sp._oral_taxon_096	0.999750221478554
d0140860071654b5e56c8dc688ede406	k__Bacteria; p__Bacteroidetes; c__Flavobacteriia; o__Flavobacteriales; f__Flavobacteriaceae; g__Capnocytophaga; s__ochracea	0.859350959552815
0d5d6a96fb9db9df3a4308ad772ec326	k__Bacteria; p__Bacteroidetes; c__Bacteroidia; o__Bacteroidales; f__Prevotellaceae; g__Prevotella	0.9999999091619113
ca3ba663236549bb4192da46dda61669	k__Bacteria; p__Actinobacteria	0.9999996894025409
04d313064cf18488cb182b3215307b16	k__Bacteria; p__Firmicutes; c__Bacilli; o__Lactobacillales; f__Streptococcaceae; g__Streptococcus	0.9354803087707426
522c7523f20fa1e7272307ec12afcb0d	k__Bacteria; p__Proteobacteria; c__Betaproteobacteria; o__Burkholderiales; f__Burkholderiaceae; g__Lautropia; s__mirabilis	0.7821329240296849
130325ba350a87329a311e4f8cd4c580	k__Bacteria; p__Firmicutes; c__Clostridia; o__Clostridiales; f__Peptostreptococcaceae_[XI]; g__Mogibacterium	0.9493915338642757
1ba627b0f112d21a32e22698a26866df	k__Bacteria; p__Bacteroidetes; c__Bacteroidia; o__Bacteroidales; f__Prevotellaceae; g__Prevotella	0.9999999493443384
56590b72fb3a08eee3788e417f8894eb	k__Bacteria; p__Firmicutes; c__Bacilli; o__Lactobacillales; f__Streptococcaceae; g__Streptococcus	0.9999468646915821
4f3d2ce6c61694f2e866ef43d693cf75	k__Bacteria; p__Firmicutes; c__Clostridia; o__Clostridiales; f__Veillonellaceae; g__Selenomonas; s__	0.897440680188385
447dccbaf87a9d04c22337387ce64ac4	k__Bacteria; p__Spirochaetes; c__Spirochaetia; o__Spirochaetales; f__Spirochaetaceae; g__Treponema	0.9999647955267492
87540b1733274792b4699ed750124594	k__Bacteria; p__Fusobacteria; c__Fusobacteriia; o__Fusobacteriales; f__Leptotrichiaceae; g__Leptotrichia; s__sp._oral_taxon_392	0.9494350083281302
12bb8479b240a65df801890f82935633	k__Bacteria; p__Firmicutes; c__Clostridia; o__Clostridiales; f__Peptostreptococcaceae_[XI]; g__Peptostreptococcaceae_[XI][G-9]; s__[Eubacterium]_brachy	0.9999989956581671
97c0e3e3448fe4f873a16b6f65ce3228	k__Bacteria; p__Firmicutes; c__Bacilli; o__Lactobacillales; f__Carnobacteriaceae; g__Granulicatella; s__elegans	0.778087085547423
a1212ab0da78d40a7d83416a8195107e	k__Bacteria; p__Bacteroidetes; c__Bacteroidia; o__Bacteroidales; f__Porphyromonadaceae; g__Porphyromonas; s__sp._oral_taxon_930	0.9937722154827554
21393fc4ecd27341d845508cb3c4a7d8	k__Bacteria; p__Proteobacteria; c__Gammaproteobacteria; o__Pasteurellales; f__Pasteurellaceae; g__Haemophilus	0.9735931524271091
9700e566557e8b405552efca1fa475e5	k__Bacteria; p__Firmicutes	0.9999522173027922
6d5e40e4b062128841368625de263b67	k__Bacteria; p__Firmicutes; c__Clostridia; o__Clostridiales; f__Peptostreptococcaceae_[XI]; g__Filifactor; s__alocis	0.856657097523405
203fadbd7296f54defbf6c78cf18ad05	k__Bacteria; p__Firmicutes; c__Bacilli; o__Bacillales	0.9906834288114662
7aeae491f7e26a651c01f4b98f27de10	k__Bacteria; p__Proteobacteria; c__Epsilonproteobacteria; o__Campylobacterales; f__Campylobacteraceae; g__Campylobacter	0.99999999950458
0bfe5447382a67c23e692392575ccf87	k__Bacteria; p__Firmicutes; c__Clostridia; o__Clostridiales; f__Peptostreptococcaceae_[XI]; g__Peptostreptococcaceae_[XI][G-3]; s__sp._oral_taxon_495	0.9996218446357839
197d6680904f9968c8ae85c50252d31a	k__Bacteria; p__Firmicutes; c__Clostridia; o__Clostridiales; f__Lachnospiraceae_[XIV]; g__Lachnospiraceae_[G-3]; s__sp._oral_taxon_100	0.9943849764104413
1c4a40e01fa8895b4753ecb4846fcca8	k__Bacteria; p__Bacteroidetes; c__Bacteroidia; o__Bacteroidales; f__Prevotellaceae; g__Alloprevotella; s__sp._oral_taxon_473	0.9999963049732995
0d6264ff8442c1d508709e49ef6a0f56	k__Bacteria; p__Bacteroidetes; c__Bacteroidia; o__Bacteroidales; f__Prevotellaceae; g__Alloprevotella	0.917586723421823
5bd38b3c6f0385b23322ebff3e45f1f8	k__Bacteria; p__Firmicutes; c__Clostridia; o__Clostridiales; f__Lachnospiraceae	0.8596629289685277
f3c8fa5b4364d6713d69eb03bfb7267a	k__Bacteria; p__Firmicutes; c__Mollicutes; o__Mycoplasmatales; f__Mycoplasmataceae; g__Mycoplasma; s__salivarium	0.9689250751822369
8524ad154e1a299054275bc37c5abe70	k__Bacteria; p__Saccharibacteria_(TM7); c__TM7_[C-1]; o__TM7_[O-1]; f__TM7_[F-1]; g__TM7_[G-3]; s__sp._oral_taxon_351	0.8734683548904744
c2db21dea894a55c74af50b0c21f2890	k__Bacteria; p__Firmicutes; c__Clostridia; o__Clostridiales; f__Peptoniphilaceae; g__Parvimonas	0.9853995512870873
e09434ff4d66cdadccd8a1188ad49b4e	k__Bacteria; p__Firmicutes	0.9999997890001792
12a5b179b27039b8b6eee94de5bc4001	k__Bacteria; p__Proteobacteria; c__Deltaproteobacteria; o__Desulfobacterales; f__Desulfobacteraceae; g__Desulfococcus; s__	0.9518723560424478
045c4a51765031d470f6bb30621b157c	k__Bacteria; p__Proteobacteria; c__Deltaproteobacteria; o__Desulfovibrionales; f__Desulfovibrionaceae; g__Desulfovibrio; s__litoralis	0.9999999490334814
c7daf686d9f572035f8b6b382e593d56	k__Bacteria; p__Planctomycetes; c__Planctomycetia; o__Pirellulales; f__Pirellulaceae; g__; s__	0.9996985756979384
0495b85a83996b9fe84cc9c4ccda936d	k__Bacteria	0.9988409290571318
b0adf2606f8bc69d99047a6fd943de15	k__Bacteria; p__Planctomycetes; c__Planctomycetia; o__Gemmatales; f__Isosphaeraceae; g__; s__	0.9998931562639195
fb86cebbe12cea52cff1b6bc1ebbc674	k__Bacteria; p__Verrucomicrobia; c__Verrucomicrobiae; o__Verrucomicrobiales; f__Verrucomicrobiaceae; g__Akkermansia; s__muciniphila	0.9999999999997016
3d80935fefc27757ce6747dc7d379500	k__Bacteria; p__Firmicutes; c__Bacilli; o__Haloplasmatales; f__Haloplasmataceae; g__; s__	0.9999714332740983
064d19dddc8e312228bc8874e9356bb4	k__Bacteria; p__Verrucomicrobia; c__Verruco-5; o__LD1-PB3; f__; g__; s__	0.9999980683518044
2ac494a80ee740483df98e68dc416f1c	k__Bacteria; p__Firmicutes; c__Bacilli; o__Lactobacillales; f__Streptococcaceae; g__Streptococcus	0.9638430887648607
b5bb5db86c944b2345434c0672d1a6d1	k__Bacteria; p__Proteobacteria; c__Betaproteobacteria; o__Burkholderiales; f__Oxalobacteraceae; g__Janthinobacterium; s__	0.9892130726677445
89f00ba8b3e02c2494e7d09209e2f9df	k__Bacteria; p__Proteobacteria; c__Alphaproteobacteria; o__Rickettsiales; f__Rickettsiaceae; g__; s__	0.8978420199878432
aee19fd3ade9e8d1b191d48fdd24aafe	k__Bacteria; p__Firmicutes; c__Clostridia; o__Clostridiales; f__Ruminococcaceae; g__; s__	0.9994357111992588
b1889cc20d6f74c9e10e13231cd99075	k__Bacteria	0.9888782771692223
036e956ec31797a32f43cec283b417ed	k__Bacteria; p__Cyanobacteria; c__Oscillatoriophycideae; o__Chroococcales; f__; g__; s__	0.9991774045398968
6f8aacc234bffc58905c9637c37b48af	k__Bacteria; p__Cyanobacteria; c__Chloroplast; o__; f__; g__; s__	0.9999730736015553
ef41154f4c3f4cb55cbde3a1610d3b96	k__Bacteria; p__Proteobacteria; c__Gammaproteobacteria; o__Alteromonadales; f__Alteromonadaceae; g__Microbulbifer; s__	0.9871013093811604
7b3f6aea0d04c5de22dbc47fc15f0ceb	k__Bacteria; p__Bacteroidetes; c__Bacteroidia; o__Bacteroidales; f__Prevotellaceae; g__Prevotella	0.9791816966378863
6c873db6fae158617caf56ece31d6441	k__Bacteria; p__Firmicutes; c__Bacilli; o__Lactobacillales; f__Streptococcaceae; g__Streptococcus	0.9618917247483681
795b63793300d8318b330995cb20be7d	k__Bacteria; p__Cyanobacteria; c__4C0d-2; o__MLE1-12; f__; g__; s__	0.9999999998710791
c1d4b60c181ddbae9dc8695bccee6e33	k__Bacteria; p__Proteobacteria; c__Betaproteobacteria; o__Burkholderiales; f__Burkholderiaceae; g__Lautropia; s__mirabilis	0.967962358793859
ef2ea42674c120343fd9749a4ec6b013	k__Bacteria; p__Verrucomicrobia; c__Opitutae; o__Opitutales; f__Opitutaceae; g__Opitutus; s__	0.9999416585592164
bb3f39ffef155e4ffece38de56582a38	k__Bacteria; p__Bacteroidetes; c__Sphingobacteriia; o__Sphingobacteriales; f__Sphingobacteriaceae; g__Pedobacter; s__	0.9470855194435207
29c0b125dcb302003ba4d4fc0e31d9ea	k__Bacteria; p__Verrucomicrobia; c__[Spartobacteria]; o__[Chthoniobacterales]; f__[Chthoniobacteraceae]; g__CandidatusXiphinematobacter; s__	0.9999903218690436
14b30992ff908f28639c9081a1b82e24	k__Bacteria; p__Actinobacteria; c__Actinobacteria; o__Corynebacteriales; f__Corynebacteriaceae; g__Corynebacterium; s__durum	0.9225459394725042
bc1c3a623cdbe1dd8c10400aef9b05b6	k__Bacteria; p__Bacteroidetes; c__Bacteroidetes_[C-1]; o__Bacteroidetes_[O-1]; f__Bacteroidetes_[F-1]; g__Bacteroidetes_[G-3]	0.9999999885563466
4a07df209ccdb7beef7d026f4fcaca3b	k__Bacteria; p__Firmicutes; c__Mollicutes; o__Mycoplasmatales; f__Mycoplasmataceae; g__Mycoplasma	0.8111278190130378
835e1b28e1235867f2e5fdbd5cc6ae74	k__Bacteria; p__Bacteroidetes; c__Flavobacteriia; o__Flavobacteriales; f__Flavobacteriaceae; g__Capnocytophaga; s__haemolytica	0.9954802949842527
28addf3838a40475c8278f3ec6556e6d	k__Bacteria; p__SR1; c__SR1_[C-1]; o__SR1_[O-1]; f__SR1_[F-1]; g__SR1_[G-1]; s__sp._oral_taxon_345	0.9999601498667577
63fb08077aa7227800ee16f3deaeb0fe	k__Bacteria; p__Bacteroidetes; c__Bacteroidia; o__Bacteroidales; f__Prevotellaceae; g__Prevotella	0.9999995755261106
d3e38a672aeda2a5a638aeb4f84ed968	k__Bacteria; p__Proteobacteria; c__Gammaproteobacteria; o__Pasteurellales; f__Pasteurellaceae; g__Haemophilus	0.7275179926410186
3a4c99793872c8d1410c22fe3c82bd8b	k__Bacteria; p__Firmicutes; c__Clostridia; o__Clostridiales; f__Peptostreptococcaceae_[XI]; g__Peptostreptococcaceae_[XI][G-2]; s__sp._oral_taxon_091	0.9999999788545895
fae080fa8707f78ab1d754b5082eb1a0	k__Bacteria; p__Bacteroidetes; c__Bacteroidia; o__Bacteroidales; f__Prevotellaceae; g__Prevotella; s__sp._oral_taxon_526	0.9999999983902086
f5a066841e1f7ffe907af4042e6b8e78	k__Bacteria; p__Bacteroidetes; c__Flavobacteriia; o__Flavobacteriales; f__Flavobacteriaceae; g__Flavobacterium; s__	0.9994627265830761
fe8faeadc1f6317c8ba7c5574e537038	k__Bacteria; p__Bacteroidetes; c__Bacteroidia; o__Bacteroidales; f__Prevotellaceae; g__Prevotella; s__multisaccharivorax	0.9999999650545567
de7d1899cfbce5e0f48dbac91695a00f	k__Bacteria; p__Chloroflexi; c__Anaerolineae; o__Anaerolineales; f__Anaerolineaceae; g__Anaerolineae_[G-1]; s__sp._oral_taxon_439	0.9999317039267457
dfa450c8da65925cb6a7fa32c1d57151	k__Bacteria; p__Bacteroidetes; c__Bacteroidia; o__Bacteroidales; f__Prevotellaceae; g__Prevotella; s__salivae	0.9980118182607306
1f040f6369999ea67a9084f4e0d357ae	k__Bacteria; p__Planctomycetes; c__Planctomycetia; o__Pirellulales; f__Pirellulaceae; g__; s__	0.9999985477307576
04ae975329f35bebcbf33530f26a521c	k__Bacteria; p__Firmicutes; c__Clostridia; o__Clostridiales; f__Lachnospiraceae_[XIV]; g__Oribacterium	0.7150196320388948
5d15e741b6d833f626dc494674bc9244	k__Bacteria; p__Fusobacteria; c__Fusobacteriia; o__Fusobacteriales; f__Leptotrichiaceae; g__; s__	0.9997438431739927
c33e030a31ab298320314468097a02eb	k__Bacteria; p__Bacteroidetes; c__Flavobacteriia; o__Flavobacteriales; f__Flavobacteriaceae; g__Capnocytophaga	0.9999999973666672
13b3983106021dac5251a5e560c7853f	k__Bacteria; p__Bacteroidetes; c__Flavobacteriia; o__Flavobacteriales; f__Flavobacteriaceae; g__Bergeyella; s__sp._oral_taxon_322	0.9996241370579915
dd7aa388328d6a1f6c73fbec5aba4dd8	k__Bacteria; p__Firmicutes; c__Bacilli; o__Lactobacillales	0.9954338437487086
374c9837ed259a3e5a88975fabb9b0fa	k__Bacteria; p__Spirochaetes; c__Spirochaetia; o__Spirochaetales; f__Spirochaetaceae; g__Treponema	0.9999518969166922
801fd2f34782caa7df95738a29aabc3a	k__Bacteria; p__Fusobacteria; c__Fusobacteriia; o__Fusobacteriales; f__Leptotrichiaceae; g__Leptotrichia; s__sp._oral_taxon_392	0.8792492495652806
f35e98f9c30934ffc592a5c3dc2149bb	k__Bacteria; p__Bacteroidetes; c__Flavobacteriia; o__Flavobacteriales; f__Flavobacteriaceae; g__Capnocytophaga; s__sputigena	0.9891208229461982
20b3ddce261a3df9db4c841f63af3c15	k__Bacteria; p__Proteobacteria; c__Gammaproteobacteria; o__Pasteurellales; f__Pasteurellaceae; g__Haemophilus	0.8627544806872618
dbb39da2ce58896d7e9d9642810a7090	k__Bacteria; p__Actinobacteria; c__Actinobacteria; o__Actinomycetales; f__Micrococcaceae; g__Rothia; s__	0.75628458826174
29685d5f1a61d998c6b7434e1046b21b	k__Bacteria; p__Bacteroidetes; c__Bacteroidia; o__Bacteroidales; f__Prevotellaceae; g__Alloprevotella; s__sp._oral_taxon_914	0.8896439857105253
e8395ca686e5a0e38ae3e50fabe5b504	k__Bacteria; p__Proteobacteria; c__Gammaproteobacteria; o__Pasteurellales; f__Pasteurellaceae; g__Haemophilus	0.8976831375843379
694c436526622adb1e5aa9ad91d9e142	k__Bacteria; p__Actinobacteria; c__Actinobacteria; o__Actinomycetales; f__Actinomycetaceae; g__Actinomyces	0.7686521790906014
90564624eeeca01afc97451c4934b50c	k__Bacteria; p__Firmicutes	0.9999997553019212
18f6620782a8d0fb27bdb9326117a7e3	k__Bacteria; p__Saccharibacteria_(TM7); c__TM7_[C-1]; o__TM7_[O-1]; f__TM7_[F-1]; g__TM7_[G-1]; s__sp._oral_taxon_346	0.9428357937515734
228bdd5f5a40cb25065a711f5143f826	k__Bacteria; p__Bacteroidetes; c__Bacteroidia; o__Bacteroidales; f__Bacteroidales_[F-2]; g__Bacteroidales_[G-2]; s__sp._oral_taxon_274	0.999999610338127
f465b127c9777051cfd463a547695bf2	k__Bacteria; p__Firmicutes; c__Clostridia; o__Clostridiales; f__Lachnospiraceae; g__Butyrivibrio; s__	0.9952730771889058
a4ce3b6acf188604612a4891b4705a93	k__Bacteria; p__Proteobacteria; c__Deltaproteobacteria; o__Desulfovibrionales; f__Desulfovibrionaceae; g__Desulfovibrio; s__fairfieldensis	0.9499127624096098
716368dea165006b87f8d88c97754d74	k__Bacteria; p__Bacteroidetes; c__Bacteroidia; o__Bacteroidales; f__Prevotellaceae; g__Prevotella; s__micans	0.9999999310831692
2c447a3442965fc522e40b0d4a3e875f	k__Bacteria; p__Fusobacteria; c__Fusobacteriia; o__Fusobacteriales; f__Leptotrichiaceae; g__; s__	0.999558104402759
24dfc6f7f94143404b267bd78fdb25ef	k__Bacteria; p__Proteobacteria; c__Betaproteobacteria; o__Burkholderiales; f__Burkholderiaceae; g__Lautropia; s__mirabilis	0.9985743868956329
abe857b57422a8d23a6e756cd57c1398	k__Bacteria; p__Firmicutes; c__Bacilli; o__Lactobacillales; f__Streptococcaceae; g__Streptococcus	0.9991410402386064
f0c52312be5c0ed949dfbb7ac11038a6	k__Bacteria; p__Proteobacteria; c__Betaproteobacteria; o__Neisseriales; f__Neisseriaceae; g__Neisseria	0.9900650205184655
39720dcda45f5b37f86103e92217e3d8	k__Bacteria; p__Firmicutes	0.9894509515072771
b39ffd715f4d7ae12afee199098cb092	k__Bacteria; p__Firmicutes; c__Clostridia; o__Clostridiales; f__Lachnospiraceae_[XIV]; g__Lachnospiraceae_[G-8]; s__sp._oral_taxon_500	0.9999896062828095
7e092c49e3be317bc6511106be25c400	k__Bacteria; p__Firmicutes; c__Clostridia; o__Clostridiales; f__Peptoniphilaceae; g__Parvimonas	0.9843881111867798
f8d869fbf17a71c6f07467baa5758a10	k__Bacteria; p__Proteobacteria; c__Gammaproteobacteria; o__Pasteurellales; f__Pasteurellaceae; g__Haemophilus	0.9106019682414902
673113be603cedc553b54c3c9bb5b045	k__Bacteria; p__Firmicutes; c__Clostridia; o__Clostridiales; f__Lachnospiraceae_[XIV]; g__Stomatobaculum	0.991026733753908
5a172743d382216300ae946609acc0b0	k__Bacteria; p__Actinobacteria	0.8383133616952961
f23897970dc59e994d78ddc761780e3d	k__Bacteria; p__Fusobacteria; c__Fusobacteriia; o__Fusobacteriales; f__Fusobacteriaceae; g__Fusobacterium	0.7051711991022511
5b10322a77e9c09f0c31303e9872016c	k__Bacteria; p__TM7; c__TM7-3; o__CW040; f__; g__; s__	0.9614650773061773
b22c87120e51123be4b6b3a353458a17	k__Bacteria; p__Spirochaetes; c__Spirochaetia; o__Spirochaetales; f__Spirochaetaceae; g__Treponema; s__denticola	0.8948499506869725
6e2e238c798e3a46c95026d33255f7b3	k__Bacteria; p__Fusobacteria; c__Fusobacteriia; o__Fusobacteriales; f__Leptotrichiaceae; g__Leptotrichia; s__sp._oral_taxon_215	0.851884651480059
2ceb81caacc554b86916ca985bc7a5e2	k__Bacteria; p__Proteobacteria; c__Epsilonproteobacteria; o__Campylobacterales; f__Campylobacteraceae; g__Campylobacter; s__sp._oral_taxon_044	0.9997698942238099
b129f1186caa00cc3be57ad6b96183cc	k__Bacteria; p__Firmicutes; c__Bacilli; o__Lactobacillales; f__Streptococcaceae; g__Streptococcus	0.9973144079826933
a9dfe5a4aa33d6d8e78960a36efefa6d	k__Bacteria; p__Firmicutes; c__Bacilli; o__Bacillales	0.9662598607800218
37621171e646f7f74f1f79f8906b5cca	k__Bacteria; p__Firmicutes; c__Clostridia; o__Clostridiales; f__Peptostreptococcaceae_[XI]; g__Peptostreptococcaceae_[XI][G-9]; s__[Eubacterium]_brachy	0.9999991434455184
0d44e56fcd49dec42b543e77b993aca6	k__Bacteria; p__Firmicutes; c__Clostridia; o__Clostridiales	0.9998011548446806
7c919e59bea4c43e597db3e629305d93	k__Bacteria; p__Proteobacteria; c__Gammaproteobacteria; o__Pasteurellales; f__Pasteurellaceae; g__Haemophilus	0.924519769260954
743d5175b79342e665f21affa117852f	k__Bacteria; p__Firmicutes; c__Bacilli; o__Lactobacillales; f__Streptococcaceae; g__Streptococcus	0.9996338627563285
16f1e8976166c5aa1c7b69a821658fb7	k__Bacteria; p__Fusobacteria; c__Fusobacteriia; o__Fusobacteriales; f__Leptotrichiaceae; g__Leptotrichia; s__sp._oral_taxon_212	0.8088257443882102
19325628666716f88dfb9eb45e56ce17	k__Bacteria	0.9999999743593626
f1c4d6652ed7b1d06acb933aecd8c667	k__Bacteria; p__SR1; c__SR1_[C-1]; o__SR1_[O-1]; f__SR1_[F-1]; g__SR1_[G-1]; s__sp._oral_taxon_345	0.9963244438724315
8235d019f4b827340259ad4444bc9cc3	k__Bacteria; p__Proteobacteria; c__Betaproteobacteria; o__Neisseriales; f__Neisseriaceae; g__Neisseria	0.999477765204312
0cea86786dafd373126d950e385ba210	k__Bacteria; p__Firmicutes; c__Clostridia; o__Clostridiales; f__Peptoniphilaceae; g__Parvimonas	0.8877670619034392
1a25cfdc162119615d2be9d3bfe197b0	k__Bacteria	0.9999999999999973
f4fc649419fea5ceaffe32f7620bf95c	k__Bacteria; p__Bacteroidetes; c__Bacteroidia; o__Bacteroidales; f__Prevotellaceae; g__Alloprevotella; s__sp._oral_taxon_473	0.9986265782384646
98c0dc060e626cb8ba6fbb6baa475a40	k__Bacteria; p__Firmicutes; c__Bacilli; o__Lactobacillales; f__Streptococcaceae; g__Streptococcus	0.9994185915846456
6e5e94cf0892f4af4261bef676fd83bf	k__Bacteria; p__Bacteroidetes; c__Bacteroidia; o__Bacteroidales; f__Prevotellaceae; g__Prevotella; s__sp._oral_taxon_304	0.9987271445676553
72ac23ae83da3a1ad7a2bfe9e295c24e	k__Bacteria; p__Bacteroidetes; c__Bacteroidia; o__Bacteroidales; f__Prevotellaceae; g__Alloprevotella; s__sp._oral_taxon_308	0.8416818666432693
c2c0d50936dcacd99ca38c4237477132	k__Bacteria; p__Firmicutes; c__Mollicutes; o__Mycoplasmatales; f__Mycoplasmataceae; g__Mycoplasma; s__salivarium	0.9670834965679304
ecbf7c1640dcbc634993a7ff7a96be2b	k__Bacteria; p__Bacteroidetes; c__Bacteroidia; o__Bacteroidales; f__Prevotellaceae; g__Prevotella; s__sp._oral_taxon_305	0.9958145365662484
460a5850f0ec21cd8ef149b7224cafe1	k__Bacteria; p__Firmicutes; c__Bacilli; o__Lactobacillales; f__Streptococcaceae; g__Streptococcus	0.8348993365797536
45f6ba9129f865e7c660e3dc3013f036	k__Bacteria; p__Firmicutes; c__Clostridia; o__Clostridiales; f__Peptostreptococcaceae_[XI]; g__Peptostreptococcaceae_[XI][G-6]; s__[Eubacterium]_nodatum	0.8936864519704504
20baed9b13cc71a5b71e89da297015e1	k__Bacteria; p__Firmicutes; c__Bacilli; o__Lactobacillales; f__Streptococcaceae; g__Streptococcus	0.9999999981458264
c62a3812a490b80b26e9ee69670e08b8	k__Bacteria; p__Firmicutes	0.9999940188149875
5c8682f233698895f80fc2f68ca868e3	k__Bacteria; p__Firmicutes; c__Clostridia; o__Clostridiales; f__Lachnospiraceae_[XIV]; g__Butyrivibrio; s__sp._oral_taxon_455	0.9972773573246819
95f0ddad353ead5af7217929d090209b	k__Bacteria; p__Bacteroidetes; c__Bacteroidia; o__Bacteroidales; f__Prevotellaceae; g__Prevotella; s__sp._oral_taxon_475	0.9997331250457331
882430753ff1220ffafed5b332eadacf	k__Bacteria; p__Firmicutes; c__Bacilli; o__Bacillales	0.9994309262248994
692d592263d982f3fe54275bd737c2aa	k__Bacteria; p__Firmicutes; c__Bacilli; o__Lactobacillales; f__Streptococcaceae; g__Streptococcus	0.9427766689729045
e66f0364bdadd2723da9116c9d2dab37	k__Bacteria; p__Firmicutes; c__Clostridia; o__Clostridiales; f__Ruminococcaceae; g__Ruminococcaceae_[G-2]; s__sp._oral_taxon_085	0.9991236077828624
d7e142ea09438a6d1978f46385fa2393	k__Bacteria; p__Proteobacteria; c__Epsilonproteobacteria; o__Campylobacterales; f__Helicobacteraceae; g__Wolinella; s__succinogenes	0.9979670924065225
6215d19f5a87d8e1fc4c145850dbc58d	k__Bacteria; p__Firmicutes; c__Bacilli; o__Lactobacillales; f__Streptococcaceae; g__Streptococcus	0.9999978142982323
1b189723ffa6263b8e86709ae6f7eaab	k__Bacteria; p__Bacteroidetes; c__Bacteroidia; o__Bacteroidales; f__Prevotellaceae; g__Prevotella; s__baroniae	0.9996894227944051
5b15510b2e8674eb0eba40d0f213ef76	k__Bacteria; p__Bacteroidetes; c__Bacteroidetes_[C-1]; o__Bacteroidetes_[O-1]; f__Bacteroidetes_[F-1]; g__Bacteroidetes_[G-5]; s__sp._oral_taxon_505	0.993107500714957
880cc5a0e7bfcf1f4424d4dcd4881ada	k__Bacteria; p__Proteobacteria; c__Betaproteobacteria; o__Rhodocyclales; f__Rhodocyclaceae; g__Uliginosibacterium; s__	0.9999797169100358
5884a8e2c753f2741d79792c77fd3a1f	k__Bacteria; p__Bacteroidetes; c__Bacteroidia; o__Bacteroidales	0.9999999134602643
468fee72613fddbb31dba08205792df6	k__Bacteria; p__Synergistetes; c__Synergistia; o__Synergistales; f__Synergistaceae; g__Fretibacterium	0.9994451078851145
e8c27b02b84e1432859ed4714db5464f	k__Bacteria; p__Firmicutes; c__Clostridia; o__Clostridiales	0.9648380666773226
c17639845aa91636ae1719bd7920eb03	k__Bacteria; p__Bacteroidetes; c__Bacteroidia; o__Bacteroidales; f__Prevotellaceae; g__Prevotella; s__pallens	0.7010517017112741
95ff50af4ee8cfcb071d065a3b43abb6	k__Bacteria; p__Bacteroidetes; c__Flavobacteriia; o__Flavobacteriales; f__Flavobacteriaceae; g__Capnocytophaga; s__sputigena	0.9915047726680188
2442fd0379960abbb431d50e82a607fe	k__Bacteria; p__Proteobacteria; c__Gammaproteobacteria; o__Pseudomonadales; f__Pseudomonadaceae; g__Pseudomonas; s__	0.8892172030949894
09595b10b7c8aa11405d79e51176dba5	k__Bacteria; p__Firmicutes; c__Clostridia; o__Clostridiales	0.9999957585864768
0a9ed13a32b584958e2b754706a9f48b	k__Bacteria; p__Bacteroidetes; c__Bacteroidia; o__Bacteroidales; f__Prevotellaceae; g__Prevotella; s__micans	0.9999999834343357
d4809c3b5325fdf629e321ae1ede050c	k__Bacteria; p__Bacteroidetes; c__Bacteroidia; o__Bacteroidales; f__Porphyromonadaceae; g__Porphyromonas; s__sp._oral_taxon_285	0.9960802986412709
cefaa69c5f14d5a0ec465f9ba63fc4ba	k__Bacteria; p__Fusobacteria; c__Fusobacteriia; o__Fusobacteriales; f__Leptotrichiaceae; g__Leptotrichia; s__sp._oral_taxon_215	0.8943016567479642
8b96af9230d475a4d79834cb8b4d89ae	k__Bacteria; p__Proteobacteria; c__Gammaproteobacteria; o__Pasteurellales; f__Pasteurellaceae; g__Haemophilus	0.9351375928530685
ff707aa50a7859391ec7eb4469e1c433	k__Bacteria; p__Bacteroidetes; c__Bacteroidia; o__Bacteroidales; f__Prevotellaceae; g__Prevotella; s__salivae	0.9999495566631781
e732c68d9b95dfa2628ef2f8c9cadd6f	k__Bacteria; p__Cyanobacteria; c__Chloroplast; o__Stramenopiles; f__; g__; s__	0.9999999017620146
0bff032ededcc1ff490060fb1869dc80	k__Bacteria; p__Bacteroidetes; c__Bacteroidia; o__Bacteroidales; f__Prevotellaceae; g__Alloprevotella	0.9999978652272301
54d5273156af9a62e39a207c0740cc2c	k__Bacteria; p__Bacteroidetes; c__Bacteroidia; o__Bacteroidales; f__Prevotellaceae; g__Alloprevotella; s__sp._oral_taxon_308	0.8655571029564596
bd247703f5cea9bce289faa742b91547	k__Bacteria; p__Proteobacteria; c__Alphaproteobacteria; o__Rhizobiales; f__Rhizobiaceae	0.9919618805605286
eb5358329016215cbfdae8c5641b4c77	k__Bacteria; p__Actinobacteria; c__Actinobacteria; o__Actinomycetales; f__Actinomycetaceae; g__Actinomyces	0.999999978439138
ca2fe1b741da395c9c337374bf148798	k__Bacteria; p__Bacteroidetes; c__Bacteroidia; o__Bacteroidales; f__Prevotellaceae; g__Prevotella; s__sp._oral_taxon_526	0.9999999996396696
ac7324b1f34b9d0e3d9d134e50787c11	k__Bacteria; p__Bacteroidetes; c__Bacteroidia; o__Bacteroidales; f__Prevotellaceae; g__Alloprevotella	0.99991616500074
c4757841967f61fe4b2f917bbfe8a299	k__Bacteria; p__Firmicutes; c__Clostridia; o__Clostridiales; f__Lachnospiraceae_[XIV]; g__Oribacterium; s__parvum	0.9109663695987602
3b520b8a4b599f07a68a289a1a912607	k__Bacteria; p__Proteobacteria; c__Gammaproteobacteria; o__Pasteurellales; f__Pasteurellaceae	0.9999989052673035
583b87a82b56d8a26ea5ffee40607da0	k__Bacteria; p__Bacteroidetes; c__Bacteroidetes_[C-1]; o__Bacteroidetes_[O-1]; f__Bacteroidetes_[F-1]; g__Bacteroidetes_[G-3]; s__sp._oral_taxon_365	0.999985887435465
246bc5d4a87ea55a10a4e2718e7c6c11	k__Bacteria; p__Firmicutes	0.7266145966131053
04fecb7fcc93aecfbf6e77aafa343a21	k__Bacteria; p__Firmicutes; c__Clostridia; o__Clostridiales; f__Peptostreptococcaceae_[XI]; g__Peptostreptococcaceae_[XI][G-7]; s__sp._oral_taxon_081	0.9999986950488436
3c2b99f898d936b38539d0630dbdb39d	k__Bacteria; p__Actinobacteria; c__Actinobacteria; o__Actinomycetales; f__Actinomycetaceae; g__Actinomyces; s__bowdenii	0.7541392980778882
6a3a89c2e5aaab8f9c123685b85c0fbf	k__Bacteria; p__Firmicutes; c__Clostridia; o__Clostridiales; f__Lachnospiraceae; g__Coprococcus; s__	0.9346165254294159
7cd18a9b7d0fc1fde250ed0cd853ef28	k__Bacteria; p__Proteobacteria; c__Alphaproteobacteria; o__Sphingomonadales; f__Sphingomonadaceae; g__Novosphingobium; s__	0.9736462537333094
abcd059ecb142252938f6c4487393449	k__Bacteria; p__Firmicutes; c__Negativicutes; o__Selenomonadales; f__Veillonellaceae; g__Veillonella	0.971929637004214
5f256a2e8c1ce08f86ef8d29841628ff	k__Bacteria; p__Proteobacteria; c__Gammaproteobacteria; o__Pseudomonadales; f__Moraxellaceae; g__Acinetobacter; s__	0.9905966764510409
58c0435b25bf1e96ea551dd4ff0291ca	k__Bacteria; p__Proteobacteria; c__Gammaproteobacteria; o__Xanthomonadales; f__Xanthomonadaceae; g__Stenotrophomonas; s__	0.9399655848811241
0ba1da5b20f430afd9dd7737b983379d	k__Bacteria; p__Spirochaetes; c__Spirochaetia; o__Spirochaetales; f__Spirochaetaceae; g__Treponema	0.9999719454181978
34e40dbe885ee627b8a44200bf0b2287	k__Bacteria; p__Firmicutes; c__Bacilli; o__Lactobacillales; f__Streptococcaceae; g__Streptococcus	0.9845184480398023
9321554aa9642674cc302b9ad278b289	k__Bacteria; p__Spirochaetes; c__Spirochaetia; o__Spirochaetales; f__Spirochaetaceae; g__Treponema; s__sp._oral_taxon_269	0.7696157198963517
ac513fc528275f9365f6448eb0222b45	k__Bacteria; p__Proteobacteria; c__Betaproteobacteria; o__Neisseriales; f__Neisseriaceae	0.8763737332972232
05e26719bfb11da7b81ef53f2bc64334	k__Bacteria; p__Saccharibacteria_(TM7); c__TM7_[C-1]; o__TM7_[O-1]; f__TM7_[F-1]; g__TM7_[G-3]; s__sp._oral_taxon_351	0.9502413378234349
0bf8e3790000c4e57f2e9e98152a0932	k__Bacteria; p__Fusobacteria; c__Fusobacteriia; o__Fusobacteriales; f__Leptotrichiaceae; g__Leptotrichia; s__buccalis	0.9193165636402821
14e47f07b694baaa58014cfa408ab214	k__Bacteria; p__Bacteroidetes; c__Bacteroidia; o__Bacteroidales; f__Prevotellaceae; g__Prevotella; s__pleuritidis	0.9999999156023058
84287a315615c4afd5a2edca61ab9058	k__Bacteria; p__Proteobacteria; c__Epsilonproteobacteria; o__Campylobacterales; f__Campylobacteraceae; g__Campylobacter; s__showae	0.7711600142523649
e7c40b81d9a5dbcbefe8ada7103814ed	k__Bacteria; p__Bacteroidetes; c__Bacteroidia; o__Bacteroidales; f__Prevotellaceae; g__Prevotella; s__salivae	0.9975576080539617
fb63c1d392c9c8e4304e22e42aa6e54d	k__Bacteria; p__Bacteroidetes; c__Bacteroidia; o__Bacteroidales; f__Prevotellaceae; g__Alloprevotella; s__sp._oral_taxon_914	0.8628990550827644
5c5d510983a9171d26b4af1692e75abf	k__Bacteria; p__Proteobacteria; c__Betaproteobacteria; o__; f__; g__; s__	0.9843066985914412
cf7911677fdfab2967be54137acf22ce	k__Bacteria; p__Proteobacteria; c__Deltaproteobacteria; o__Desulfobacterales; f__Desulfobulbaceae; g__Desulfobulbus; s__	0.9288061930071677
c0b350f927ecd36d09cfb873e36e6204	k__Bacteria; p__Proteobacteria; c__Deltaproteobacteria; o__Desulfovibrionales; f__Desulfovibrionaceae; g__Desulfovibrio; s__	0.9675005470452129
dcc4c31e87948c8cd1584e9526badd65	k__Bacteria; p__Cyanobacteria; c__Oscillatoriophycideae; o__Oscillatoriales; f__Phormidiaceae; g__; s__	0.9637826976016722
a85166b2dd0f07d9d540387896481d91	k__Bacteria; p__Firmicutes; c__Bacilli; o__Bacillales	0.8092026393972728
c04ec19c739878ed47a84afa3852e480	k__Bacteria	0.9999948658074215
808dbb828b3dbab5377ea2ccef30ad15	k__Bacteria; p__Proteobacteria; c__Alphaproteobacteria	0.9999029753916215
bbfc602f29a8277509e1da4db481b661	k__Bacteria; p__Proteobacteria; c__Gammaproteobacteria; o__Legionellales; f__Coxiellaceae; g__; s__	0.7139741699325085
5d4f43ced40e4ff9bb719b57a627cebd	k__Bacteria; p__TM6; c__SJA-4; o__; f__; g__; s__	0.9999998595300595
18697085c20dba329661f4bc276dc044	k__Bacteria; p__Bacteroidetes; c__Bacteroidia; o__Bacteroidales; f__Prevotellaceae; g__Prevotella; s__sp._oral_taxon_317	0.9521249784220892
78fe763600b2cf9356c812de7d64d719	k__Bacteria; p__Verrucomicrobia; c__Verruco-5; o__LD1-PB3; f__; g__; s__	0.9393903800439001
8d88d6ab6103f187e13ee7d460c2225a	k__Bacteria; p__; c__; o__; f__; g__; s__	0.957520441420154
3370c8c0f7a1c70d5e7f42606c917087	k__Bacteria; p__Firmicutes; c__Clostridia; o__Clostridiales; f__Peptostreptococcaceae_[XI]; g__Peptostreptococcaceae_[XI][G-7]; s__sp._oral_taxon_081	0.9820406965065643
3cf4fa3a34d40d3749e7a691cf0850e3	k__Bacteria; p__Firmicutes; c__Bacilli; o__Lactobacillales; f__Streptococcaceae; g__Lactococcus; s__lactis	0.9989484922941549
10206a9096c9632da5cae82ad578f7bf	k__Bacteria; p__Firmicutes; c__Bacilli; o__Lactobacillales; f__Streptococcaceae; g__Streptococcus	0.9999989441128825
57984f43dd1bd827cc6497ebd348f3a3	k__Bacteria; p__Proteobacteria; c__Alphaproteobacteria; o__; f__; g__; s__	0.9523604644964667
11c5f08b32a541e9f1fab91e739a4884	k__Bacteria; p__Firmicutes; c__Clostridia; o__Clostridiales; f__Lachnospiraceae_[XIV]; g__Oribacterium; s__parvum	0.8404381407995506
72a5ced87fc4eb52451d3ea2254beb2f	k__Bacteria; p__Proteobacteria; c__Deltaproteobacteria; o__; f__; g__; s__	0.9259846924237314
082aab016270e09242cff02638c6cc80	k__Bacteria; p__Bacteroidetes; c__Flavobacteriia; o__Flavobacteriales; f__Flavobacteriaceae; g__Capnocytophaga; s__leadbetteri	0.9550178704611701
b74dda67c9197b548c4963b75f284180	k__Bacteria; p__Firmicutes; c__Bacilli; o__Lactobacillales; f__Streptococcaceae; g__Streptococcus	0.9554223497334412
de02210c7cde4ded1f9f1b37b07b9f52	k__Bacteria; p__Firmicutes; c__Clostridia; o__Clostridiales; f__Lachnospiraceae_[XIV]; g__Lachnospiraceae_[G-7]; s__sp._oral_taxon_086	0.9190278757767242
0ca7070fd3b411feeb8740c959503e5a	k__Bacteria; p__Firmicutes; c__Clostridia; o__Clostridiales; f__Peptostreptococcaceae_[XI]; g__Peptostreptococcaceae_[XI][G-9]; s__[Eubacterium]_brachy	0.9999554041226089
0a69eb930a45b27dbb0f81978af37c1c	k__Bacteria; p__Bacteroidetes; c__Bacteroidia; o__Bacteroidales; f__Prevotellaceae; g__Alloprevotella; s__sp._oral_taxon_308	0.8646733074809926
59b626d60506ef972928f3a2fa1dc07a	k__Bacteria; p__Actinobacteria; c__Actinobacteria; o__Actinomycetales; f__Micrococcaceae; g__Rothia; s__	0.7997839491880291
13ac679e1e2b2a6d4f7c257aac7bcc0a	k__Bacteria; p__Proteobacteria; c__Gammaproteobacteria; o__Pasteurellales; f__Pasteurellaceae; g__Haemophilus	0.9824200609192104
d3c190614a93c6703d673a547ae54ee5	k__Bacteria; p__Proteobacteria; c__Betaproteobacteria; o__Burkholderiales; f__Comamonadaceae	0.9952226718620245
2d699867c7efa3f15b3ae1a8e2b7614f	k__Bacteria; p__Proteobacteria; c__Alphaproteobacteria; o__Sphingomonadales	0.9999990362470905
903a2272b21edfbb11b750cc8ffb38ef	k__Bacteria; p__Spirochaetes; c__Spirochaetia; o__Spirochaetales; f__Spirochaetaceae; g__Treponema; s__lecithinolyticum	0.9998519626646992
9959807586a594450eec7d522c1c3703	k__Bacteria; p__Firmicutes; c__Bacilli; o__Gemellales; f__Gemellaceae; g__; s__	0.8300075307694941
146e90f3401b1d5e476479eea8249db7	k__Bacteria; p__Acidobacteria; c__Holophagae; o__Holophagales; f__Holophagaceae; g__; s__	0.9983499064641923
13c1a4da270e2543d5ad4f2b126e3677	k__Bacteria; p__Actinobacteria; c__Actinobacteria; o__Actinomycetales; f__Micrococcaceae	0.8826665433273478
56fe23cd2399f8e76d1273fe52e36901	k__Bacteria; p__Fusobacteria; c__Fusobacteriia; o__Fusobacteriales; f__Fusobacteriaceae; g__Fusobacterium	0.9939620206114466
89b877ce6c16b936674310bea1aac571	k__Bacteria; p__Firmicutes; c__Bacilli; o__Lactobacillales; f__Streptococcaceae; g__Streptococcus	0.9999999724733695
b1defe192d9afd02647862189d5e5c25	k__Bacteria; p__Firmicutes; c__Bacilli	0.999998753356745
d216650bac2d4d392c52bb10b29ec4ab	k__Bacteria; p__Firmicutes; c__Bacilli; o__Lactobacillales; f__Streptococcaceae; g__Streptococcus	0.917304777970086
5a9ece644f0409caa60b351f7f013459	k__Bacteria; p__Proteobacteria; c__Gammaproteobacteria; o__Enterobacteriales; f__Enterobacteriaceae	0.9998458724160768
24e2e278a833c5de5e1dd4ba8b45ec96	k__Bacteria; p__Firmicutes; c__Clostridia; o__Clostridiales	0.9982158061125291
7af14ddada7fa69a7b54d3a63377f147	k__Bacteria; p__Bacteroidetes; c__Bacteroidia; o__Bacteroidales; f__Prevotellaceae; g__Prevotella; s__pallens	0.963413101587844
69a5b31ad2040a1f368d0e32a9389be2	k__Bacteria; p__Firmicutes; c__Clostridia; o__Clostridiales; f__Peptoniphilaceae; g__Parvimonas	0.919142684625045
b74a51a9427ba5bc5f0f6e8766b510a8	k__Bacteria; p__Proteobacteria; c__Gammaproteobacteria; o__Pasteurellales; f__Pasteurellaceae; g__Haemophilus	0.776637896643259
614be7e4a749e556117c74121dd501ea	k__Bacteria; p__Firmicutes; c__Bacilli; o__Turicibacterales; f__Turicibacteraceae; g__Turicibacter; s__	0.999991079193592
d8fdc914f05c527dab3a30e7109f4263	k__Bacteria; p__Bacteroidetes; c__Bacteroidia; o__Bacteroidales; f__Prevotellaceae; g__Prevotella	0.962717573620429
aeb5d118628c5d93210ee14707e2e0d1	k__Bacteria; p__Firmicutes; c__Clostridia; o__Clostridiales	0.8974469740486707
077a624529c27f79e49bd0895175067b	k__Bacteria; p__Actinobacteria; c__Actinobacteria; o__Corynebacteriales; f__Corynebacteriaceae; g__Corynebacterium; s__matruchotii	0.8433511151687962
c3cd5d5785d4bb167a2ac2de6775eedd	k__Bacteria; p__Firmicutes; c__Clostridia; o__Clostridiales	0.9999779691641663
a2c41068ddb36820ab14b566ca02b1bc	k__Bacteria; p__Proteobacteria; c__Betaproteobacteria; o__Neisseriales; f__Neisseriaceae; g__Neisseria	0.7173961354046071
76a55697ec6c776dcf42688f2819abe0	k__Bacteria; p__Firmicutes; c__Clostridia; o__Clostridiales; f__Lachnospiraceae_[XIV]; g__Oribacterium; s__parvum	0.9405252393181102
fcc581818b35ac9373f5aa093ab65e50	k__Bacteria; p__Firmicutes; c__Bacilli; o__Lactobacillales; f__Streptococcaceae; g__Streptococcus	0.8039412425213711
494b10e5f753a92cefb53bc92ee46e7a	k__Bacteria; p__Firmicutes; c__Bacilli; o__Gemellales; f__Gemellaceae; g__; s__	0.9678463570345872
c5b92df069578ca593131e3b9517244c	k__Bacteria; p__Proteobacteria; c__Alphaproteobacteria; o__Rhizobiales; f__Methylocystaceae; g__; s__	0.7225871326803278
cb13eeb3c659f3c574b6bee2fc7b0584	k__Bacteria; p__Proteobacteria; c__Alphaproteobacteria; o__; f__; g__; s__	0.9905619942897215
0cf61da165d8ab8c0302d2daddce25fc	k__Bacteria; p__Bacteroidetes; c__Bacteroidia; o__Bacteroidales; f__Prevotellaceae; g__Prevotella; s__shahii	0.942018972360961
2e8cc0bcc45a5309d607c59c2de7d62f	k__Bacteria; p__Bacteroidetes; c__Cytophagia; o__Cytophagales; f__; g__; s__	0.9999271801349378
628324a056f53b9882bd22e0d674af62	k__Bacteria; p__Proteobacteria; c__Betaproteobacteria; o__Rhodocyclales; f__Rhodocyclaceae	0.9518347555992034
0da32b2c6c73c4e2cd0341fcca0fb595	k__Bacteria; p__Bacteroidetes; c__Flavobacteriia; o__Flavobacteriales; f__Flavobacteriaceae; g__Flavobacterium; s__	0.998518342189232
3b871057a21720bc6cad346342cf6cdb	k__Bacteria; p__Planctomycetes; c__Planctomycetia; o__Pirellulales; f__Pirellulaceae; g__; s__	0.9999988804965922
07d4c256f25aca0239c2a67766e2fc22	k__Bacteria; p__Cyanobacteria; c__Synechococcophycideae; o__Pseudanabaenales; f__Pseudanabaenaceae; g__Pseudanabaena; s__	0.9999999593983809
8256e3f9395537df6510b3412c6605d8	k__Bacteria; p__Proteobacteria; c__Alphaproteobacteria; o__Rickettsiales; f__mitochondria	0.9999999999999978
5e9e153a84bf10b082a69f3b819aa4a8	k__Bacteria; p__Actinobacteria; c__Actinobacteria; o__Actinomycetales; f__Micrococcaceae; g__Rothia	0.9604553364030481
105744a86e4bcff183f7fd695c7b1e85	k__Bacteria; p__Bacteroidetes; c__Flavobacteriia; o__Flavobacteriales; f__Flavobacteriaceae; g__Capnocytophaga; s__leadbetteri	0.9788534623451096
fa2ce169a48e4ba4618c6fb432d71a49	k__Bacteria; p__Proteobacteria; c__Betaproteobacteria; o__Neisseriales; f__Neisseriaceae; g__Neisseria	0.9981363732767746
c85a44f160627370ab3b727bb08e6394	k__Bacteria; p__Bacteroidetes; c__Bacteroidia; o__Bacteroidales; f__Prevotellaceae; g__Prevotella	0.9537687468437558
df5956b37f037f0eeb5630b856c6075d	k__Bacteria; p__Bacteroidetes; c__Bacteroidia; o__Bacteroidales; f__Prevotellaceae; g__Prevotella	0.9999999268278564
79c411aaf086dc6748edc1a311ecb614	k__Bacteria; p__Firmicutes; c__Clostridia; o__Clostridiales; f__Lachnospiraceae_[XIV]; g__Lachnospiraceae_[G-2]	0.9067345958692776
860e553c381304de50d361edfb6aee2b	k__Bacteria; p__Fusobacteria; c__Fusobacteriia; o__Fusobacteriales; f__Leptotrichiaceae; g__Leptotrichia	0.9982640911753677
2559e8e1c1f0debef972ee865dd32629	k__Bacteria; p__Firmicutes; c__Clostridia; o__Clostridiales; f__Lachnospiraceae_[XIV]; g__Lachnospiraceae_[G-2]; s__sp._oral_taxon_096	0.999772272524363
02bd8dcf6230c3d2c8f408709e91244f	k__Bacteria; p__Proteobacteria; c__Betaproteobacteria; o__Neisseriales; f__Neisseriaceae	0.9999818026948408
9d8c993026cb8a7b060113daebeeecb5	k__Bacteria; p__Cyanobacteria; c__Chloroplast; o__Stramenopiles; f__; g__; s__	0.9999997192226256
66bcb12a334efe16d9c2969b666988b0	k__Bacteria; p__Proteobacteria; c__Alphaproteobacteria; o__Sphingomonadales; f__Sphingomonadaceae; g__Sphingomonas; s__	0.9733353998647245
58855db97c8b15d565bcd916776d9d67	k__Bacteria; p__Firmicutes; c__Clostridia; o__Clostridiales; f__Lachnospiraceae_[XIV]; g__Butyrivibrio; s__sp._oral_taxon_080	0.9814397419581837
017ebeafec5864bf823bd1041f4821cf	k__Bacteria; p__Firmicutes; c__Bacilli; o__Lactobacillales	0.992686690055289
a5a46cc680574be3a8fb9b783bab6469	k__Bacteria	0.9999999996643367
81633db7ea9b07a4b6fe7df5ef61166b	k__Bacteria; p__Firmicutes	0.9999999999996605
13846befc072a912fa4d48c747bcc7d3	k__Bacteria; p__Firmicutes; c__Negativicutes; o__Selenomonadales; f__Veillonellaceae; g__Veillonella	0.9387203185745425
756b574edc42a3c7cd1e6af43ec155ed	k__Bacteria; p__Proteobacteria; c__Gammaproteobacteria; o__Enterobacteriales; f__Enterobacteriaceae	0.9999907618535855
0fce0c614fabaa3e8ec57dccd1be4e15	k__Bacteria; p__Spirochaetes; c__Spirochaetia; o__Spirochaetales; f__Spirochaetaceae; g__Treponema; s__maltophilum	0.9789389921524762
31ab492dd08df86d36e962de1b44fb8f	k__Bacteria; p__Firmicutes; c__Clostridia; o__Clostridiales; f__Clostridiaceae; g__Clostridium; s__xylanovorans	0.985181197057197
ab6beb5a5b930302caf5b597d2121c90	k__Bacteria; p__Firmicutes; c__Negativicutes; o__Selenomonadales; f__Veillonellaceae; g__Selenomonas	0.9996921816632421
baa129638206f1662da41a1551ae311a	k__Bacteria; p__Verrucomicrobia; c__Verrucomicrobiae; o__Verrucomicrobiales; f__Verrucomicrobiaceae; g__; s__	0.9964821155791108
c5169a11645423c7e13942bcd0162919	k__Bacteria; p__Bacteroidetes; c__Bacteroidia; o__Bacteroidales; f__Prevotellaceae; g__Prevotella	0.9999823982060652
74c1aa28bca4fe8baa4d3a103bb82918	k__Bacteria; p__Firmicutes; c__Negativicutes; o__Selenomonadales; f__Veillonellaceae; g__Veillonella	0.9684261983941469
e247ee0ea7a7474290611d8d6f9e4899	k__Bacteria; p__Proteobacteria; c__Betaproteobacteria; o__Methylophilales; f__Methylophilaceae; g__Methylotenera; s__mobilis	0.9979317066209972
83c2bebac19f7376e7af0d359cc1ebb4	k__Bacteria; p__Firmicutes; c__Bacilli; o__Lactobacillales; f__Streptococcaceae; g__Streptococcus; s__mutans	0.9999996458477712
efc2b8c2e20f23788b03a9f4ae3fc2b7	k__Bacteria; p__Bacteroidetes; c__Bacteroidia; o__Bacteroidales; f__Prevotellaceae; g__Prevotella; s__salivae	0.9848587715458381
d5d791dde5bb4453fcbdf3ff974a6fa8	k__Bacteria; p__Bacteroidetes; c__Flavobacteriia; o__Flavobacteriales; f__Flavobacteriaceae; g__Flavobacterium; s__	0.9909602037278903
458d3bb4c7852a165f97dd3fbba39557	k__Bacteria; p__Bacteroidetes; c__Bacteroidia; o__Bacteroidales; f__Prevotellaceae; g__Prevotella	0.9844235312778354
b81d1d12cfaae4fa9e31adfffda30886	k__Bacteria; p__Bacteroidetes; c__Bacteroidia; o__Bacteroidales; f__Rikenellaceae; g__Blvii28; s__	0.9999952716606746
f70c6c2758db5b12460ebd6da8f14ab7	k__Bacteria; p__Firmicutes; c__Clostridia; o__Clostridiales; f__Lachnospiraceae_[XIV]; g__Lachnoanaerobaculum	0.7290668422065033
5f333cbcc64770adcb02b6995f9c7d20	k__Bacteria; p__Bacteroidetes; c__Bacteroidia; o__Bacteroidales; f__Prevotellaceae; g__Prevotella	0.9999995421991281
a03a675133d70af9c4f97ab12e464053	k__Bacteria; p__TM7; c__TM7-3; o__; f__; g__; s__	0.9509066786470773
d4f45287998d2aad47a582865337912d	k__Bacteria; p__Firmicutes; c__Bacilli; o__Bacillales; f__Gemellaceae; g__Gemella	0.70531587019717
8edbcbb610f9889ab6592bc1621d0923	k__Bacteria; p__Bacteroidetes; c__Flavobacteriia; o__Flavobacteriales	0.9999999895644778
2a28a7e8941df47539e005ed49daa252	k__Bacteria	0.9956355274788796
6e2b6e07988b8c0fa1517eee2db81e16	k__Bacteria; p__Bacteroidetes; c__Sphingobacteriia; o__Sphingobacteriales; f__; g__; s__	0.9999960185483693
066a0af225d286c99400e4ae06858844	k__Bacteria; p__Cyanobacteria; c__Chloroplast; o__Chlorophyta; f__Chlamydomonadaceae; g__Oophila; s__amblystomatis	0.9879574375262865
7573137e54b964b2e572e44f85a777ee	k__Bacteria; p__Proteobacteria; c__Alphaproteobacteria; o__Rickettsiales; f__; g__; s__	0.9608127199803301
cdb9f26be75ba4a3c7903c13f5c60079	k__Bacteria	0.9999992674191676
0263524a13d38c5ac161de333f8bc981	k__Bacteria; p__Proteobacteria; c__Betaproteobacteria; o__Burkholderiales; f__Comamonadaceae	0.9939516956828085
bd29b4300168480cb72d1f9662ca4d22	k__Bacteria; p__Firmicutes; c__Clostridia; o__Clostridiales	0.9998084715920854
e7b6a4ca4bce19c1e95c298548db4b89	k__Bacteria; p__Bacteroidetes; c__Bacteroidia; o__Bacteroidales; f__Prevotellaceae; g__Prevotella; s__	0.994919073273335
470b3bba466e10c624913177b0fce87f	k__Bacteria; p__Fusobacteria; c__Fusobacteriia; o__Fusobacteriales; f__Fusobacteriaceae; g__Fusobacterium	0.9725007976596565
fb119022bd71476f9052e36441903382	k__Bacteria; p__Proteobacteria; c__Betaproteobacteria; o__Neisseriales; f__Neisseriaceae; g__; s__	0.9999489201682992
7d61472fc48e8ab928f65051fb6eb5b6	k__Bacteria; p__Fusobacteria; c__Fusobacteriia; o__Fusobacteriales; f__Fusobacteriaceae; g__Fusobacterium	0.8809083953481203
95d7e1d9d6ea84caec81f1f4bd6bec47	k__Bacteria; p__Proteobacteria; c__Betaproteobacteria; o__Neisseriales; f__Neisseriaceae; g__Eikenella	0.7425003330144923
6543e22379e9b200ff814f9fa2e03a49	k__Bacteria; p__Bacteroidetes; c__Bacteroidia; o__Bacteroidales; f__Prevotellaceae	0.9553233872093227
db793e2bbc920a5ecbe9d5a64e2636c6	k__Bacteria; p__Firmicutes; c__Bacilli	0.9999514527767825
4a133f8968f0c2db20fbb49f88ec28a9	k__Bacteria; p__Bacteroidetes; c__Bacteroidia; o__Bacteroidales; f__Porphyromonadaceae; g__Porphyromonas; s__sp._oral_taxon_930	0.9962574173181857
92bdd56349f9a10e3f41f7e1fe64c302	k__Bacteria; p__Spirochaetes; c__Spirochaetia; o__Spirochaetales; f__Spirochaetaceae; g__Treponema	0.9015066194556636
732bcd874f9832de9543f51d65e972ee	k__Bacteria; p__Proteobacteria; c__Betaproteobacteria; o__Burkholderiales; f__Comamonadaceae; g__Rubrivivax; s__	0.8925439912555561
41c1411591108531dd249f4d426cb573	k__Bacteria; p__Bacteroidetes; c__Flavobacteriia; o__Flavobacteriales; f__Flavobacteriaceae; g__Flavobacterium; s__succinicans	0.9919675066304088
4db75b9380c46327af4cdf8d9cb53af7	k__Bacteria; p__Proteobacteria; c__Gammaproteobacteria; o__Alteromonadales; f__OM60; g__; s__	0.860765801129042
715e0436fce43e92b9df3d8aeb1ff1e6	k__Bacteria; p__Bacteroidetes; c__Bacteroidia; o__Bacteroidales; f__Prevotellaceae; g__Prevotella; s__sp._oral_taxon_526	0.999999999928491
1088da4ed90d31b0c55d236d56903f57	k__Bacteria; p__Actinobacteria; c__Actinobacteria; o__Actinomycetales; f__Actinomycetaceae; g__Actinomyces; s__graevenitzii	0.9996537566252763
c309ef4749297fc4b4ecef7748d056b8	k__Bacteria; p__Proteobacteria; c__Gammaproteobacteria; o__Alteromonadales; f__HTCC2188; g__HTCC; s__	0.9999073073793605
365388e0e24726403d4f474bbfb7adae	k__Bacteria; p__Bacteroidetes; c__Cytophagia; o__Cytophagales; f__Flammeovirgaceae; g__; s__	0.9619232646687812
caf46b71475e5e3c79edb834418d36ef	k__Bacteria; p__Proteobacteria; c__Gammaproteobacteria; o__Pasteurellales; f__Pasteurellaceae	0.9670722221479292
0edcca4ed994e66a89089a93afe1c107	k__Bacteria; p__Firmicutes; c__Clostridia; o__Clostridiales; f__Peptostreptococcaceae_[XI]; g__Peptostreptococcaceae_[XI][G-1]	0.9998759094250625
c3ad8e37bb9d24eb8942fabf577d215b	k__Bacteria; p__Bacteroidetes; c__Bacteroidia; o__Bacteroidales; f__Prevotellaceae; g__Prevotella; s__sp._oral_taxon_315	0.9988383641400522
269391bbba424f907a377e96f932f40c	k__Bacteria; p__Bacteroidetes; c__Flavobacteriia; o__Flavobacteriales; f__Flavobacteriaceae; g__Flavobacterium; s__succinicans	0.9610193370040944
c04776557e4894df1707b1d1310b4659	k__Bacteria; p__Proteobacteria; c__Gammaproteobacteria; o__Alteromonadales; f__Alteromonadaceae; g__BD2-13; s__	0.9999998865471647
5ae7e43830ceaf2c1048991eb8accbc7	k__Bacteria; p__Saccharibacteria_(TM7); c__TM7_[C-1]; o__TM7_[O-1]; f__TM7_[F-2]; g__TM7_[G-5]; s__sp._oral_taxon_356	0.9973146539941233
6cf1fa7ffd4508fc013b117229d76616	k__Bacteria; p__Proteobacteria; c__Gammaproteobacteria; o__Pasteurellales; f__Pasteurellaceae	0.9770516916817822
6a53e8ac299d77db9c341c6493d929d6	k__Bacteria; p__Bacteroidetes; c__Bacteroidia; o__Bacteroidales; f__p-2534-18B5; g__; s__	0.999632210987451
3c914a80bd01ef66c695f8c095be7baa	k__Bacteria; p__Firmicutes; c__Erysipelotrichi; o__Erysipelotrichales; f__Erysipelotrichaceae; g__Allobaculum; s__	0.9966293639089436
a05c4ff225d90c7d72e3a2e7e44018cc	k__Bacteria; p__Bacteroidetes; c__Bacteroidia; o__Bacteroidales; f__Prevotellaceae; g__Prevotella; s__tannerae	0.7603526546164922
ffd58beb01d86d6f2bd76ab4b0cd4ed7	k__Bacteria; p__TM6; c__SJA-4; o__; f__; g__; s__	0.9999979590388017
24129df4ebd460f76e7a9e35bb5ebb70	k__Archaea; p__[Parvarchaeota]; c__[Parvarchaea]; o__YLA114; f__; g__; s__	0.9999900313513937
e6e237ed82b0497ca5c02076698fca3c	k__Bacteria; p__Proteobacteria; c__Gammaproteobacteria; o__Vibrionales; f__Pseudoalteromonadaceae; g__Pseudoalteromonas; s__	0.9134996306793658
c0a98f9745d6746bc7dc0a32928aba74	k__Bacteria; p__Proteobacteria	0.7482832631033789
6f78c6ca6012358a86083ca8bf5085f2	k__Bacteria; p__Cyanobacteria; c__Chloroplast; o__Chlorophyta; f__; g__; s__	0.9861833379157195
7565709a863ce5114d3cf5b05df10553	k__Bacteria; p__Proteobacteria; c__Gammaproteobacteria; o__Legionellales; f__Coxiellaceae; g__; s__	0.8034424848595079
2fe85a60b3cc1c5d726b1a72fb477708	k__Bacteria; p__Planctomycetes; c__Planctomycetia; o__Gemmatales; f__Isosphaeraceae; g__; s__	0.99799305037994
bc4abed9934b8b3d3c04b6230a96bc30	k__Bacteria	0.9981182854241095
e975498180e6bd6d54f5ad6e41aa65d3	k__Bacteria; p__Tenericutes; c__Mollicutes; o__RF39; f__; g__; s__	0.9999757247404953
a7eac9a59918e65dd4d4b54cc7b590a1	k__Bacteria; p__Chlamydiae; c__Chlamydiia; o__Chlamydiales; f__; g__; s__	0.9221372951453289
947eac79d7b09dd5e35223f8467c9790	k__Bacteria	0.9861654132013888
6e2bd7973d4071c3c13bce40166c67b9	k__Bacteria; p__Planctomycetes; c__Planctomycetia; o__Gemmatales; f__Isosphaeraceae; g__; s__	0.9904137568629292
ef417aa802064f536f4f47905f7c3715	k__Bacteria; p__Planctomycetes; c__Planctomycetia; o__Planctomycetales; f__Planctomycetaceae; g__Planctomyces; s__	0.9998756384609537
edd57b58713382372fb66d787f41b43f	k__Bacteria; p__Proteobacteria; c__Alphaproteobacteria; o__Sphingomonadales; f__Sphingomonadaceae; g__Sphingobium; s__	0.9968305147511954
a68e36134f980bccb5b30173235d234f	k__Bacteria; p__Planctomycetes; c__Planctomycetia; o__Pirellulales; f__Pirellulaceae; g__; s__	0.9999998593888036
f15137c794949ca5e861c0994020c19e	k__Bacteria; p__Cyanobacteria; c__; o__; f__; g__; s__	0.9832125967728879
1671d2aa1af0dd7256bd13581dab5e68	k__Bacteria; p__TM6; c__SJA-4; o__; f__; g__; s__	0.9999476763440341
124877927b1ea5e2c7675330c1ec01eb	k__Bacteria	0.9996563557678675
7a695ab3c6d6965f5b1988b50042434f	k__Bacteria; p__Proteobacteria; c__Alphaproteobacteria; o__Rhizobiales; f__Aurantimonadaceae; g__Aurantimonas	0.7182297187881066
a85e25bf7afc327a9e77e4c9374ad4fe	k__Bacteria; p__Firmicutes; c__Clostridia; o__Clostridiales; f__Ruminococcaceae; g__Ruminococcus; s__	0.9992900634985926
c9bd8573e05fde10d4f9e3fbe0877cac	k__Bacteria; p__TM6; c__SJA-4; o__; f__; g__; s__	0.9981556277721066
3fcd0778d632b14d76199bae1a53a580	k__Bacteria; p__Planctomycetes; c__Planctomycetia; o__Pirellulales; f__Pirellulaceae; g__; s__	0.9999973238348046
9f74d97221761df8968fa858c56fe240	k__Bacteria; p__Bacteroidetes; c__[Saprospirae]; o__[Saprospirales]; f__Chitinophagaceae; g__Lacibacter; s__cauensis	0.9999958650929068
e960aba10a542a2ac929dd6eb61b35bb	k__Bacteria; p__Bacteroidetes; c__Bacteroidia; o__Bacteroidales; f__Porphyromonadaceae; g__Porphyromonas	0.9999882919223892
11ffb37a2455ac683dbea67204e090a6	k__Bacteria; p__Firmicutes; c__Mollicutes; o__Mycoplasmatales; f__Mycoplasmataceae; g__Mycoplasma; s__salivarium	0.9595627680996415
bf57ac9e41f9574d7ccb31b24291db03	k__Bacteria; p__Proteobacteria; c__Betaproteobacteria; o__Neisseriales; f__Neisseriaceae; g__Neisseria	0.9831118147919335
bae1d0c18d5e5b3a5aa062aca66c3188	k__Bacteria; p__Bacteroidetes; c__Bacteroidia; o__Bacteroidales; f__Prevotellaceae; g__Prevotella	0.9999999436339074
86795d1f441c84554084c19dce57f337	k__Bacteria; p__Proteobacteria; c__Betaproteobacteria; o__Burkholderiales; f__Comamonadaceae; g__Brachymonas; s__denitrificans	0.8257854842454453
c9c81e5e72f2c0362b3963f4b01e80b7	k__Bacteria; p__Bacteroidetes; c__Bacteroidia; o__Bacteroidales; f__Prevotellaceae; g__Prevotella; s__saccharolytica	0.9999997666013899
e279ec64f806bd98369cd26f52460481	k__Bacteria; p__Bacteroidetes; c__Bacteroidia; o__Bacteroidales; f__Prevotellaceae; g__Prevotella; s__nanceiensis	0.9688670632357447
128427a7ba8205e9b263566dc91a5a97	k__Bacteria; p__Verrucomicrobia; c__Opitutae; o__Opitutales; f__Opitutaceae; g__Opitutus; s__	0.9999929075933502
376e932ce6bd11d37b29addfcf73ee03	k__Bacteria; p__Verrucomicrobia; c__[Pedosphaerae]; o__[Pedosphaerales]; f__; g__; s__	0.9328579249163743
4e44911bbcceb8847ae294cbc5707e1a	k__Bacteria; p__Firmicutes; c__Clostridia; o__Clostridiales; f__Lachnospiraceae_[XIV]; g__Stomatobaculum; s__longum	0.8599616065079088
c8140abaa0d62ab8071ac92068ac7adb	k__Bacteria; p__Fusobacteria; c__Fusobacteriia; o__Fusobacteriales; f__Leptotrichiaceae; g__Leptotrichia	0.9999990320806794
2d56d4ce51dcc360fc45116a8bd9d2fb	k__Bacteria; p__Actinobacteria; c__Actinobacteria; o__Actinomycetales; f__Micrococcaceae; g__Rothia; s__	0.8281497273273133
68f6584d634f08ac256328b5b7598279	k__Bacteria; p__Bacteroidetes; c__Bacteroidia; o__Bacteroidales; f__Prevotellaceae; g__Prevotella	0.999994802221654
f79b85c93304b0a51a680b8365bca706	k__Bacteria; p__Bacteroidetes; c__Bacteroidia; o__Bacteroidales; f__Prevotellaceae; g__Alloprevotella; s__sp._oral_taxon_473	0.9998527225231303
d123ea26e51c12823ef63b6872b0dc42	k__Bacteria; p__Proteobacteria; c__Alphaproteobacteria; o__Caulobacterales; f__Caulobacteraceae; g__Arthrospira; s__	0.9977149627605252
a2de90ffae5eaa17300af4c35180fb66	k__Bacteria; p__Proteobacteria; c__Betaproteobacteria; o__Neisseriales; f__Neisseriaceae; g__Kingella; s__oralis	0.9830937199742916
17718dc4b4589f2d87405b79bbaa661c	k__Bacteria; p__Firmicutes; c__Clostridia; o__Clostridiales	0.999876416849732
0c8bb6d9a4043c0fca0ebc4b4accaf17	k__Bacteria; p__Firmicutes; c__Bacilli; o__Lactobacillales	0.9987158865883817
4f1f5ba5bfda32dd4ac87e1761fccdcf	k__Bacteria; p__Firmicutes	0.9999507104169444
2a716d83c81502588464d24eef67c1d7	k__Bacteria; p__Fusobacteria; c__Fusobacteriia; o__Fusobacteriales; f__Leptotrichiaceae; g__Leptotrichia; s__sp._oral_taxon_215	0.7633697438576336
b95161da296ee8755be3c5d63cf28237	k__Bacteria; p__Spirochaetes; c__Spirochaetes; o__Spirochaetales; f__Spirochaetaceae; g__Spirochaeta; s__aurantia	0.9999999999998863
cf8ce6a501ee45c46195bb03e15daaaf	k__Bacteria; p__Proteobacteria; c__Gammaproteobacteria; o__Pasteurellales; f__Pasteurellaceae; g__Aggregatibacter	0.8602973763493895
d117c68a8bf3865bd9b66a9a59ebdbce	k__Bacteria; p__Firmicutes; c__Negativicutes; o__Selenomonadales; f__Veillonellaceae; g__Selenomonas	0.9829082566076658
febfba159b79a9ee52724ab47102c9f7	k__Bacteria; p__Firmicutes; c__Bacilli; o__Lactobacillales; f__Streptococcaceae; g__Streptococcus	0.9999669783987184
af37bffb61c260dd98aac75e03e9e9a1	k__Bacteria	0.9999997400697591
d940af2732dd780fbf4a7199691e4eb3	k__Bacteria; p__Proteobacteria; c__Deltaproteobacteria; o__Desulfobacterales; f__Desulfobulbaceae; g__Desulfobulbus; s__sp._oral_taxon_041	0.8795462983627166
0ef72295c75d575721512412face4c5d	k__Bacteria; p__Bacteroidetes; c__Bacteroidetes_[C-1]; o__Bacteroidetes_[O-1]; f__Bacteroidetes_[F-1]; g__Bacteroidetes_[G-3]; s__sp._oral_taxon_281	0.8621191599338485
f5a7f48a24c86c007fe1632c85f49967	k__Bacteria; p__Actinobacteria; c__Actinobacteria; o__Actinomycetales; f__Micrococcaceae; g__Rothia; s__	0.8960785010676571
9475dc8ec0be485d3e3ea381c0354285	k__Bacteria; p__Firmicutes; c__Bacilli; o__Bacillales	0.9721094631123532
3afceabc963b7ad5685a2f44b0b63b95	k__Bacteria; p__TM7; c__TM7-3; o__CW040; f__; g__; s__	0.9979574542663624
5107f18aedd34882ab64212a23dc3a75	k__Bacteria; p__Bacteroidetes; c__Bacteroidia; o__Bacteroidales; f__Prevotellaceae; g__Prevotella	0.9993246137959712
e44b8ba35728d1376baec73bac62d91e	k__Bacteria; p__Firmicutes; c__Bacilli; o__Lactobacillales; f__Streptococcaceae; g__Streptococcus	0.9999342853776931
4d4ef3d7dcce00e09c868ecf4dd1dfb1	k__Bacteria; p__Firmicutes; c__Clostridia; o__Clostridiales; f__Lachnospiraceae_[XIV]; g__Butyrivibrio; s__sp._oral_taxon_455	0.928399793563781
f1eb12a365ba4072d4721ab21055df3b	k__Bacteria; p__Planctomycetes; c__Planctomycetia; o__Pirellulales; f__Pirellulaceae; g__; s__	0.9999952919118003
f6a636758bdfcaa0a8b2afdc2e9aa23d	k__Bacteria; p__Firmicutes; c__Clostridia; o__Clostridiales; f__Lachnospiraceae; g__; s__	0.8363767213268424
e81ad263f3bfa50a2110216b543df9be	k__Bacteria; p__Firmicutes	0.9999999999973711
a9bfc50920f7764749b3c01e47f99b60	k__Bacteria; p__Bacteroidetes; c__Bacteroidia; o__Bacteroidales; f__Prevotellaceae; g__Prevotella; s__oralis	0.9999910326705403
9bf72982bac3dfb2cd3aa617900f72e0	k__Bacteria; p__Fusobacteria; c__Fusobacteriia; o__Fusobacteriales; f__Fusobacteriaceae; g__Fusobacterium	0.9628799131863854
56565be7d90d669f284b082f5ad2f5da	k__Bacteria; p__Firmicutes; c__Bacilli; o__Lactobacillales; f__Streptococcaceae; g__Streptococcus	0.9843530961068112
8d702aeaa5ba03cef81e6a22f9ba5e17	k__Bacteria; p__Bacteroidetes; c__Bacteroidia; o__Bacteroidales; f__Prevotellaceae; g__Alloprevotella; s__sp._oral_taxon_912	0.8058786055815343
d9cf9b39ca1b460989bf8e929b2d60cf	k__Bacteria; p__Firmicutes; c__Clostridia; o__Clostridiales; f__Peptostreptococcaceae_[XI]; g__Peptostreptococcaceae_[XI][G-9]; s__[Eubacterium]_brachy	0.9999994438572753
4eae319e3663dea08db566bfe2b459e9	k__Bacteria; p__Firmicutes; c__Bacilli; o__Lactobacillales; f__Aerococcaceae; g__Abiotrophia; s__defectiva	0.9902681599686115
84634b150a7ed8fb8987b835fdb3b4cf	k__Bacteria; p__Firmicutes; c__Negativicutes; o__Selenomonadales; f__Veillonellaceae; g__Veillonella	0.9726398529077829
fb9ff5b95e2b21f978305f31bcfd0a11	k__Bacteria; p__Firmicutes; c__Bacilli; o__Lactobacillales; f__Streptococcaceae; g__Streptococcus	0.9999972886676958
572f3397e3f87a2c177eb1f35acb0e2e	k__Bacteria; p__Firmicutes; c__Clostridia; o__Clostridiales; f__Lachnospiraceae_[XIV]; g__Stomatobaculum; s__longum	0.8630102437743951
001952082c0a926ee5b87b48870ccca3	k__Bacteria; p__Bacteroidetes; c__Bacteroidia; o__Bacteroidales; f__Bacteroidales_[F-2]; g__Bacteroidales_[G-2]; s__sp._oral_taxon_274	0.9999996619156523
17a4e91f65a6ed2fe8eca8fda6e88bde	k__Bacteria; p__Firmicutes; c__Clostridia; o__Clostridiales; f__Ruminococcaceae; g__Ruminococcaceae_[G-2]; s__sp._oral_taxon_085	0.9998314162925036
ec85f3ba295865f2f0274fad5c0c94f1	k__Bacteria; p__Firmicutes; c__Clostridia; o__Clostridiales	0.9787754466508296
4329438d7aad3f8887feac16a90fbf5e	k__Bacteria	1.0000000000000033
88c1977f4a81a01797190fd7171f3541	k__Bacteria; p__Firmicutes; c__Clostridia; o__Clostridiales; f__; g__; s__	0.9995780639669484
4ac61a4787cf73aac708870ead519ed6	k__Bacteria; p__Fusobacteria	0.9999999999999967
e12cbf6c2a5aa14c05703af07df4035c	k__Bacteria; p__Bacteroidetes; c__Bacteroidia; o__Bacteroidales; f__Prevotellaceae; g__Prevotella; s__salivae	0.9997829820168718
157a69da8c080c5eb3fd9ccbbbe16686	k__Bacteria; p__Bacteroidetes; c__Bacteroidia; o__Bacteroidales; f__Prevotellaceae; g__Alloprevotella; s__sp._oral_taxon_473	0.9995606840068512
105e583746083613ff404e3cdc4d91e1	k__Bacteria; p__Firmicutes; c__Clostridia; o__Clostridiales	0.9960450458420803
1c430c3f54f34dd712b59d65d96dfb9f	k__Bacteria; p__Bacteroidetes; c__Bacteroidia; o__Bacteroidales; f__Prevotellaceae; g__Prevotella; s__pleuritidis	0.9999997771900944
d6096267a43ba6a8eea90e09ff87b33c	k__Bacteria; p__Cyanobacteria; c__Synechococcophycideae; o__Pseudanabaenales; f__Pseudanabaenaceae; g__Arthronema; s__	0.9961924037506684
d2842f9cf55947b7ff05cfab9c22db2a	k__Bacteria; p__Firmicutes; c__Negativicutes; o__Selenomonadales; f__Veillonellaceae; g__Veillonellaceae_[G-1]	0.9366384792558241
792dd23e3fbc0bd47c5aedfd8b034623	k__Bacteria; p__Proteobacteria; c__Alphaproteobacteria; o__Rickettsiales; f__mitochondria; g__; s__	0.9109855028449904
ab3a6cd74daace563899d47a80369061	k__Bacteria; p__Armatimonadetes; c__[Fimbriimonadia]; o__[Fimbriimonadales]; f__[Fimbriimonadaceae]; g__Fimbriimonas; s__	0.9802672484151885
db808967370646be5f4503ecce86df10	k__Bacteria; p__Bacteroidetes; c__Cytophagia; o__Cytophagales	0.9857462531128933
c63fda049dfb4491bf669454987e4534	k__Bacteria; p__Tenericutes; c__Mollicutes; o__RF39; f__; g__; s__	0.9999968367289833
1c8f9d2614e1c3f8e4d0d5a0515acf42	k__Bacteria; p__Firmicutes; c__Negativicutes; o__Selenomonadales; f__Veillonellaceae; g__Selenomonas; s__artemidis	0.7849336820926851
cd24e6f378482af1a39f975c4b4f8059	k__Bacteria; p__Proteobacteria; c__Alphaproteobacteria; o__Caulobacterales; f__Caulobacteraceae; g__Mycoplana; s__	0.9995905515030862
0986ca53300b9f2aa4e8fcf3d0a6a2d7	k__Bacteria; p__Proteobacteria; c__Alphaproteobacteria; o__Rhodobacterales; f__Rhodobacteraceae	0.9999637404764644
0d58fb22c86cf3710f4484d3259441ad	k__Bacteria; p__Fusobacteria; c__Fusobacteriia; o__Fusobacteriales; f__Fusobacteriaceae; g__Fusobacterium	0.9773053232142218
13147975ffc520c6845e29a31808866d	k__Bacteria; p__Bacteroidetes; c__Cytophagia; o__Cytophagales; f__Cytophagaceae; g__Emticicia; s__	0.9999999999999858
b75aeb6f8e786769ad0aadba1b61d550	k__Bacteria; p__Bacteroidetes; c__Bacteroidia; o__Bacteroidales; f__Prevotellaceae; g__Prevotella; s__pleuritidis	0.9998828424844435
2738b61e0ab06180a50c404f4c6387e6	k__Bacteria; p__Synergistetes; c__Synergistia; o__Synergistales; f__Dethiosulfovibrionaceae; g__Pyramidobacter; s__piscolens	0.9999999999988063
34bcac7ef5fde3f09eb6b85416e5902d	k__Bacteria; p__Bacteroidetes; c__Bacteroidia; o__Bacteroidales; f__Prevotellaceae; g__Prevotella	0.9999998267579533
2c06f0bf96621902c477d76ce5d408ad	k__Bacteria; p__Bacteroidetes; c__Bacteroidia; o__Bacteroidales; f__Prevotellaceae; g__Prevotella	0.9996108413737498
eaf32707ccd0c3c397e4d2df4459eb7d	k__Bacteria; p__Bacteroidetes; c__Bacteroidia; o__Bacteroidales; f__Prevotellaceae; g__Prevotella; s__pleuritidis	0.9999998949629314
390ac8cbea113121f1ed8cf4be0326bc	k__Bacteria; p__Proteobacteria; c__Betaproteobacteria; o__Burkholderiales; f__Comamonadaceae	0.9537694018830675
be60ab007733d76a856224bad22d6678	k__Bacteria; p__Bacteroidetes; c__Flavobacteriia; o__Flavobacteriales; f__Flavobacteriaceae; g__Capnocytophaga; s__	0.9999640215296994
e3c123c29dce93b76b32affdc04de9db	k__Bacteria; p__Firmicutes; c__Bacilli; o__Bacillales	0.8605848904973686
37c9dcdbea4a9d4e553f4dd698155131	k__Bacteria; p__Proteobacteria; c__Gammaproteobacteria; o__Cardiobacteriales; f__Cardiobacteriaceae; g__Cardiobacterium; s__	0.7666465317411858
3a1ce386d7dc9df48adac9f97ad99f7d	k__Bacteria; p__Bacteroidetes; c__Bacteroidia; o__Bacteroidales; f__Prevotellaceae; g__Prevotella; s__pallens	0.9560241434619701
2461411ce2bdb89e1849f25549ce8a9a	k__Bacteria; p__Actinobacteria; c__Actinobacteria; o__Actinomycetales; f__Actinomycetaceae; g__Actinomyces	0.9999614597178441
3cbd1a9df317e77fe014178391c25083	k__Bacteria; p__Proteobacteria; c__Gammaproteobacteria; o__Pasteurellales; f__Pasteurellaceae; g__Haemophilus	0.9020540729925002
be070e59dc701b018c0ad8734fb34c29	k__Bacteria; p__Firmicutes	0.7191458015129091
d277c515888f7326c7b660e6d254b272	k__Bacteria; p__Actinobacteria; c__Actinobacteria; o__Actinomycetales; f__Micrococcaceae; g__Rothia; s__	0.9131625442696435
e58b6b4bde71d76dabff7dc1f0fa96e2	k__Bacteria; p__Firmicutes; c__Clostridia; o__Clostridiales; f__Ruminococcaceae; g__Ruminococcaceae_[G-1]; s__sp._oral_taxon_075	0.9999997235484086
d2763f85086ec34265238c92081e42de	k__Bacteria; p__Actinobacteria; c__Actinobacteria; o__Actinomycetales; f__Micrococcaceae; g__Rothia; s__	0.9622758416421296
631f72adb6e5af8b6d1898760f6416d0	k__Bacteria; p__Bacteroidetes; c__Bacteroidia; o__Bacteroidales; f__Prevotellaceae; g__Alloprevotella; s__sp._oral_taxon_473	0.9999988512423162
50f34cc96413cc8c8e27b6556bfbc110	k__Bacteria; p__Firmicutes; c__Clostridia; o__Clostridiales; f__Lachnospiraceae_[XIV]; g__Stomatobaculum; s__sp._oral_taxon_097	0.9999374836566882
ff507742dbc8b41160fb85854128fd6c	k__Bacteria; p__Firmicutes; c__Bacilli; o__Lactobacillales; f__Streptococcaceae; g__Streptococcus	0.9998911778627678
6a16c03f4fe3113f7e9b1edd356b2cc8	k__Bacteria; p__Firmicutes; c__Bacilli; o__Lactobacillales	0.9944432676841517
20c72bfe9f88d04201cb5bfebd4c48bb	k__Bacteria; p__Firmicutes; c__Clostridia; o__Clostridiales; f__Ruminococcaceae; g__Ruminococcaceae_[G-1]; s__sp._oral_taxon_075	0.8421670964131932
3efa8bd02c496da689db804b496660a9	k__Bacteria; p__Firmicutes; c__Clostridia; o__Clostridiales	0.9999991598988954
394b7109b5775279c84a812aa96c4598	k__Bacteria; p__Spirochaetes; c__Spirochaetia; o__Spirochaetales; f__Spirochaetaceae; g__Treponema; s__lecithinolyticum	0.9997640802700832
631dadf5e06e1036c6d9b29ecbac01b0	k__Bacteria; p__Proteobacteria; c__Gammaproteobacteria; o__Pasteurellales; f__Pasteurellaceae; g__Haemophilus	0.9347881200632089
f09de6ab43feb5443f27c26508051adf	k__Bacteria	1.0000000000000033
44a24a020eeafc2c254527720548aa2a	k__Bacteria; p__Spirochaetes; c__Spirochaetia; o__Spirochaetales; f__Spirochaetaceae; g__Treponema; s__sp._oral_taxon_268	0.7675340289994576
b99238db9c311708d101639902367def	k__Bacteria; p__Gracilibacteria_(GN02); c__GN02_[C-1]; o__GN02_[O-1]; f__GN02_[F-1]; g__GN02_[G-1]; s__sp._oral_taxon_872	0.999997531584418
9a9f616c3fb3dd8f340315c5532237ce	k__Bacteria; p__Firmicutes; c__Clostridia; o__Clostridiales; f__[Tissierellaceae]; g__Anaerococcus; s__	0.7205000061489775
67c70d8537167fb7a1cf54bc33038b04	k__Bacteria; p__Firmicutes; c__Clostridia; o__Clostridiales; f__Ruminococcaceae; g__Ruminococcus; s__	0.8844407145351717
dc0f147be671783023c6517f3cb4579b	k__Bacteria; p__Bacteroidetes; c__Bacteroidia; o__Bacteroidales; f__Prevotellaceae; g__Alloprevotella	0.9993905109674286
abff2f83e26af7ea01f38391f5546e6c	k__Bacteria; p__Fusobacteria; c__Fusobacteriia; o__Fusobacteriales; f__Fusobacteriaceae; g__Fusobacterium	0.8892859340236695
6bdaa9ffb622e448f9e8baf186db7f54	k__Bacteria; p__Firmicutes; c__Bacilli; o__Lactobacillales; f__Streptococcaceae; g__Streptococcus	0.9712557932992896
e0565e50b81461fd4029fac9536fb657	k__Bacteria; p__Bacteroidetes; c__Bacteroidia; o__Bacteroidales; f__Prevotellaceae; g__Prevotella	0.9968434071276303
519918a0a96925253048940702e9af40	k__Bacteria; p__Bacteroidetes; c__Bacteroidetes_[C-1]; o__Bacteroidetes_[O-1]; f__Bacteroidetes_[F-1]; g__Bacteroidetes_[G-3]; s__sp._oral_taxon_280	0.9999999960957666
eafb747b37ef899dda6d7b733f1ce218	k__Bacteria; p__Spirochaetes; c__Spirochaetia; o__Spirochaetales; f__Spirochaetaceae; g__Treponema; s__pectinovorum	0.9999999976584348
c90fa26c1ad353a3bb7553fedbbf3ccf	k__Bacteria; p__Actinobacteria; c__Actinobacteria; o__Actinomycetales; f__Corynebacteriaceae; g__Corynebacterium; s__matruchotii	0.8173927762341769
b8ed79f67f0a5c2397be80b91c613334	k__Bacteria; p__Firmicutes; c__Bacilli; o__Bacillales	0.999290808565842
dfd18a8c33ece0890716d6247b1047d4	k__Bacteria; p__Gracilibacteria_(GN02); c__GN02_[C-1]; o__GN02_[O-1]; f__GN02_[F-1]; g__GN02_[G-1]; s__sp._oral_taxon_872	0.9999933422368569
d748d225dd890c6bbe4bf0029872d8e2	k__Bacteria; p__Firmicutes; c__Clostridia; o__Clostridiales; f__Lachnospiraceae_[XIV]; g__Lachnoanaerobaculum; s__umeaense	0.9383499010305898
5a5d1cec85cfe217ff7674352e2389e9	k__Bacteria; p__Bacteroidetes; c__Bacteroidia; o__Bacteroidales; f__Prevotellaceae; g__Alloprevotella; s__sp._oral_taxon_473	0.9999935094835196
1c3a07d492cec7a1b5cddafbdf820f93	k__Bacteria; p__Firmicutes; c__Clostridia; o__Clostridiales; f__Lachnospiraceae_[XIV]; g__Lachnoanaerobaculum; s__umeaense	0.9927881988786202
4718ab5a812ff3e977b3d2732cb0559a	k__Bacteria; p__Firmicutes; c__Negativicutes; o__Selenomonadales; f__Veillonellaceae; g__Veillonella; s__rogosae	0.9374910258692349
5345db4ba6ed9159e3bb3e4ec2f7736d	k__Bacteria; p__Firmicutes; c__Clostridia; o__Clostridiales	0.9987445574318062
f1d47f9d8964859229d894eb31437f7a	k__Bacteria; p__Proteobacteria; c__Gammaproteobacteria; o__Pasteurellales; f__Pasteurellaceae; g__Haemophilus	0.9281528574072669
2fe03e781839d07154c4034135c10d50	k__Bacteria; p__Firmicutes; c__Clostridia; o__Clostridiales	0.9998076410341242
5611585bef73b4fa279ad900a23e9850	k__Bacteria; p__Firmicutes; c__Bacilli; o__Bacillales; f__Staphylococcaceae; g__Staphylococcus; s__epidermidis	0.7309743383561272
c6f500edf42a92f677f3c53f8ca20577	k__Bacteria; p__Firmicutes; c__Bacilli; o__Lactobacillales; f__Streptococcaceae; g__Streptococcus	0.9999995570834357
ceed7dd21b29eac0e1539ae72553f8ab	k__Bacteria; p__Firmicutes; c__Negativicutes; o__Selenomonadales; f__Veillonellaceae; g__Selenomonas; s__artemidis	0.9201662630537204
d9d01798d144b07581f34dd607a8c8a9	k__Bacteria; p__Bacteroidetes; c__Bacteroidia; o__Bacteroidales; f__Porphyromonadaceae; g__Porphyromonas	0.9999408105028762
d519ce5a7424c8aeb1ad74395c8e520d	k__Bacteria; p__Actinobacteria; c__Actinobacteria; o__Actinomycetales; f__Actinomycetaceae; g__Actinomyces; s__sp._oral_taxon_448	0.9472828944829836
3b53a74f1e1d2ff35b78329ff930355a	k__Bacteria; p__Firmicutes; c__Bacilli; o__Lactobacillales; f__Streptococcaceae; g__Streptococcus	0.9999999134337498
fda897c2b45a8ccc3174d882896c41bc	k__Bacteria; p__Bacteroidetes; c__Bacteroidia; o__Bacteroidales; f__Prevotellaceae; g__Prevotella	0.9999805362773048
5addda0e08e9734010e21070b2e35dbd	k__Bacteria; p__Bacteroidetes; c__Bacteroidia; o__Bacteroidales; f__Bacteroidales_[F-2]; g__Bacteroidales_[G-2]; s__sp._oral_taxon_274	0.9999989008193141
3eaea9534056068ddce40cb1952442c5	k__Bacteria; p__Firmicutes; c__Clostridia; o__Clostridiales; f__Lachnospiraceae_[XIV]; g__Oribacterium; s__parvum	0.9627129752505857
9601a37ebd233822d68fa197fa515228	k__Bacteria; p__Actinobacteria; c__Actinobacteria; o__Actinomycetales; f__Actinomycetaceae; g__Mobiluncus	0.9879263133540547
7c7fb5e6d789bcfe2b5679aba8db2ece	k__Bacteria; p__Actinobacteria; c__Actinobacteria; o__Actinomycetales; f__Actinomycetaceae; g__Actinomyces	0.9719752701624773
03df1de17346b84587ea5559c56d36da	k__Bacteria; p__Firmicutes; c__Clostridia; o__Clostridiales; f__Lachnospiraceae_[XIV]; g__Lachnoanaerobaculum; s__umeaense	0.9458678988701468
e4791b49a3d0793e51c2ece1eedd4d0b	k__Bacteria; p__Spirochaetes	0.9999999999673803
4c252f417bef53165456f15a9d0b2f79	k__Bacteria; p__Fusobacteria; c__Fusobacteriia; o__Fusobacteriales; f__Leptotrichiaceae; g__Leptotrichia; s__sp._oral_taxon_215	0.8911405661994495
11121e600f244e74a3913483c6731d44	k__Bacteria; p__Fusobacteria; c__Fusobacteriia; o__Fusobacteriales; f__Fusobacteriaceae; g__Fusobacterium	0.8122380046971565
1bdb32fa7fe1e00c98d051d10560a9bd	k__Bacteria; p__Firmicutes; c__Clostridia; o__Clostridiales	0.9999385630809874
675026b10ed9e4398d94ec9ff8eba169	k__Bacteria; p__Bacteroidetes; c__Bacteroidia; o__Bacteroidales; f__Prevotellaceae; g__Alloprevotella; s__sp._oral_taxon_473	0.9991938493854654
3997c906cd0ee58511ff4da8fc44cc4c	k__Bacteria; p__Bacteroidetes; c__Bacteroidia; o__Bacteroidales; f__Prevotellaceae; g__Prevotella	0.9996759480791372
edb23995dbf29627954be028d3235445	k__Bacteria; p__Fusobacteria; c__Fusobacteriia; o__Fusobacteriales; f__Fusobacteriaceae; g__Fusobacterium	0.9925784515803273
340b068a36b1afc9f45ea38b98ca7d0c	k__Bacteria; p__Fusobacteria; c__Fusobacteriia; o__Fusobacteriales; f__Leptotrichiaceae; g__Leptotrichia; s__sp._oral_taxon_221	0.9999977799729352
996291475b78581914ab26906f24a973	k__Bacteria; p__Firmicutes; c__Clostridia; o__Clostridiales	0.9999570317379136
af520075f7a10112372dac0f3bf12f74	k__Bacteria; p__Actinobacteria; c__Actinobacteria; o__Actinomycetales; f__Actinomycetaceae; g__Mobiluncus	0.9999861684047797
cfb7ccb5573eed1eaed456bc118fdb63	k__Bacteria; p__Firmicutes; c__Bacilli; o__Lactobacillales; f__Streptococcaceae; g__Streptococcus	0.9760312961696739
f648aafd4cf0c85658da748e694a2261	k__Bacteria; p__Actinobacteria; c__Actinobacteria; o__Actinomycetales; f__Actinomycetaceae; g__Actinomyces	0.9999856918705489
e29c04a7cc60acccd137429b4736fb1a	k__Bacteria; p__Fusobacteria; c__Fusobacteriia; o__Fusobacteriales; f__Leptotrichiaceae; g__Leptotrichia; s__sp._oral_taxon_417	0.7811075305166927
610e9df9d7a7c7bcde5395720ff82102	k__Bacteria; p__Bacteroidetes; c__Bacteroidia; o__Bacteroidales; f__Prevotellaceae; g__Alloprevotella; s__sp._oral_taxon_914	0.8654668363839544
eb1a3463dae7557a3c1c0522d3175a24	k__Bacteria; p__Firmicutes; c__Clostridia; o__Clostridiales; f__Clostridiales_[F-1]; g__Clostridiales_[F-1][G-1]; s__sp._oral_taxon_093	0.9999999999980531
3ef89fc0278f46730986254b2d08b74e	k__Bacteria; p__Firmicutes; c__Negativicutes; o__Selenomonadales; f__Veillonellaceae; g__Veillonella	0.9797629834375059
a82445e8afd528818b942703237d4b7d	k__Bacteria; p__Fusobacteria; c__Fusobacteriia; o__Fusobacteriales; f__Leptotrichiaceae; g__Leptotrichia; s__sp._oral_taxon_221	0.9998349027506432
02ffee6cb3b19a6b38fff17aa82b74f0	k__Bacteria; p__Proteobacteria; c__Epsilonproteobacteria; o__Campylobacterales; f__Campylobacteraceae; g__Campylobacter	0.9999999999461712
6773c66189ccfe340296f4bc04cc2c7e	k__Bacteria; p__Fusobacteria; c__Fusobacteriia; o__Fusobacteriales; f__Fusobacteriaceae; g__Fusobacterium	0.8197695690133058
75b662acf0ecb54fe8a2d211dba3fe42	k__Bacteria; p__Firmicutes; c__Bacilli; o__Lactobacillales; f__Streptococcaceae; g__Streptococcus	0.9999979650386974
80bc1981d376c38168b06dc0fbd989b6	k__Bacteria; p__Firmicutes; c__Bacilli	0.999993480951311
e9f13306e2067583073f78b8dbf7dee8	k__Bacteria; p__Proteobacteria; c__Betaproteobacteria; o__Neisseriales; f__Neisseriaceae; g__Neisseria	0.9961222461991653
dfab71edf8206fc15b76b2ee77d1f913	k__Bacteria; p__Firmicutes; c__Clostridia; o__Clostridiales; f__Peptostreptococcaceae_[XI]; g__Peptostreptococcaceae_[XI][G-7]	0.9999995187909152
e4927517386df75e891b90ebf3ced4ea	k__Bacteria; p__Firmicutes; c__Bacilli; o__Lactobacillales; f__Aerococcaceae; g__Abiotrophia; s__defectiva	0.9186384088412457
5011d73a86bc7209618ccb737d31f55e	k__Bacteria; p__Firmicutes	0.81277765868575
9a3680d7cb7b62803dd1441fbd8664e3	k__Bacteria; p__Bacteroidetes; c__Bacteroidia; o__Bacteroidales; f__Prevotellaceae; g__Prevotella; s__sp._oral_taxon_309	0.8305173731226592
6dc792446f2c5e96fd3681a703f3573c	k__Bacteria; p__Bacteroidetes; c__Bacteroidia; o__Bacteroidales; f__Prevotellaceae; g__Prevotella; s__pallens	0.7835685915096747
40ed6849ffd337d82d8c67e6ee34dcfd	k__Bacteria; p__Bacteroidetes; c__Flavobacteriia; o__Flavobacteriales; f__Flavobacteriaceae; g__Capnocytophaga	0.9999997720991746
fb996c4d33e96e0557c5fa1a35644d54	k__Bacteria; p__Firmicutes; c__Clostridia; o__Clostridiales; f__Lachnospiraceae_[XIV]; g__Lachnoanaerobaculum; s__umeaense	0.9943721994469352
a5c00bec3223d521d9e8ddd594de63e1	k__Bacteria; p__Proteobacteria; c__Betaproteobacteria; o__Neisseriales; f__Neisseriaceae; g__Neisseria	0.9982761160065552
d3b1194929ce460a0b5b7771dd66a8c0	k__Bacteria; p__Actinobacteria; c__Actinobacteria; o__Corynebacteriales; f__Corynebacteriaceae; g__Corynebacterium; s__matruchotii	0.8422808394545761
43458dfecfc8987ef0725050982bdd15	k__Bacteria; p__Bacteroidetes; c__Bacteroidia; o__Bacteroidales; f__Prevotellaceae	0.8514602637405839
6cb8061978204806a77a1775bb60336a	k__Bacteria; p__Proteobacteria; c__Gammaproteobacteria; o__Pasteurellales; f__Pasteurellaceae; g__Haemophilus	0.8738773740634221
85ddce961a6b92656fab79666788c934	k__Bacteria; p__Fusobacteria; c__Fusobacteriia; o__Fusobacteriales; f__Leptotrichiaceae; g__Leptotrichia; s__sp._oral_taxon_212	0.7668999386945899
acec893e4c93282f0bf290bd1962fd3c	k__Bacteria; p__Fusobacteria; c__Fusobacteriia; o__Fusobacteriales	0.8055764694338347
1761d69c1b3be08498971f8e2b05d25d	k__Bacteria; p__Proteobacteria; c__Betaproteobacteria; o__Neisseriales; f__Neisseriaceae; g__Neisseria	0.9996942742891415
dbc22575adf00111b6a35970092d09ed	k__Bacteria; p__Fusobacteria; c__Fusobacteriia; o__Fusobacteriales; f__Fusobacteriaceae; g__Fusobacterium	0.9110663556322095
cb899deb5b3f31e1ea0f1683d33b4bd2	k__Bacteria	0.9999999970283536
53efd76dce212f0821f823b9be820517	k__Bacteria; p__Fusobacteria; c__Fusobacteriia; o__Fusobacteriales; f__Fusobacteriaceae; g__Fusobacterium	0.8187289637517352
411d402b2bf4bd9bcc3209347cd09faf	k__Bacteria; p__Actinobacteria; c__Actinobacteria; o__Actinomycetales; f__Actinomycetaceae; g__Actinomyces	0.9999998268628476
eca159ad8b850469486ae60e300dafa2	k__Bacteria; p__Bacteroidetes; c__Bacteroidia; o__Bacteroidales; f__Prevotellaceae; g__Prevotella	0.999997749691021
5ba74417ad241d4303606bc5e077fced	k__Bacteria; p__Firmicutes; c__Clostridia; o__Clostridiales; f__Peptostreptococcaceae_[XI]; g__Filifactor; s__alocis	0.7234739330572044
a8566d9a1b0a944b65e6b631d212f9e1	k__Bacteria; p__Firmicutes; c__Clostridia; o__Clostridiales	0.9999999958596744
7f39ecb04cc10c1cdb1118bbf261fb23	k__Bacteria; p__Bacteroidetes; c__Bacteroidia; o__Bacteroidales; f__Prevotellaceae; g__Alloprevotella; s__sp._oral_taxon_914	0.8637556854692502
c9d36862d96f9cffd11251b16ed8680a	k__Bacteria; p__Fusobacteria; c__Fusobacteriia; o__Fusobacteriales; f__Fusobacteriaceae; g__Fusobacterium	0.9717161337898735
5472c7067702d33d6465c110310bee4d	k__Bacteria; p__Bacteroidetes; c__Bacteroidia; o__Bacteroidales; f__Prevotellaceae; g__Prevotella	0.9999888608904045
a39d8b6d2e9934468e7afe774693075a	k__Bacteria	0.999999999999718
15bd60ebd25d2a138faf94d18ec9c23e	k__Bacteria; p__Proteobacteria; c__Gammaproteobacteria; o__Pasteurellales; f__Pasteurellaceae; g__Haemophilus	0.9297563544939963
ab92d7788d27bed1f170fb5fa57ca8f0	k__Bacteria; p__Actinobacteria	0.999998662677998
6c8480688d3b86c80744237838b019f8	k__Bacteria; p__Firmicutes; c__Clostridia; o__Clostridiales; f__; g__; s__	0.7283008062598896
d2fe2a652afa1d1408d7cd2b012f96c1	k__Bacteria; p__Fusobacteria; c__Fusobacteriia; o__Fusobacteriales; f__Leptotrichiaceae; g__Leptotrichia	0.9999995151005118
d0965a68a7185c61c1e4691091fa82e7	k__Bacteria; p__Proteobacteria; c__Betaproteobacteria; o__Neisseriales; f__Neisseriaceae; g__Neisseria	0.9981567687749009
6596622cb89ea924737872a8dea88114	k__Bacteria; p__Bacteroidetes; c__Bacteroidia; o__Bacteroidales; f__Prevotellaceae; g__Prevotella; s__salivae	0.998430706848636
e19f93a54d90a4118d1a50ddf202eb63	k__Bacteria; p__Bacteroidetes; c__Flavobacteriia; o__Flavobacteriales; f__Flavobacteriaceae; g__Capnocytophaga; s__sp._oral_taxon_338	0.999842644816446
78d3b8c547b4e548d729d8c97ce10053	k__Bacteria; p__Firmicutes; c__Clostridia; o__Clostridiales	0.9986827441491835
b7ee1332916b2a42400ff1ad89e772e1	k__Bacteria; p__Firmicutes; c__Clostridia; o__Clostridiales; f__Lachnospiraceae_[XIV]; g__Butyrivibrio; s__sp._oral_taxon_455	0.9966047062594343
d4d9b2d269381b31f695a7b02b128b40	k__Bacteria; p__Proteobacteria; c__Betaproteobacteria; o__Neisseriales; f__Neisseriaceae	0.9994872668577868
1b0567aacaa92330e4eed7935b0b78d2	k__Bacteria; p__Bacteroidetes; c__Bacteroidetes_[C-1]; o__Bacteroidetes_[O-1]; f__Bacteroidetes_[F-1]; g__Bacteroidetes_[G-3]; s__sp._oral_taxon_365	0.9814651788504827
dc1330c75b18619d89e88fd9cd888886	k__Bacteria; p__Saccharibacteria_(TM7); c__TM7_[C-1]; o__TM7_[O-1]; f__TM7_[F-1]; g__TM7_[G-3]; s__sp._oral_taxon_351	0.9272954381184352
c28bbed0e817b0578a2addd47e0d3259	k__Bacteria; p__Bacteroidetes; c__Bacteroidia; o__Bacteroidales	0.9999999999999026
04947059472df6d5b739ac229a2f982e	k__Bacteria; p__Firmicutes; c__Bacilli; o__Lactobacillales; f__Streptococcaceae; g__Streptococcus	0.9985988308678997
62b54db0187b0d692b38db9a9013fb01	k__Bacteria; p__Proteobacteria; c__Gammaproteobacteria; o__Pasteurellales; f__Pasteurellaceae; g__Haemophilus	0.8776222485619245
1b5da8abc19431e764d35faf5f81d980	k__Bacteria; p__Bacteroidetes; c__Bacteroidia; o__Bacteroidales; f__Prevotellaceae; g__Prevotella; s__pallens	0.9933309119373562
fd6064298440bbc9434808e190275dcd	k__Bacteria; p__Firmicutes; c__Clostridia; o__Clostridiales; f__Peptoniphilaceae; g__Parvimonas	0.9852476123427585
86f4e8c002d563bed8ae2af4f8b75572	k__Bacteria; p__Proteobacteria; c__Betaproteobacteria; o__Burkholderiales; f__Comamonadaceae; g__Ottowia; s__sp._oral_taxon_894	0.999661439060073
9bca7348bcb517851d1111c36f3d1aee	k__Bacteria; p__Firmicutes; c__Clostridia; o__Clostridiales; f__Peptostreptococcaceae; g__Peptostreptococcus; s__stomatis	0.7424485178022683
369668d53b35f6459545aff2b80591fc	k__Bacteria; p__Firmicutes; c__Clostridia; o__Clostridiales; f__Peptostreptococcaceae_[XI]; g__Peptostreptococcaceae_[XI][G-6]; s__[Eubacterium]_nodatum	0.9338516317537876
0567395c176585fa649f79e189d0598f	k__Bacteria; p__Firmicutes; c__Bacilli; o__Bacillales	0.9890790602305716
f0587b36b7eb1eeb1cd9a0ee5f1cdb1a	k__Bacteria; p__Bacteroidetes; c__Bacteroidia; o__Bacteroidales; f__Prevotellaceae	0.9945520877754648
b01fde9fcf4b4ca82ea1871f0a2f3565	k__Bacteria; p__Firmicutes; c__Negativicutes; o__Selenomonadales; f__Veillonellaceae; g__Selenomonas	0.9990177658304924
23e703ea58ae2d1af8119a6b2db67e5d	k__Bacteria	0.9999999999999991
761ea9cc5d5c1961b58af9bb9b6ea829	k__Bacteria; p__Firmicutes; c__Negativicutes; o__Selenomonadales; f__Veillonellaceae; g__Selenomonas	0.9851779202907711
e73b901eee88c8ea6431561e28f3b3f7	k__Bacteria; p__Fusobacteria; c__Fusobacteriia; o__Fusobacteriales; f__Leptotrichiaceae; g__Leptotrichia; s__sp._oral_taxon_218	0.9999047229293179
09fab89caa45d79892cbfaf613914968	k__Bacteria; p__Bacteroidetes; c__Bacteroidia; o__Bacteroidales; f__Prevotellaceae; g__Prevotella	0.9999624925142667
864db17c766f6ad702a1f8a3e16171cf	k__Bacteria; p__Firmicutes; c__Bacilli; o__Lactobacillales; f__Streptococcaceae; g__Streptococcus	0.9999950636569666
4106eff15c96e98637a95a2fe7c19c63	k__Bacteria; p__Firmicutes; c__Bacilli; o__Lactobacillales; f__Streptococcaceae; g__Streptococcus	0.9999243133788493
17361c0c03226cf654743c8103baf975	k__Bacteria; p__Bacteroidetes; c__Bacteroidia; o__Bacteroidales; f__Prevotellaceae; g__Alloprevotella; s__sp._oral_taxon_473	0.985453980853742
7a0e44728918e9aae73b3cf93bb120d6	k__Bacteria; p__Firmicutes; c__Clostridia; o__Clostridiales; f__Lachnospiraceae_[XIV]; g__Johnsonella; s__sp._oral_taxon_166	0.9999977487533062
f4420a560522d1870a434a704e09c8b3	k__Bacteria	0.9999999999999937
093a4840d1537d333ba67bf7d604f882	k__Bacteria; p__Firmicutes; c__Clostridia; o__Clostridiales; f__Lachnospiraceae_[XIV]; g__Oribacterium; s__sp._oral_taxon_078	0.7778474712577238
c8c5afabd480ed03808ea9df904bf094	k__Bacteria; p__Proteobacteria; c__Gammaproteobacteria; o__Pasteurellales; f__Pasteurellaceae; g__Aggregatibacter	0.9566114114904697
e0ca69c6c7eb54bba6845d735800518a	k__Bacteria; p__Fusobacteria; c__Fusobacteriia; o__Fusobacteriales; f__Fusobacteriaceae; g__Fusobacterium	0.9557031598971419
21f01c2c086b7b5e7867003f1ff77905	k__Bacteria; p__Firmicutes; c__Clostridia; o__Clostridiales; f__Peptostreptococcaceae_[XI]; g__Peptostreptococcaceae_[XI][G-1]; s__[Eubacterium]_sulci	0.8585496034307881
db76c87b2448830cd25e721874373696	k__Bacteria; p__Firmicutes; c__Clostridia; o__Clostridiales	0.9999999999700918
020fa87dea61831a522e3a1cf99d0376	k__Bacteria; p__Firmicutes; c__Clostridia; o__Clostridiales; f__Lachnospiraceae_[XIV]; g__Lachnospiraceae_[G-2]; s__sp._oral_taxon_096	0.9998847543585637
35255739412036b0a8a37ecdefdf7abd	k__Bacteria; p__Bacteroidetes; c__Bacteroidia; o__Bacteroidales; f__Porphyromonadaceae; g__Porphyromonas; s__sp._oral_taxon_285	0.9917211595751043
c6ea41e48ffefe707829920a9f20d400	k__Bacteria; p__Bacteroidetes; c__Bacteroidia; o__Bacteroidales; f__Prevotellaceae; g__Prevotella; s__micans	0.9999999298106441
6229234550832a06ff8073a2c5a14892	k__Bacteria; p__Fusobacteria; c__Fusobacteriia; o__Fusobacteriales; f__Leptotrichiaceae	0.9579119695343659
074ad1e0e230c611c21266d4f0752a11	k__Bacteria; p__Firmicutes; c__Negativicutes; o__Selenomonadales; f__Veillonellaceae; g__Selenomonas	0.9995230222681057
a09950ffc4cc6eb9512e8837a00e6306	k__Bacteria; p__Bacteroidetes; c__Bacteroidia; o__Bacteroidales; f__Prevotellaceae; g__Prevotella; s__sp._oral_taxon_305	0.9999997010190519
645f9a41dd8ae3520104242666960381	k__Bacteria; p__Firmicutes; c__Bacilli; o__Lactobacillales; f__Streptococcaceae; g__Streptococcus	0.9999873924385335
8f479112deee93faa75c659a815204cc	k__Bacteria	0.9999999562229663
f913e63dade95e2f3d8fb7e1d35e1974	k__Bacteria; p__Actinobacteria; c__Actinobacteria; o__Actinomycetales; f__Corynebacteriaceae; g__Corynebacterium; s__matruchotii	0.882500824501946
2ea64006f24b97c9300e17e027c6d44d	k__Bacteria; p__Firmicutes; c__Clostridia; o__Clostridiales; f__Peptostreptococcaceae_[XI]; g__Peptostreptococcaceae_[XI][G-4]; s__sp._oral_taxon_369	0.8552771048540897
154e4bde299033b5ac04f351b80c1ffe	k__Bacteria; p__Firmicutes; c__Clostridia; o__Clostridiales	0.9999932469169847
f9b1dd2924256a514e69579e8734e1bb	k__Bacteria; p__Fusobacteria; c__Fusobacteriia; o__Fusobacteriales; f__Fusobacteriaceae; g__Fusobacterium	0.9480806633901595
03e6fbf0b9cacdf734021f5a3820caf8	k__Bacteria; p__SR1; c__SR1_[C-1]; o__SR1_[O-1]; f__SR1_[F-1]; g__SR1_[G-1]; s__sp._oral_taxon_345	0.9999708869864138
c5194ee7042a5da2bc8435d3d2e2a188	k__Bacteria; p__Firmicutes; c__Bacilli; o__Bacillales	0.9993908335035169
c508dadf9b8420f88da9a7c04b940e3e	k__Bacteria; p__Actinobacteria; c__Actinobacteria; o__Actinomycetales; f__Micrococcaceae; g__Rothia; s__	0.9159112141815691
a142ef94bdd97237249d5121a73aa5be	k__Bacteria; p__Firmicutes; c__Clostridia; o__Clostridiales	0.9896688371711194
83b3fa60a0a42d80d79ad7f814eead77	k__Bacteria; p__Firmicutes; c__Bacilli; o__Lactobacillales; f__Streptococcaceae; g__Streptococcus	0.9771855373783573
c4d59945d88bc762c8a3feaae30305d7	k__Bacteria; p__Bacteroidetes; c__Flavobacteriia; o__Flavobacteriales; f__Flavobacteriaceae; g__Capnocytophaga	0.9999707773219438
e0750694b41640ed2d6d5702fe602323	k__Bacteria; p__Bacteroidetes; c__Bacteroidia; o__Bacteroidales; f__Prevotellaceae; g__Prevotella	0.9999999828930481
3abf716a589b701726f0f73413a201aa	k__Bacteria; p__Firmicutes; c__Bacilli; o__Lactobacillales; f__Streptococcaceae; g__Streptococcus	0.9983026729120169
ae495eed64d1dbef21a0d6603b1f9327	k__Bacteria; p__Fusobacteria; c__Fusobacteriia; o__Fusobacteriales; f__Fusobacteriaceae; g__Fusobacterium	0.9908263641203253
3e3db3835c62dc283e78c2692be8c892	k__Bacteria; p__Fusobacteria; c__Fusobacteriia; o__Fusobacteriales; f__Leptotrichiaceae; g__Leptotrichia; s__sp._oral_taxon_221	0.999984654654075
ce0b345ae973556522acb3cea800e680	k__Bacteria; p__Fusobacteria; c__Fusobacteriia; o__Fusobacteriales; f__Fusobacteriaceae; g__Fusobacterium	0.989207690612742
754fb30b766bef4801f745fd857dc7d7	k__Bacteria; p__Proteobacteria; c__Betaproteobacteria; o__Neisseriales; f__Neisseriaceae; g__Neisseria	0.9977739150492178
a660d2bbdb2fa44fac8d73c5c9acf56a	k__Bacteria; p__Spirochaetes; c__Spirochaetia; o__Spirochaetales; f__Spirochaetaceae; g__Treponema	0.9975538758901061
8ef4060df3541a8cd5179270af549f16	k__Bacteria; p__Bacteroidetes; c__Bacteroidia; o__Bacteroidales	0.7941027307353105
5eec0a33445397f30686386c89e1273b	k__Bacteria; p__Bacteroidetes; c__Bacteroidia; o__Bacteroidales; f__Prevotellaceae; g__Prevotella	0.9999999999999923
e0d5e514949c682958b5f36c33d42e66	k__Bacteria; p__Synergistetes; c__Synergistia; o__Synergistales; f__Synergistaceae; g__Fretibacterium	0.9993255331808741
72917e3fcbd5c69f1399855c75707204	k__Bacteria; p__Firmicutes; c__Bacilli; o__Bacillales	0.9960023024031656
d3ce20f30329c6feec1c079d0435b244	k__Bacteria; p__Firmicutes; c__Negativicutes; o__Selenomonadales; f__Veillonellaceae; g__Selenomonas	0.9743730539658509
453a1ce663913a4a5212232418bd084c	k__Bacteria; p__Proteobacteria; c__Gammaproteobacteria; o__Pasteurellales; f__Pasteurellaceae; g__Haemophilus	0.8588203650459225
5cfa39b2a0c7937184e6122741eef477	k__Bacteria; p__Firmicutes; c__Negativicutes; o__Selenomonadales; f__Veillonellaceae; g__Selenomonas	0.9209420963704389
bda90b48f7caee72f66952526e86b923	k__Bacteria; p__Fusobacteria; c__Fusobacteriia; o__Fusobacteriales; f__Leptotrichiaceae; g__Leptotrichia; s__sp._oral_taxon_417	0.8795115671314993
c0f87e6c241bd337fa5e2c5a8bfa2cd4	k__Bacteria; p__Proteobacteria	0.9098864777104104
e110ceae391a8865118787f40a17ea5d	k__Bacteria; p__Firmicutes; c__Bacilli; o__Lactobacillales; f__Streptococcaceae; g__Streptococcus	0.9999624569342802
2e5b322132b03a6b5ba8d6ac2fdd29f3	k__Bacteria; p__Spirochaetes; c__Spirochaetes; o__Spirochaetales; f__Spirochaetaceae; g__Treponema; s__amylovorum	0.898464454146024
de7694a1e947269558ce8c0443a5f738	k__Bacteria; p__Bacteroidetes; c__Bacteroidia; o__Bacteroidales; f__Prevotellaceae; g__Prevotella	0.9920517099196949
44bd3507fb3e98994e493ad1d751354a	k__Bacteria; p__Fusobacteria; c__Fusobacteriia; o__Fusobacteriales; f__Fusobacteriaceae; g__Fusobacterium	0.8963822284524717
c6dfd0308659b3ad7a008254d20fff08	k__Bacteria; p__Proteobacteria; c__Gammaproteobacteria; o__Pasteurellales; f__Pasteurellaceae; g__Haemophilus	0.9678713615445538
13dfd8e18303b50e140a2d95157b9aba	k__Bacteria; p__Fusobacteria; c__Fusobacteriia; o__Fusobacteriales; f__Leptotrichiaceae; g__Leptotrichia	0.9994731771784146
574d3c2b7a692a53d73c89fc2d0d1eeb	k__Bacteria; p__Bacteroidetes; c__Bacteroidia; o__Bacteroidales; f__Prevotellaceae; g__Prevotella; s__intermedia	0.9594330394572037
31ca7aa2fa4227ee55c1ffdbf976a150	k__Bacteria; p__Proteobacteria; c__Betaproteobacteria; o__Burkholderiales; f__Burkholderiaceae; g__Lautropia; s__mirabilis	0.9000302216125777
1e9e519bc8c859f9560333fb87a73049	k__Bacteria; p__Saccharibacteria_(TM7); c__TM7_[C-1]; o__TM7_[O-1]; f__TM7_[F-1]; g__TM7_[G-1]	0.993719877805367
adc68a4cfdba2e85e1cd6fde1606bb5f	k__Bacteria; p__Actinobacteria; c__Actinobacteria; o__Actinomycetales; f__Micrococcaceae; g__Rothia; s__nasimurium	0.8814814566214206
3b6d223784a6c6efe436d392f5c93e89	k__Bacteria; p__Firmicutes; c__Negativicutes; o__Selenomonadales; f__Veillonellaceae; g__Veillonella	0.8107268066313262
7ca394df04f2cc54380f42bd345d061a	k__Bacteria; p__Firmicutes; c__Clostridia; o__Clostridiales; f__Peptostreptococcaceae_[XI]; g__Mogibacterium; s__timidum	0.9036571688961006
c02b24c7ac14af4dbfcd047237d3e64d	k__Bacteria; p__Firmicutes; c__Erysipelotrichia; o__Erysipelotrichales; f__Erysipelotrichaceae; g__Erysipelotrichaceae_[G-1]; s__sp._oral_taxon_904	0.9553690949114089
7a7b27dde81eb963ffbadf06f5e9179f	k__Bacteria; p__Firmicutes	0.9999999998951596
cbade3f0d39fff0f0411a9f8252c637f	k__Bacteria; p__Firmicutes; c__Negativicutes; o__Selenomonadales; f__Veillonellaceae; g__Anaeroglobus; s__geminatus	0.9826530273526465
83c9bb6ea9b021e32551eaea8dcee387	k__Bacteria; p__Firmicutes	0.999983468323638
7dadae86622815314663b16b949b4a2c	k__Bacteria; p__Firmicutes; c__Clostridia; o__Clostridiales	0.9993327174898841
8da082858ebdabdba05632baa0587239	k__Bacteria; p__Bacteroidetes; c__Bacteroidia; o__Bacteroidales; f__Prevotellaceae; g__Prevotella	0.9999151671302413
bef1a303d7055c469244ba6fb8fa0c90	k__Bacteria; p__Proteobacteria; c__Gammaproteobacteria; o__Pasteurellales; f__Pasteurellaceae; g__Haemophilus	0.9243124246004677
e6bb7e978bed2e865ead142754dfb72f	k__Bacteria; p__Spirochaetes; c__Spirochaetia; o__Spirochaetales; f__Spirochaetaceae; g__Treponema; s__denticola	0.9753907282178801
39959b74a28e9e252528844e662ee689	k__Bacteria; p__Firmicutes; c__Bacilli; o__Lactobacillales; f__Streptococcaceae; g__Streptococcus	0.9999999414202232
b7b8b0607f577563bcb89daf18ca82a7	k__Bacteria; p__Proteobacteria; c__Epsilonproteobacteria; o__Campylobacterales; f__Campylobacteraceae; g__Campylobacter	0.9999019824471084
7ca9282f52fa7380b516a3e9963dad70	k__Bacteria; p__Bacteroidetes; c__Flavobacteriia; o__Flavobacteriales; f__Flavobacteriaceae; g__Capnocytophaga; s__sputigena	0.9912733998213437
e71a5d5ad966429c35e93a708a6bcbce	k__Bacteria; p__Firmicutes; c__Negativicutes; o__Selenomonadales; f__Veillonellaceae; g__Veillonella	0.9833775124658395
8c069984ba48d407476651dfcf7bc482	k__Bacteria; p__Firmicutes; c__Negativicutes; o__Selenomonadales; f__Veillonellaceae; g__Selenomonas; s__flueggei	0.8381034321803791
60928128a950ff8ca663dc21800238c1	k__Bacteria; p__Bacteroidetes; c__Bacteroidia; o__Bacteroidales; f__Prevotellaceae; g__Prevotella; s__sp._oral_taxon_472	0.8600585063565153
178e16ee872cc615d3777bdd020b9da6	k__Bacteria; p__Fusobacteria; c__Fusobacteriia; o__Fusobacteriales; f__Fusobacteriaceae; g__Fusobacterium	0.9771723533527253
dc428837c5b73da3e5d0cc48d004eed6	k__Bacteria; p__Bacteroidetes; c__Flavobacteriia; o__Flavobacteriales; f__Flavobacteriaceae; g__Capnocytophaga	0.9999997691488737
5405c5e42d9f4ed165ee738194ff5e2a	k__Bacteria; p__Firmicutes; c__Bacilli; o__Lactobacillales; f__Streptococcaceae; g__Streptococcus	0.8106402278868189
35b7a48d6a5c2a37b62afefb469ce4d1	k__Bacteria; p__Proteobacteria; c__Alphaproteobacteria; o__Rickettsiales; f__mitochondria	0.9999999999999989
0164a88166541161519c5f8240c87323	k__Bacteria; p__Proteobacteria; c__Betaproteobacteria; o__Neisseriales; f__Neisseriaceae; g__Eikenella; s__corrodens	0.897039744166952
e5e204853a02d3f12fdd327a1254731d	k__Bacteria; p__Bacteroidetes; c__Bacteroidia; o__Bacteroidales; f__Prevotellaceae; g__Prevotella; s__sp._oral_taxon_396	0.9983154337242911
a0ff310f679aab660f4e597dcc48225e	k__Bacteria; p__Bacteroidetes; c__Bacteroidia; o__Bacteroidales; f__Prevotellaceae; g__Prevotella	0.9999991650675503
f2842006e7aa2c9b70da7d221d19c167	k__Bacteria; p__Bacteroidetes; c__Bacteroidia; o__Bacteroidales; f__Porphyromonadaceae; g__Porphyromonas; s__sp._oral_taxon_285	0.9975748243545254
97e58df6fc9801665b5dd307f83cc3a9	k__Bacteria; p__Firmicutes; c__Clostridia; o__Clostridiales; f__Peptostreptococcaceae_[XI]; g__Peptostreptococcaceae_[XI][G-7]; s__[Eubacterium]_yurii_subsps._yurii_&_margaretiae	0.8684048201659075
89f1df859d708eed71ac0c584b7355f2	k__Bacteria; p__Bacteroidetes; c__Bacteroidia; o__Bacteroidales; f__Prevotellaceae; g__Prevotella	0.9999999661546425
80e47490ff0b28e5587bb3571f51f0ba	k__Bacteria; p__Fusobacteria; c__Fusobacteriia; o__Fusobacteriales; f__Leptotrichiaceae; g__Leptotrichia; s__sp._oral_taxon_417	0.842922317559115
2aab303e239b8a8fefae801413b343b3	k__Bacteria; p__Firmicutes	0.9999999999854504
977ecd4b112498ad16cb6879331ec157	k__Bacteria; p__Firmicutes; c__Bacilli; o__Bacillales	0.9983877083500432
b7c8c642f790f936c6c613e793144cf2	k__Bacteria	0.9626459240809482
a80af07c3739619a21d987b0223c17c1	k__Bacteria; p__Actinobacteria; c__Actinobacteria; o__Actinomycetales; f__Micrococcaceae; g__Rothia; s__	0.805031889068673
d2a7581b36867a46ee1c4151aa256179	k__Bacteria; p__Firmicutes; c__Clostridia; o__Clostridiales; f__Eubacteriaceae_[XV]; g__Pseudoramibacter; s__alactolyticus	0.7526252830617176
be668d3c1b34f2039027783a9d99b891	k__Bacteria; p__Firmicutes; c__Bacilli; o__Lactobacillales; f__Streptococcaceae; g__Streptococcus	0.9999998896274079
4d988449696c52f87d5be6c127b74218	k__Bacteria; p__Spirochaetes; c__Spirochaetia; o__Spirochaetales; f__Spirochaetaceae; g__Treponema	0.9998803124356923
e586eaf750a911699f67a53aa30bf39b	k__Bacteria; p__Firmicutes; c__Bacilli; o__Lactobacillales; f__Streptococcaceae; g__Streptococcus	0.9946251425652469
859cb6103ef348a7f27874b649ddba0e	k__Bacteria; p__Proteobacteria; c__Gammaproteobacteria; o__Pseudomonadales; f__Moraxellaceae; g__Enhydrobacter; s__	0.9995514929750056
2c5b6204b74fd0194f7ddd9451d3c3c5	k__Bacteria; p__Synergistetes; c__Synergistia; o__Synergistales; f__Synergistaceae; g__Fretibacterium; s__fastidiosum	0.7949692115634516
f50b883679e464e02267492714682ce2	k__Bacteria; p__Firmicutes; c__Erysipelotrichia; o__Erysipelotrichales; f__Erysipelotrichaceae; g__Erysipelotrichaceae_[G-1]; s__sp._oral_taxon_905	0.8173691214024018
a36dbfa3b739b7dd3d17d99c5d60aa3a	k__Bacteria	1.0000000000000042
d9e3ffdbf9aa64f2cda6d9a9f42903b7	k__Bacteria; p__Bacteroidetes; c__Bacteroidia; o__Bacteroidales; f__Prevotellaceae; g__Prevotella; s__nanceiensis	0.9858025152721994
d88dc9dc7e61ba8d11bf06deb9a3eec8	k__Bacteria; p__Bacteroidetes; c__Bacteroidia; o__Bacteroidales; f__Prevotellaceae; g__Prevotella	0.9999934000272425
97307f5c8863d715c613f992a3290193	k__Bacteria; p__Firmicutes; c__Clostridia; o__Clostridiales; f__Peptostreptococcaceae_[XI]; g__Filifactor; s__alocis	0.9472941602642886
7661bfd686d4f9465455cc0ffe60c0c5	k__Bacteria; p__Firmicutes; c__Negativicutes; o__Selenomonadales; f__Veillonellaceae; g__Veillonella	0.8500237775289156
b30db694297b62d6e2eb49a11c8216e5	k__Bacteria	0.9999999999476019
0a28a4f8cd959b6228f36e5f1f39504a	k__Bacteria; p__Firmicutes	0.9999996540503692
3ad22a3104f07483e6b2228a7ff86fea	k__Bacteria; p__Proteobacteria; c__Betaproteobacteria; o__Neisseriales; f__Neisseriaceae; g__; s__	0.9997542401961931
2571a9daa5d05fc8ef86a4c081db794e	k__Bacteria; p__Firmicutes	0.9999997204108134
19e21765cd02c8bf318585ca068a87d3	k__Bacteria	0.999999999984828
ebbc434381ece386164248167be9f4e0	k__Bacteria; p__Firmicutes; c__Negativicutes; o__Selenomonadales; f__Veillonellaceae; g__Veillonella	0.730206294081968
3368a2ecd7ed8901168f72b883af5ff7	k__Bacteria; p__Actinobacteria; c__Actinobacteria; o__Actinomycetales; f__Micrococcaceae; g__Rothia	0.9644841306377335
f4d2dc261eb04e83b9c7ae19444cc089	k__Bacteria; p__Bacteroidetes; c__Bacteroidetes_[C-1]; o__Bacteroidetes_[O-1]; f__Bacteroidetes_[F-1]; g__Bacteroidetes_[G-3]; s__sp._oral_taxon_365	0.8967391956625612
860a1776761bb179906441a6376425cb	k__Bacteria; p__Fusobacteria; c__Fusobacteriia; o__Fusobacteriales; f__Fusobacteriaceae; g__Fusobacterium	0.9064613911376713
deada909ef2dfec948b88a98556fabb1	k__Bacteria; p__Firmicutes; c__Bacilli; o__Bacillales; f__Staphylococcaceae; g__Staphylococcus	0.9993536586809357
9313701dec3c955f35a40470cb1496b7	k__Bacteria; p__Bacteroidetes; c__Bacteroidetes_[C-1]; o__Bacteroidetes_[O-1]; f__Bacteroidetes_[F-1]; g__Bacteroidetes_[G-3]; s__sp._oral_taxon_280	0.9999999306967478
4c8320b34edc3ced0124e5402e729fb8	k__Bacteria; p__Firmicutes; c__Clostridia; o__Clostridiales; f__Peptostreptococcaceae_[XI]; g__Peptostreptococcaceae_[XI][G-6]; s__[Eubacterium]_nodatum	0.9344467442266555
49e82d1713861d18a35b277bbba0a688	k__Bacteria; p__Firmicutes	0.9999989750937615
805b23c99fc6c1654006f97c5695912b	k__Bacteria; p__Bacteroidetes; c__Bacteroidetes_[C-1]; o__Bacteroidetes_[O-1]; f__Bacteroidetes_[F-1]; g__Bacteroidetes_[G-3]; s__sp._oral_taxon_503	0.9999996401453978
1bc1feac42b3d024d21504df72395049	k__Bacteria; p__Firmicutes; c__Bacilli; o__Bacillales; f__Gemellaceae; g__Gemella	0.7309333283337572
99dddf4472cf6f401fc0ca52003663d4	k__Bacteria	0.9550481417334049
ce9d0fc5341bf5a38a561b40cfad154b	k__Bacteria; p__Proteobacteria; c__Gammaproteobacteria; o__Cardiobacteriales; f__Cardiobacteriaceae; g__Cardiobacterium	0.9988146307514832
e32bbce16b708cf645c7ef2eac5bb504	k__Bacteria; p__Bacteroidetes; c__Bacteroidia; o__Bacteroidales; f__Prevotellaceae; g__Prevotella; s__salivae	0.9887086591028483
3ccfd41eeaa3d9c947d8b6a781625162	k__Bacteria; p__Proteobacteria; c__Betaproteobacteria; o__Neisseriales; f__Neisseriaceae; g__; s__	0.9994119358389743
15784eee04c090b8da45263abcb55142	k__Bacteria; p__Proteobacteria; c__Betaproteobacteria; o__Neisseriales; f__Neisseriaceae; g__Kingella; s__oralis	0.9485841528404948
81b57e4074ee92c6642bc4ffb3ffd2b8	k__Bacteria; p__Bacteroidetes; c__Flavobacteriia; o__Flavobacteriales; f__Flavobacteriaceae; g__Capnocytophaga	0.9999729875084485
20c2d9947aea45bf5657e0eb9b20fed2	k__Bacteria; p__Fusobacteria; c__Fusobacteriia; o__Fusobacteriales; f__Leptotrichiaceae; g__; s__	0.9998636373814601
80487b09c87a7e124acc567560e97c2f	k__Bacteria; p__Firmicutes; c__Clostridia; o__Clostridiales	0.9992973574843292
4a71d33f0e64ecdd170c7078b939f5bc	k__Bacteria; p__Firmicutes; c__Clostridia; o__Clostridiales; f__Lachnospiraceae_[XIV]; g__Lachnoanaerobaculum; s__sp._oral_taxon_083	0.8723918004550889
1d9b4ae2ad869343b3b339fe6c6ddc20	k__Bacteria; p__Actinobacteria; c__Actinobacteria; o__Actinomycetales; f__Actinomycetaceae; g__Actinomyces	0.9999964521684018
8d5b193aee84e780174c78b571d132da	k__Bacteria; p__Firmicutes; c__Mollicutes; o__Mycoplasmatales; f__Mycoplasmataceae; g__Mycoplasma; s__faucium	0.7785035061193939
a8c6b4731680ffeb2d3526ba96d0d80c	k__Bacteria; p__Proteobacteria; c__Deltaproteobacteria; o__Desulfovibrionales; f__Desulfovibrionaceae; g__Desulfovibrio; s__fairfieldensis	0.9516892933043917
6f7cb1067adc763a1e61121ef9accf41	k__Bacteria; p__Firmicutes	0.9999906181049821
774026aa9567255b2c0f0427a4d3ee8c	k__Bacteria; p__Bacteroidetes; c__Bacteroidia; o__Bacteroidales; f__Prevotellaceae	0.9609436400994439
f1ca69a6a0dd2fc14411514b421eb0d4	k__Bacteria; p__Proteobacteria; c__Epsilonproteobacteria; o__Campylobacterales; f__Campylobacteraceae; g__Campylobacter; s__concisus	0.8379625789269936
a0321d59bea0098221c3609d1c9a994c	k__Bacteria; p__Spirochaetes; c__Spirochaetia; o__Spirochaetales; f__Spirochaetaceae; g__Treponema; s__lecithinolyticum	0.9984533222864204
ba8144da2dbb1c1b6293f98f1bdc6f46	k__Bacteria; p__Firmicutes; c__Clostridia; o__Clostridiales; f__Eubacteriaceae_[XV]; g__Pseudoramibacter; s__alactolyticus	0.7287247972443395
62f7c86d12489fc4f2e2ff833f49fb7c	k__Bacteria; p__Bacteroidetes; c__Bacteroidia; o__Bacteroidales; f__Prevotellaceae; g__Prevotella; s__sp._oral_taxon_317	0.9514100583322368
c96e17c7a45fbbc609fc95a96a25142a	k__Bacteria; p__Bacteroidetes; c__Bacteroidia; o__Bacteroidales; f__Prevotellaceae; g__Prevotella	0.9995991990974655
2e08f1a5cd0b19130b6a4f58e9d64129	k__Bacteria; p__Firmicutes; c__Bacilli; o__Lactobacillales; f__Lactobacillaceae; g__Lactobacillus; s__	0.9962382556339646
95b37419c3892528c2b89a1817603c55	k__Bacteria; p__Fusobacteria; c__Fusobacteriia; o__Fusobacteriales; f__Fusobacteriaceae; g__Fusobacterium	0.9370112059044693
24626d18d850f4519eb839228a2642b7	k__Bacteria; p__Actinobacteria; c__Actinobacteria; o__Actinomycetales; f__Micrococcaceae; g__Rothia; s__	0.9555649910301033
93227c097908aff2f8962ac3cc14b862	k__Bacteria; p__Proteobacteria; c__Gammaproteobacteria; o__Pasteurellales; f__Pasteurellaceae; g__Haemophilus	0.9093304612453253
61674dd419cf6e651beb38e2fb2b28c9	k__Bacteria; p__Firmicutes; c__Bacilli; o__Lactobacillales	0.8628621588431968
178f27a2233ccd523d53587e665ee83f	k__Bacteria; p__Bacteroidetes; c__Bacteroidia; o__Bacteroidales; f__Prevotellaceae; g__Prevotella; s__sp._oral_taxon_304	0.9999968603825923
060b973519985d2ec6b1980141d66da5	k__Bacteria; p__Firmicutes; c__Erysipelotrichia; o__Erysipelotrichales; f__Erysipelotrichaceae; g__Erysipelotrichaceae_[G-1]; s__sp._oral_taxon_904	0.9645668266402596
8aadd06ba4e3f53dc8b2ef63385ff8cc	k__Bacteria; p__Firmicutes; c__Bacilli; o__Lactobacillales; f__Streptococcaceae; g__Streptococcus; s__constellatus	0.8401346879560845
9ff0d15eeddc155ea5eb28780e1daeb0	k__Bacteria; p__Firmicutes; c__Clostridia; o__Clostridiales	0.9999573493632309
4959dd66301e75a689f4b2648f6fe219	k__Bacteria; p__Firmicutes; c__Clostridia; o__Clostridiales; f__Peptostreptococcaceae_[XI]; g__Peptostreptococcaceae_[XI][G-2]; s__sp._oral_taxon_091	0.9999999906171553
efe81f51add48ba4fc82e557a508bd50	k__Bacteria; p__Bacteroidetes; c__Bacteroidia; o__Bacteroidales; f__Prevotellaceae; g__Prevotella	0.9999978707334221
9776dd63120a073dd3123dd7655acfcf	k__Bacteria; p__Bacteroidetes; c__Flavobacteriia; o__Flavobacteriales; f__Flavobacteriaceae; g__Capnocytophaga; s__	0.9999406635606576
260e64d8ae714fa7e97b0baafb71abd1	k__Bacteria; p__Bacteroidetes; c__Bacteroidia; o__Bacteroidales; f__Prevotellaceae; g__Prevotella; s__pleuritidis	0.9999967411079165
603a8483d68ecb500d196e6ca8150a4a	k__Bacteria; p__Bacteroidetes; c__Bacteroidetes_[C-1]; o__Bacteroidetes_[O-1]; f__Bacteroidetes_[F-1]; g__Bacteroidetes_[G-5]; s__sp._oral_taxon_507	0.9999572326500566
e901f7ccbd2d128147ceacc85f1a0114	k__Bacteria; p__Bacteroidetes; c__Bacteroidetes_[C-1]; o__Bacteroidetes_[O-1]; f__Bacteroidetes_[F-1]; g__Bacteroidetes_[G-5]; s__sp._oral_taxon_507	0.9999991322996279
704fc347ed668f26f3d16860f75ddc76	k__Bacteria; p__Bacteroidetes; c__Bacteroidia; o__Bacteroidales; f__Prevotellaceae; g__Prevotella; s__salivae	0.7556682008243136
691d56bc4b69dd8a0247de56501f1c4b	k__Bacteria; p__Firmicutes; c__Negativicutes; o__Selenomonadales; f__Veillonellaceae; g__Selenomonas	0.9859455315401106
c3ae7fbcd2aa55a82e2e7bd9c2937e4d	k__Bacteria; p__Actinobacteria	0.819357136268049
529e0454cc0d00ad5a3e7d1013b11c25	k__Bacteria; p__Bacteroidetes; c__Bacteroidia; o__Bacteroidales; f__Prevotellaceae; g__Prevotella	0.999999981924782
5a084f13704de18037d1000a62105e84	k__Bacteria; p__Bacteroidetes; c__Bacteroidia; o__Bacteroidales; f__Prevotellaceae; g__Alloprevotella; s__sp._oral_taxon_308	0.8285615818137723
887199ce622c448a86dc6dc5e7733281	k__Bacteria; p__Spirochaetes; c__Spirochaetia; o__Spirochaetales; f__Spirochaetaceae; g__Treponema	0.9993866620861711
920f950c132d906c5c3f0b0fe6ea16f9	k__Bacteria; p__Spirochaetes; c__Spirochaetia; o__Spirochaetales; f__Spirochaetaceae; g__Treponema; s__sp._oral_taxon_238	0.9531692161716122
14af0c727bdd06d6ff9387680f6e70a8	k__Bacteria; p__Firmicutes; c__Clostridia; o__Clostridiales; f__Peptostreptococcaceae_[XI]; g__Mogibacterium	0.9497033611918417
e3b4dd57e3fc16dd3f891427531b981a	k__Bacteria; p__Fusobacteria; c__Fusobacteriia; o__Fusobacteriales; f__Fusobacteriaceae; g__Fusobacterium	0.9680838653195568
0259ced2ac7e7aef0466e8b3ac2cbb29	k__Bacteria; p__Actinobacteria	0.8280324280373035
4cea9b1520d88fd2c2cd3bfda0491327	k__Bacteria; p__Firmicutes	0.9999804231187444
518d300de50911205ff4bb61c0d828e5	k__Bacteria; p__Fusobacteria; c__Fusobacteriia; o__Fusobacteriales; f__Leptotrichiaceae; g__Leptotrichia; s__sp._oral_taxon_392	0.8941494256213205
e81d7a119600561b44f56fdb01ee37e5	k__Bacteria; p__Proteobacteria; c__Gammaproteobacteria; o__Pseudomonadales; f__Moraxellaceae; g__Moraxella; s__	0.9917025826097511
04abcc1d8d7358efe64c48fc8c7d8f1b	k__Bacteria; p__Firmicutes; c__Negativicutes; o__Selenomonadales; f__Veillonellaceae; g__Veillonella; s__sp._oral_taxon_780	0.9989279417640792
96ccb75f7704e0700b3ed2fe1c320f7d	k__Bacteria; p__Bacteroidetes; c__Bacteroidia; o__Bacteroidales; f__Prevotellaceae; g__Prevotella; s__baroniae	0.9999998736881617
aceb2a5bfe529c2e93bc327594bc258d	k__Bacteria; p__Bacteroidetes; c__Bacteroidia; o__Bacteroidales; f__Prevotellaceae; g__Prevotella	0.9999999999999986
25b2b071b18803f6b9dbd9b92c48be92	k__Bacteria; p__Bacteroidetes; c__Bacteroidia; o__Bacteroidales; f__Prevotellaceae; g__Alloprevotella; s__sp._oral_taxon_914	0.8655055403702455
b8fac40de706024dc50237766a27ba05	k__Bacteria; p__Proteobacteria; c__Alphaproteobacteria; o__Sphingomonadales; f__Sphingomonadaceae; g__Sphingomonas; s__	0.9481560684156762
b1e5d7a51e322f1b6911040a32fc3d1a	k__Bacteria; p__Proteobacteria; c__Betaproteobacteria; o__Neisseriales; f__Neisseriaceae; g__Kingella; s__oralis	0.9920482841303704
672890ce04b6544494f3c24f79446f70	k__Bacteria; p__Actinobacteria; c__Actinobacteria; o__Corynebacteriales; f__Corynebacteriaceae; g__Corynebacterium; s__durum	0.9950833122980625
ac82b6f9ac4d0cfd1c0d9f54c42044c1	k__Bacteria; p__Bacteroidetes; c__Bacteroidia; o__Bacteroidales; f__Prevotellaceae; g__Prevotella	0.9999999887258298
e1da065b9dcab124ad0ea5ac32b21403	k__Bacteria; p__Firmicutes; c__Negativicutes; o__Selenomonadales; f__Veillonellaceae; g__Veillonella	0.979676542015037
5a065956230ebac33bc58230faa2bcbd	k__Bacteria; p__Proteobacteria; c__Gammaproteobacteria; o__Pasteurellales; f__Pasteurellaceae; g__Haemophilus; s__pittmaniae	0.719565630241609
beb768c5a6934687b260275cb16362d3	k__Bacteria; p__Actinobacteria; c__Actinobacteria; o__Bifidobacteriales; f__Bifidobacteriaceae; g__Scardovia; s__wiggsiae	0.999924983306842
79d30d97a29b6421fddc407760b026ac	k__Bacteria; p__Bacteroidetes; c__Bacteroidia; o__Bacteroidales; f__Prevotellaceae; g__Prevotella; s__nigrescens	0.9055615591950702
fa586150a411dc37dabf95965594da04	k__Bacteria; p__Firmicutes; c__Negativicutes; o__Selenomonadales; f__Veillonellaceae; g__Anaeroglobus; s__geminatus	0.9997841582791276
6f4d1e65ba0ee760eaa45e9b5d749adc	k__Bacteria; p__Bacteroidetes; c__Bacteroidia; o__Bacteroidales; f__Porphyromonadaceae; g__Porphyromonas	0.999999921303226
2cd09d02646997327f56feaf1356850b	k__Bacteria; p__Firmicutes	0.8541661565902289
8b2d8e861251fd5bb6d119642bee0302	k__Bacteria; p__Firmicutes; c__Negativicutes; o__Selenomonadales; f__Veillonellaceae; g__Selenomonas; s__flueggei	0.738624743194565
a7bcec86eb09c0882d43b7bb6ca5ef56	k__Bacteria; p__Firmicutes; c__Bacilli; o__Bacillales	0.9987815637717609
5b9a980e29ec95c3bb3fdaa8c49868cd	k__Bacteria; p__Actinobacteria; c__Actinobacteria; o__Actinomycetales; f__Micrococcaceae; g__Rothia; s__	0.9745055778264353
acee93426948bed4faf749b9afc107ba	k__Bacteria; p__Firmicutes; c__Clostridia; o__Clostridiales; f__Ruminococcaceae; g__Ruminococcaceae_[G-2]; s__sp._oral_taxon_085	0.9999999370350443
f750cf6524f7472f89af72c3c2a5793e	k__Bacteria; p__Bacteroidetes; c__Bacteroidia; o__Bacteroidales; f__Prevotellaceae; g__Prevotella	0.9998664883537516
053ce74657dbf92a643e30a8ca6b8102	k__Bacteria; p__Firmicutes; c__Bacilli; o__Lactobacillales; f__Streptococcaceae; g__Streptococcus	0.9999999841427789
7ec57c7f3e6b8100914adf0ecc523a4e	k__Bacteria; p__Spirochaetes; c__Spirochaetia; o__Spirochaetales; f__Spirochaetaceae; g__Treponema; s__sp._oral_taxon_951	0.8890679967865212
678375f1f86bee272d8eef86fef23c94	k__Bacteria; p__Bacteroidetes; c__Flavobacteriia; o__Flavobacteriales; f__Flavobacteriaceae; g__Bergeyella; s__sp._oral_taxon_322	0.9995195757805165
ab793831715a87c6d7413ac52935b88a	k__Bacteria; p__Proteobacteria; c__Betaproteobacteria; o__Neisseriales; f__Neisseriaceae; g__Neisseria	0.9971880474283468
64f4d6a92282c38e47f841aba2f2a027	k__Bacteria; p__Proteobacteria; c__Gammaproteobacteria; o__Pasteurellales; f__Pasteurellaceae; g__Haemophilus	0.8923012524079894
c96adb9be2e9c37b727094b3c2cdcc94	k__Bacteria; p__Firmicutes; c__Clostridia; o__Clostridiales; f__Lachnospiraceae_[XIV]; g__Lachnoanaerobaculum; s__umeaense	0.9868215473184735
eb541a9b5af71b2c0285317a87c9fb12	k__Bacteria; p__Proteobacteria; c__Gammaproteobacteria; o__Pasteurellales; f__Pasteurellaceae; g__Haemophilus	0.7871302898551666
4e7415881273c31347cfc7a611bc87b3	k__Bacteria; p__Bacteroidetes; c__Flavobacteriia; o__Flavobacteriales; f__Flavobacteriaceae; g__Capnocytophaga; s__granulosa	0.7790397136913315
c53f7d8e94ab46c1294594c7884ded9a	k__Bacteria; p__Bacteroidetes; c__Bacteroidia; o__Bacteroidales; f__Porphyromonadaceae; g__Porphyromonas	0.991771439101568
32724553332d69e6285e74ff6b9e7114	k__Bacteria; p__Bacteroidetes; c__Bacteroidia; o__Bacteroidales; f__Porphyromonadaceae; g__Porphyromonas; s__sp._oral_taxon_930	0.9987755197051902
f3176d0f712d205eb05217ea5980accb	k__Bacteria; p__Firmicutes; c__Clostridia; o__Clostridiales; f__Lachnospiraceae; g__; s__	0.9055867198076799
d413386159fbfd7401bf42bae6741c2d	k__Bacteria; p__Actinobacteria; c__Actinobacteria; o__Actinomycetales; f__Actinomycetaceae; g__Actinomyces	0.9999948726152961
fd7522d677a5c362f233c4c9d831dbc7	k__Bacteria; p__Actinobacteria; c__Actinobacteria; o__Actinomycetales; f__Micrococcaceae; g__Rothia; s__	0.9611286330286231
5777e92f3947604e6f794503eb167f02	k__Bacteria; p__Bacteroidetes; c__Bacteroidia; o__Bacteroidales; f__Prevotellaceae; g__Prevotella; s__pallens	0.8772530220575961
1fca5fb0e2ca290cbc79eb3c752f93ea	k__Bacteria; p__Firmicutes; c__Bacilli; o__Lactobacillales; f__Streptococcaceae; g__Streptococcus	0.9998576245484
5d8f82ecf30d65579b93abecd1804f78	k__Bacteria; p__Bacteroidetes; c__Flavobacteriia; o__Flavobacteriales; f__Flavobacteriaceae; g__Capnocytophaga; s__leadbetteri	0.8964014533615603
01a083f4149069833573f8c148fb363d	k__Bacteria; p__Firmicutes; c__Bacilli; o__Bacillales	0.990812894880394
c11ee0e5639749c22404b2d6c8720d40	k__Bacteria; p__Firmicutes; c__Clostridia; o__Clostridiales; f__Peptoniphilaceae; g__Parvimonas	0.9643514457384487
1ce285c09233f8d39c7cfcb1d616bbc3	k__Bacteria; p__Bacteroidetes; c__Bacteroidia; o__Bacteroidales; f__Prevotellaceae; g__Prevotella	0.9999999999980461
ba60e91e22eea692fdaa79659e521b74	k__Bacteria; p__Bacteroidetes; c__Bacteroidia; o__Bacteroidales; f__Prevotellaceae; g__Prevotella	0.9924919321895874
2945469cbd6b014cb7f2b28d69541a70	k__Bacteria; p__Firmicutes; c__Erysipelotrichia; o__Erysipelotrichales; f__Erysipelotrichaceae; g__Eggerthia; s__catenaformis	0.9419376559946923
cebfb30da43f3e372e9a55e7af66aef2	k__Bacteria; p__Firmicutes; c__Clostridia; o__Clostridiales; f__Lachnospiraceae_[XIV]; g__Lachnoanaerobaculum	0.7609319860525117
2af9660d7fde34986ebf3bedc958eb37	k__Bacteria; p__Firmicutes; c__Clostridia; o__Clostridiales; f__Peptostreptococcaceae_[XI]; g__Mogibacterium	0.8756236536899367
2ea9a2269ed9283efa3fd9b8b0e852f5	k__Bacteria; p__Actinobacteria; c__Actinobacteria; o__Actinomycetales; f__Actinomycetaceae; g__Actinomyces; s__graevenitzii	0.9996649090605416
86fafc1fb452af46a902c56c37e22919	k__Bacteria; p__Firmicutes; c__Bacilli; o__Lactobacillales; f__Streptococcaceae; g__Streptococcus	0.9999997128972354
f404c78cb113d2765f64729547b602f2	k__Bacteria; p__Fusobacteria; c__Fusobacteriia; o__Fusobacteriales; f__Fusobacteriaceae; g__Fusobacterium	0.8585492544230025
208d095c30b93e0eb9716e03dfb3f563	k__Bacteria; p__Firmicutes; c__Clostridia; o__Clostridiales	0.9999999994833402
ef4c31447ff89b388c8bbff8e2159134	k__Bacteria; p__Bacteroidetes; c__Bacteroidia; o__Bacteroidales; f__Prevotellaceae; g__Prevotella; s__salivae	0.9264041692025541
864a9817e28b7faa3bb0b163047c352f	k__Bacteria; p__Actinobacteria; c__Coriobacteriia; o__Eggerthellales; f__Eggerthellaceae; g__Cryptobacterium; s__curtum	0.9999986641698198
3d5b5cfac9ad9da95e9336f7023e60bd	k__Bacteria; p__Firmicutes; c__Bacilli; o__Lactobacillales; f__Lactobacillaceae; g__Lactobacillus; s__crispatus	0.9213431209285322
e939102bddfb4057d8367129f8572f56	k__Bacteria; p__Spirochaetes; c__Spirochaetia; o__Spirochaetales; f__Spirochaetaceae; g__Treponema; s__maltophilum	0.8479253524884018
538f46cebb911ae9616818566a735bb8	k__Bacteria; p__Bacteroidetes; c__Flavobacteriia; o__Flavobacteriales; f__Flavobacteriaceae; g__Bergeyella; s__sp._oral_taxon_322	0.8983021404829369
fbf996369dcced7ac46051d21daade11	k__Bacteria; p__Firmicutes; c__Negativicutes; o__Selenomonadales; f__Veillonellaceae; g__Anaeroglobus; s__geminatus	0.9980762619004311
235ee909424d11b4d0e080a0d3ab43ba	k__Bacteria; p__Proteobacteria; c__Betaproteobacteria; o__Neisseriales; f__Neisseriaceae; g__Neisseria	0.994989782261342
48d5f60d29f1cfbcb3d2f2a87972b632	k__Bacteria; p__Firmicutes; c__Negativicutes; o__Selenomonadales; f__Veillonellaceae; g__Selenomonas	0.8527061206838954
b5b39095c6c81a95b0318870c3894175	k__Bacteria; p__Firmicutes; c__Bacilli; o__Lactobacillales; f__Streptococcaceae; g__Streptococcus	0.9999998787396724
0232a3ca2d9d8d1ad8ec1a7fe1a8a6a7	k__Bacteria; p__Firmicutes; c__Bacilli; o__Lactobacillales; f__Streptococcaceae; g__Streptococcus	0.9999929314612443
7d8deae5950e832c5905ad181db8d665	k__Bacteria; p__Bacteroidetes; c__Bacteroidia; o__Bacteroidales; f__Prevotellaceae; g__Prevotella	0.8354372401828852
cacf2d6f9ec1351d6b1109443bc4c05b	k__Bacteria; p__Firmicutes; c__Clostridia; o__Clostridiales; f__Peptostreptococcaceae_[XI]; g__Peptostreptococcaceae_[XI][G-2]; s__sp._oral_taxon_091	0.9999999587500819
7b436a878ae824e86cefb4396148f0ce	k__Bacteria; p__Firmicutes; c__Clostridia; o__Clostridiales; f__Peptostreptococcaceae_[XI]; g__Mogibacterium; s__timidum	0.9231167487028844
f84bc6691cfd01e166952c094094d3f6	k__Bacteria; p__Firmicutes; c__Clostridia; o__Clostridiales; f__Lachnospiraceae_[XIV]; g__Oribacterium; s__parvum	0.94139377395835
91c43a8c844b9ffc9a5cd46523f377df	k__Bacteria; p__Proteobacteria; c__Epsilonproteobacteria; o__Campylobacterales; f__Campylobacteraceae; g__Campylobacter; s__gracilis	0.8671290733663105
f50090a38200e832de6458af4d34bc4e	k__Bacteria; p__Fusobacteria; c__Fusobacteriia; o__Fusobacteriales; f__Leptotrichiaceae; g__Leptotrichia; s__sp._oral_taxon_417	0.8782905229014184
cf3ae1751ce6e914664c2c41bcba4325	k__Bacteria; p__Proteobacteria; c__Betaproteobacteria; o__Neisseriales; f__Neisseriaceae; g__Neisseria	0.8233268673591703
f373621038538074afe5d632b4f3b3d8	k__Bacteria; p__Firmicutes; c__Clostridia; o__Clostridiales; f__Lachnospiraceae_[XIV]; g__Lachnospiraceae_[G-3]; s__sp._oral_taxon_100	0.9999999744196945
a8b1a2d7b91592933d0999b1b57ea740	k__Bacteria; p__Firmicutes; c__Negativicutes; o__Selenomonadales; f__Veillonellaceae; g__Veillonella; s__sp._oral_taxon_780	0.9819050251881775
9e1b0b8216f9dde6bce5c7b50e5ab88f	k__Bacteria; p__Synergistetes; c__Synergistia; o__Synergistales; f__Synergistaceae; g__Fretibacterium	0.9848098614337064
654bff2eec5075acdb25a00793d0b876	k__Bacteria; p__Firmicutes; c__Clostridia; o__Clostridiales; f__Ruminococcaceae; g__Ruminococcaceae_[G-2]; s__sp._oral_taxon_085	0.9995760465357112
9b708dacc2a7aed8d56763915c2300f6	k__Bacteria; p__TM7; c__TM7-3; o__; f__; g__; s__	0.9922709318951082
d84e30fb353345525b83f55cdb0eaa6b	k__Bacteria; p__Firmicutes; c__Bacilli; o__Lactobacillales; f__Enterococcaceae; g__Enterococcus	0.8701734044268044
46a980a02415d31af545ab4bf4c81ad1	k__Bacteria; p__Spirochaetes; c__Spirochaetia; o__Spirochaetales; f__Spirochaetaceae; g__Treponema; s__parvum	0.9999999592361498
a87d7d8da10beea4682b13104cec507c	k__Bacteria; p__Firmicutes; c__Clostridia; o__Clostridiales; f__Lachnospiraceae_[XIV]; g__Oribacterium; s__sp._oral_taxon_102	0.9265801843476754
f1fa9429e32254c58f358855d476992a	k__Bacteria; p__Firmicutes; c__Clostridia; o__Clostridiales; f__IncertaeSedisXI; g__Peptoniphilus; s__harei	0.9829379676709412
df26377ed31322093fe71678dbbb66a1	k__Bacteria; p__Bacteroidetes; c__Bacteroidia; o__Bacteroidales; f__Prevotellaceae; g__Prevotella	0.9962601513419114
3e31dc06690596c68b80ac67c0f4d2af	k__Bacteria; p__Firmicutes; c__Negativicutes; o__Selenomonadales; f__Veillonellaceae; g__Veillonellaceae_[G-1]	0.9764579567860101
4c4bc8e82e4c71c775c5c023ea54f014	k__Bacteria; p__Proteobacteria; c__Gammaproteobacteria; o__Pasteurellales; f__Pasteurellaceae; g__Haemophilus	0.7279315604083292
f1fae229cf2367111a6104fdd60a9f60	Unassigned	0.9264408558347592
05aea353f0a478c7f89e94a4a5a69ce5	k__Bacteria; p__Firmicutes; c__Bacilli; o__Lactobacillales; f__Streptococcaceae; g__Streptococcus	0.9999997546475143
b4f6ec7309f4bd203e068c7b040be53f	k__Bacteria; p__Firmicutes; c__Clostridia; o__Clostridiales; f__Peptostreptococcaceae_[XI]; g__Peptostreptococcaceae_[XI][G-1]; s__[Eubacterium]_infirmum	0.8653462711518894
a212606fe5451d77144fa7ba0e1f686f	k__Bacteria; p__Firmicutes; c__Clostridia; o__Clostridiales; f__Lachnospiraceae_[XIV]; g__Lachnoanaerobaculum	0.7725708144671517
ec522e8f70f11110c0e4ffbaeff40a2c	k__Bacteria; p__Actinobacteria; c__Actinobacteria; o__Actinomycetales; f__Micrococcaceae; g__Rothia; s__	0.9173305516854889
2bb0205608e267a0c2a4063b362fc991	k__Bacteria; p__Bacteroidetes; c__Bacteroidia; o__Bacteroidales; f__Porphyromonadaceae; g__Porphyromonas; s__uenonis	0.7223292943512425
66ca0f9dddbcfc0be627c6c4b020d709	k__Bacteria; p__Firmicutes; c__Bacilli; o__Lactobacillales; f__Streptococcaceae; g__Streptococcus	0.9999960545100441
75e803717930cc7b4cae381e1de9c592	k__Bacteria; p__Bacteroidetes; c__Bacteroidetes_[C-1]; o__Bacteroidetes_[O-1]; f__Bacteroidetes_[F-1]; g__Bacteroidetes_[G-5]; s__sp._oral_taxon_511	0.9999244753430765
606c3cba6b535191db9a73de20bcf9c9	k__Bacteria; p__Saccharibacteria_(TM7); c__TM7_[C-1]; o__TM7_[O-1]; f__TM7_[F-1]; g__TM7_[G-1]; s__sp._oral_taxon_347	0.9586422954657889
a380ace29715418db1eca31c5b9b136c	k__Bacteria; p__Bacteroidetes; c__Bacteroidia; o__Bacteroidales; f__Prevotellaceae; g__Alloprevotella; s__rava	0.9999759953183148
4d9e15a612e75f7f9f806827b8843040	k__Bacteria; p__Bacteroidetes; c__Bacteroidia; o__Bacteroidales; f__Prevotellaceae; g__Prevotella	0.9999994644414751
0657c03d088f3353eb31313894cdaabe	k__Bacteria; p__Firmicutes; c__Bacilli; o__Lactobacillales; f__Streptococcaceae; g__Streptococcus	0.9995672987300221
2bb2871a764fc3747e59d53c721bc96e	k__Bacteria; p__Proteobacteria; c__Gammaproteobacteria; o__Pseudomonadales; f__Moraxellaceae; g__Acinetobacter; s__lwoffii	0.8969070511527475
3aa04c3f85ab0a51cd4f6e31c78b1832	k__Bacteria; p__Bacteroidetes; c__Bacteroidia; o__Bacteroidales; f__Porphyromonadaceae; g__Porphyromonas; s__sp._oral_taxon_930	0.9985807831866963
ead834470d6ef3a7f6508e202c9c0f84	k__Bacteria; p__Firmicutes; c__Bacilli; o__Lactobacillales; f__Streptococcaceae; g__Streptococcus	0.999999931769872
7a05d9219dcf21dafb35ae1d04f6840c	k__Bacteria; p__Bacteroidetes; c__Bacteroidia; o__Bacteroidales; f__Prevotellaceae; g__Alloprevotella; s__sp._oral_taxon_914	0.864671388646124
6d2cb3f88fc469d65ed279b18fd40a44	k__Bacteria; p__Bacteroidetes; c__Flavobacteriia; o__Flavobacteriales; f__Flavobacteriaceae; g__Capnocytophaga; s__leadbetteri	0.9734534146588718
676c98aacb4cd53bd8cca5f98759a97f	k__Bacteria; p__Bacteroidetes; c__Bacteroidia; o__Bacteroidales; f__Prevotellaceae; g__Prevotella; s__dentalis	0.9999999652678616
